{"temp": 0.75, "batch": 54, "attempt": 1, "status": "error", "err": "Falha após 4 tentativas: Request timed out."}
{"temp": 0.75, "batch": 123, "attempt": 1, "status": "error", "err": "Falha após 4 tentativas: Request timed out."}
{"temp": 0.75, "batch": 130, "attempt": 1, "status": "error", "err": "Falha após 4 tentativas: Request timed out."}
{"temp": 0.75, "batch": 193, "attempt": 3, "status": "error", "err": "Falha após 4 tentativas: Request timed out."}
{"temp": 0.75, "batch": 1, "attempt": 1, "status": "error", "err": "Falha após 4 tentativas: Error code: 400 - {'error': {'message': \"Unsupported value: 'temperature' does not support 0.75 with this model. Only the default (1) value is supported.\", 'type': 'invalid_request_error', 'param': 'temperature', 'code': 'unsupported_value'}}"}
{"temp": 0.75, "batch": 1, "attempt": 2, "status": "error", "err": "Falha após 4 tentativas: Error code: 400 - {'error': {'message': \"Unsupported value: 'temperature' does not support 0.75 with this model. Only the default (1) value is supported.\", 'type': 'invalid_request_error', 'param': 'temperature', 'code': 'unsupported_value'}}"}
{"temp": 0.75, "batch": 1, "attempt": 3, "status": "error", "err": "Falha após 4 tentativas: Error code: 400 - {'error': {'message': \"Unsupported value: 'temperature' does not support 0.75 with this model. Only the default (1) value is supported.\", 'type': 'invalid_request_error', 'param': 'temperature', 'code': 'unsupported_value'}}"}
{"temp": 0.75, "batch": 1, "id": "P001720", "status": "single_error", "err": "Falha após 4 tentativas: Error code: 400 - {'error': {'message': \"Unsupported value: 'temperature' does not support 0.75 with this model. Only the default (1) value is supported.\", 'type': 'invalid_request_error', 'param': 'temperature', 'code': 'unsupported_value'}}"}
{"temp": 0.75, "batch": 1, "id": "P001720", "status": "single_error", "err": "Falha após 4 tentativas: Error code: 400 - {'error': {'message': \"Unsupported value: 'temperature' does not support 0.75 with this model. Only the default (1) value is supported.\", 'type': 'invalid_request_error', 'param': 'temperature', 'code': 'unsupported_value'}}"}
{"temp": 0.75, "batch": 1, "id": "P001720", "status": "single_failed"}
{"temp": 0.75, "batch": 1, "id": "P003429", "status": "single_error", "err": "Falha após 4 tentativas: Error code: 400 - {'error': {'message': \"Unsupported value: 'temperature' does not support 0.75 with this model. Only the default (1) value is supported.\", 'type': 'invalid_request_error', 'param': 'temperature', 'code': 'unsupported_value'}}"}
{"temp": 0.75, "batch": 1, "id": "P003429", "status": "single_error", "err": "Falha após 4 tentativas: Error code: 400 - {'error': {'message': \"Unsupported value: 'temperature' does not support 0.75 with this model. Only the default (1) value is supported.\", 'type': 'invalid_request_error', 'param': 'temperature', 'code': 'unsupported_value'}}"}
{"temp": 0.75, "batch": 1, "id": "P003429", "status": "single_failed"}
{"temp": 0.75, "batch": 1, "id": "P000794", "status": "single_error", "err": "Falha após 4 tentativas: Error code: 400 - {'error': {'message': \"Unsupported value: 'temperature' does not support 0.75 with this model. Only the default (1) value is supported.\", 'type': 'invalid_request_error', 'param': 'temperature', 'code': 'unsupported_value'}}"}
{"temp": 0.75, "batch": 1, "id": "P000794", "status": "single_error", "err": "Falha após 4 tentativas: Error code: 400 - {'error': {'message': \"Unsupported value: 'temperature' does not support 0.75 with this model. Only the default (1) value is supported.\", 'type': 'invalid_request_error', 'param': 'temperature', 'code': 'unsupported_value'}}"}
{"temp": 0.75, "batch": 1, "id": "P000794", "status": "single_failed"}
{"temp": 0.75, "batch": 1, "id": "P000009", "status": "single_error", "err": "Falha após 4 tentativas: Error code: 400 - {'error': {'message': \"Unsupported value: 'temperature' does not support 0.75 with this model. Only the default (1) value is supported.\", 'type': 'invalid_request_error', 'param': 'temperature', 'code': 'unsupported_value'}}"}
{"temp": 0.75, "batch": 1, "id": "P000009", "status": "single_error", "err": "Falha após 4 tentativas: Error code: 400 - {'error': {'message': \"Unsupported value: 'temperature' does not support 0.75 with this model. Only the default (1) value is supported.\", 'type': 'invalid_request_error', 'param': 'temperature', 'code': 'unsupported_value'}}"}
{"temp": 0.75, "batch": 1, "id": "P000009", "status": "single_failed"}
{"temp": 0.75, "batch": 1, "id": "P001891", "status": "single_error", "err": "Falha após 4 tentativas: Error code: 400 - {'error': {'message': \"Unsupported value: 'temperature' does not support 0.75 with this model. Only the default (1) value is supported.\", 'type': 'invalid_request_error', 'param': 'temperature', 'code': 'unsupported_value'}}"}
{"temp": 0.75, "batch": 1, "id": "P001891", "status": "single_error", "err": "Falha após 4 tentativas: Error code: 400 - {'error': {'message': \"Unsupported value: 'temperature' does not support 0.75 with this model. Only the default (1) value is supported.\", 'type': 'invalid_request_error', 'param': 'temperature', 'code': 'unsupported_value'}}"}
{"temp": 0.75, "batch": 1, "id": "P001891", "status": "single_failed"}
{"temp": 0.75, "batch": 1, "id": "P005648", "status": "single_error", "err": "Falha após 4 tentativas: Error code: 400 - {'error': {'message': \"Unsupported value: 'temperature' does not support 0.75 with this model. Only the default (1) value is supported.\", 'type': 'invalid_request_error', 'param': 'temperature', 'code': 'unsupported_value'}}"}
{"temp": 0.75, "batch": 1, "id": "P005648", "status": "single_error", "err": "Falha após 4 tentativas: Error code: 400 - {'error': {'message': \"Unsupported value: 'temperature' does not support 0.75 with this model. Only the default (1) value is supported.\", 'type': 'invalid_request_error', 'param': 'temperature', 'code': 'unsupported_value'}}"}
{"temp": 0.75, "batch": 1, "id": "P005648", "status": "single_failed"}
{"temp": 0.75, "batch": 1, "id": "P006375", "status": "single_error", "err": "Falha após 4 tentativas: Error code: 400 - {'error': {'message': \"Unsupported value: 'temperature' does not support 0.75 with this model. Only the default (1) value is supported.\", 'type': 'invalid_request_error', 'param': 'temperature', 'code': 'unsupported_value'}}"}
{"temp": 0.75, "batch": 1, "id": "P006375", "status": "single_error", "err": "Falha após 4 tentativas: Error code: 400 - {'error': {'message': \"Unsupported value: 'temperature' does not support 0.75 with this model. Only the default (1) value is supported.\", 'type': 'invalid_request_error', 'param': 'temperature', 'code': 'unsupported_value'}}"}
{"temp": 0.75, "batch": 1, "id": "P006375", "status": "single_failed"}
{"temp": 0.75, "batch": 1, "id": "P001209", "status": "single_error", "err": "Falha após 4 tentativas: Error code: 400 - {'error': {'message': \"Unsupported value: 'temperature' does not support 0.75 with this model. Only the default (1) value is supported.\", 'type': 'invalid_request_error', 'param': 'temperature', 'code': 'unsupported_value'}}"}
{"temp": 0.75, "batch": 1, "id": "P001209", "status": "single_error", "err": "Falha após 4 tentativas: Error code: 400 - {'error': {'message': \"Unsupported value: 'temperature' does not support 0.75 with this model. Only the default (1) value is supported.\", 'type': 'invalid_request_error', 'param': 'temperature', 'code': 'unsupported_value'}}"}
{"temp": 0.75, "batch": 1, "id": "P001209", "status": "single_failed"}
{"temp": 0.75, "batch": 1, "id": "P007238", "status": "single_error", "err": "Falha após 4 tentativas: Error code: 400 - {'error': {'message': \"Unsupported value: 'temperature' does not support 0.75 with this model. Only the default (1) value is supported.\", 'type': 'invalid_request_error', 'param': 'temperature', 'code': 'unsupported_value'}}"}
{"temp": 0.75, "batch": 1, "id": "P007238", "status": "single_error", "err": "Falha após 4 tentativas: Error code: 400 - {'error': {'message': \"Unsupported value: 'temperature' does not support 0.75 with this model. Only the default (1) value is supported.\", 'type': 'invalid_request_error', 'param': 'temperature', 'code': 'unsupported_value'}}"}
{"temp": 0.75, "batch": 1, "id": "P007238", "status": "single_failed"}
{"temp": 0.75, "batch": 1, "id": "P002187", "status": "single_error", "err": "Falha após 4 tentativas: Error code: 400 - {'error': {'message': \"Unsupported value: 'temperature' does not support 0.75 with this model. Only the default (1) value is supported.\", 'type': 'invalid_request_error', 'param': 'temperature', 'code': 'unsupported_value'}}"}
{"temp": 0.75, "batch": 1, "id": "P002187", "status": "single_error", "err": "Falha após 4 tentativas: Error code: 400 - {'error': {'message': \"Unsupported value: 'temperature' does not support 0.75 with this model. Only the default (1) value is supported.\", 'type': 'invalid_request_error', 'param': 'temperature', 'code': 'unsupported_value'}}"}
{"temp": 0.75, "batch": 1, "id": "P002187", "status": "single_failed"}
{"temp": 0.75, "batch": 1, "id": "P010570", "status": "single_error", "err": "Falha após 4 tentativas: Error code: 400 - {'error': {'message': \"Unsupported value: 'temperature' does not support 0.75 with this model. Only the default (1) value is supported.\", 'type': 'invalid_request_error', 'param': 'temperature', 'code': 'unsupported_value'}}"}
{"temp": 0.75, "batch": 1, "id": "P010570", "status": "single_error", "err": "Falha após 4 tentativas: Error code: 400 - {'error': {'message': \"Unsupported value: 'temperature' does not support 0.75 with this model. Only the default (1) value is supported.\", 'type': 'invalid_request_error', 'param': 'temperature', 'code': 'unsupported_value'}}"}
{"temp": 0.75, "batch": 1, "id": "P010570", "status": "single_failed"}
{"temp": 0.75, "batch": 1, "id": "P009931", "status": "single_error", "err": "Falha após 4 tentativas: Error code: 400 - {'error': {'message': \"Unsupported value: 'temperature' does not support 0.75 with this model. Only the default (1) value is supported.\", 'type': 'invalid_request_error', 'param': 'temperature', 'code': 'unsupported_value'}}"}
{"temp": 0.75, "batch": 1, "id": "P009931", "status": "single_error", "err": "Falha após 4 tentativas: Error code: 400 - {'error': {'message': \"Unsupported value: 'temperature' does not support 0.75 with this model. Only the default (1) value is supported.\", 'type': 'invalid_request_error', 'param': 'temperature', 'code': 'unsupported_value'}}"}
{"temp": 0.75, "batch": 1, "id": "P009931", "status": "single_failed"}
{"temp": 0.75, "batch": 2, "attempt": 1, "status": "error", "err": "Falha após 4 tentativas: Error code: 400 - {'error': {'message': \"Unsupported value: 'temperature' does not support 0.75 with this model. Only the default (1) value is supported.\", 'type': 'invalid_request_error', 'param': 'temperature', 'code': 'unsupported_value'}}"}
{"temp": 0.75, "batch": 2, "attempt": 2, "status": "error", "err": "Falha após 4 tentativas: Error code: 400 - {'error': {'message': \"Unsupported value: 'temperature' does not support 0.75 with this model. Only the default (1) value is supported.\", 'type': 'invalid_request_error', 'param': 'temperature', 'code': 'unsupported_value'}}"}
{"temp": 0.75, "batch": 2, "attempt": 3, "status": "error", "err": "Falha após 4 tentativas: Error code: 400 - {'error': {'message': \"Unsupported value: 'temperature' does not support 0.75 with this model. Only the default (1) value is supported.\", 'type': 'invalid_request_error', 'param': 'temperature', 'code': 'unsupported_value'}}"}
{"temp": 0.75, "batch": 2, "id": "P003828", "status": "single_error", "err": "Falha após 4 tentativas: Error code: 400 - {'error': {'message': \"Unsupported value: 'temperature' does not support 0.75 with this model. Only the default (1) value is supported.\", 'type': 'invalid_request_error', 'param': 'temperature', 'code': 'unsupported_value'}}"}
{"temp": 0.75, "batch": 2, "id": "P003828", "status": "single_error", "err": "Falha após 4 tentativas: Error code: 400 - {'error': {'message': \"Unsupported value: 'temperature' does not support 0.75 with this model. Only the default (1) value is supported.\", 'type': 'invalid_request_error', 'param': 'temperature', 'code': 'unsupported_value'}}"}
{"temp": 0.75, "batch": 2, "id": "P003828", "status": "single_failed"}
{"temp": 0.75, "batch": 2, "id": "P009437", "status": "single_error", "err": "Falha após 4 tentativas: Error code: 400 - {'error': {'message': \"Unsupported value: 'temperature' does not support 0.75 with this model. Only the default (1) value is supported.\", 'type': 'invalid_request_error', 'param': 'temperature', 'code': 'unsupported_value'}}"}
{"temp": 0.75, "batch": 2, "id": "P009437", "status": "single_error", "err": "Falha após 4 tentativas: Error code: 400 - {'error': {'message': \"Unsupported value: 'temperature' does not support 0.75 with this model. Only the default (1) value is supported.\", 'type': 'invalid_request_error', 'param': 'temperature', 'code': 'unsupported_value'}}"}
{"temp": 0.75, "batch": 2, "id": "P009437", "status": "single_failed"}
{"temp": 0.75, "batch": 2, "id": "P003825", "status": "single_error", "err": "Falha após 4 tentativas: Error code: 400 - {'error': {'message': \"Unsupported value: 'temperature' does not support 0.75 with this model. Only the default (1) value is supported.\", 'type': 'invalid_request_error', 'param': 'temperature', 'code': 'unsupported_value'}}"}
{"temp": 0.75, "batch": 2, "id": "P003825", "status": "single_error", "err": "Falha após 4 tentativas: Error code: 400 - {'error': {'message': \"Unsupported value: 'temperature' does not support 0.75 with this model. Only the default (1) value is supported.\", 'type': 'invalid_request_error', 'param': 'temperature', 'code': 'unsupported_value'}}"}
{"temp": 0.75, "batch": 2, "id": "P003825", "status": "single_failed"}
{"temp": 0.75, "batch": 2, "id": "P003114", "status": "single_error", "err": "Falha após 4 tentativas: Error code: 400 - {'error': {'message': \"Unsupported value: 'temperature' does not support 0.75 with this model. Only the default (1) value is supported.\", 'type': 'invalid_request_error', 'param': 'temperature', 'code': 'unsupported_value'}}"}
{"temp": 0.75, "batch": 2, "id": "P003114", "status": "single_error", "err": "Falha após 4 tentativas: Error code: 400 - {'error': {'message': \"Unsupported value: 'temperature' does not support 0.75 with this model. Only the default (1) value is supported.\", 'type': 'invalid_request_error', 'param': 'temperature', 'code': 'unsupported_value'}}"}
{"temp": 0.75, "batch": 2, "id": "P003114", "status": "single_failed"}
{"temp": 0.75, "batch": 2, "id": "P008203", "status": "single_error", "err": "Falha após 4 tentativas: Error code: 400 - {'error': {'message': \"Unsupported value: 'temperature' does not support 0.75 with this model. Only the default (1) value is supported.\", 'type': 'invalid_request_error', 'param': 'temperature', 'code': 'unsupported_value'}}"}
{"temp": 0.75, "batch": 2, "id": "P008203", "status": "single_error", "err": "Falha após 4 tentativas: Error code: 400 - {'error': {'message': \"Unsupported value: 'temperature' does not support 0.75 with this model. Only the default (1) value is supported.\", 'type': 'invalid_request_error', 'param': 'temperature', 'code': 'unsupported_value'}}"}
{"temp": 0.75, "batch": 2, "id": "P008203", "status": "single_failed"}
{"temp": 0.75, "batch": 2, "id": "P008598", "status": "single_error", "err": "Falha após 4 tentativas: Error code: 400 - {'error': {'message': \"Unsupported value: 'temperature' does not support 0.75 with this model. Only the default (1) value is supported.\", 'type': 'invalid_request_error', 'param': 'temperature', 'code': 'unsupported_value'}}"}
{"temp": 0.75, "batch": 2, "id": "P008598", "status": "single_error", "err": "Falha após 4 tentativas: Error code: 400 - {'error': {'message': \"Unsupported value: 'temperature' does not support 0.75 with this model. Only the default (1) value is supported.\", 'type': 'invalid_request_error', 'param': 'temperature', 'code': 'unsupported_value'}}"}
{"temp": 0.75, "batch": 2, "id": "P008598", "status": "single_failed"}
{"temp": 0.75, "batch": 2, "id": "P004843", "status": "single_error", "err": "Falha após 4 tentativas: Error code: 400 - {'error': {'message': \"Unsupported value: 'temperature' does not support 0.75 with this model. Only the default (1) value is supported.\", 'type': 'invalid_request_error', 'param': 'temperature', 'code': 'unsupported_value'}}"}
{"temp": 0.75, "batch": 2, "id": "P004843", "status": "single_error", "err": "Falha após 4 tentativas: Error code: 400 - {'error': {'message': \"Unsupported value: 'temperature' does not support 0.75 with this model. Only the default (1) value is supported.\", 'type': 'invalid_request_error', 'param': 'temperature', 'code': 'unsupported_value'}}"}
{"temp": 0.75, "batch": 2, "id": "P004843", "status": "single_failed"}
{"temp": 0.75, "batch": 2, "id": "P007065", "status": "single_error", "err": "Falha após 4 tentativas: Error code: 400 - {'error': {'message': \"Unsupported value: 'temperature' does not support 0.75 with this model. Only the default (1) value is supported.\", 'type': 'invalid_request_error', 'param': 'temperature', 'code': 'unsupported_value'}}"}
{"temp": 0.75, "batch": 2, "id": "P007065", "status": "single_error", "err": "Falha após 4 tentativas: Error code: 400 - {'error': {'message': \"Unsupported value: 'temperature' does not support 0.75 with this model. Only the default (1) value is supported.\", 'type': 'invalid_request_error', 'param': 'temperature', 'code': 'unsupported_value'}}"}
{"temp": 0.75, "batch": 2, "id": "P007065", "status": "single_failed"}
{"temp": 0.75, "batch": 2, "id": "P006514", "status": "single_error", "err": "Falha após 4 tentativas: Error code: 400 - {'error': {'message': \"Unsupported value: 'temperature' does not support 0.75 with this model. Only the default (1) value is supported.\", 'type': 'invalid_request_error', 'param': 'temperature', 'code': 'unsupported_value'}}"}
{"temp": 0.75, "batch": 2, "id": "P006514", "status": "single_error", "err": "Falha após 4 tentativas: Error code: 400 - {'error': {'message': \"Unsupported value: 'temperature' does not support 0.75 with this model. Only the default (1) value is supported.\", 'type': 'invalid_request_error', 'param': 'temperature', 'code': 'unsupported_value'}}"}
{"temp": 0.75, "batch": 2, "id": "P006514", "status": "single_failed"}
{"temp": 0.75, "batch": 2, "id": "P000023", "status": "single_error", "err": "Falha após 4 tentativas: Error code: 400 - {'error': {'message': \"Unsupported value: 'temperature' does not support 0.75 with this model. Only the default (1) value is supported.\", 'type': 'invalid_request_error', 'param': 'temperature', 'code': 'unsupported_value'}}"}
{"temp": 0.75, "batch": 2, "id": "P000023", "status": "single_error", "err": "Falha após 4 tentativas: Error code: 400 - {'error': {'message': \"Unsupported value: 'temperature' does not support 0.75 with this model. Only the default (1) value is supported.\", 'type': 'invalid_request_error', 'param': 'temperature', 'code': 'unsupported_value'}}"}
{"temp": 0.75, "batch": 2, "id": "P000023", "status": "single_failed"}
{"temp": 0.75, "batch": 2, "id": "P001859", "status": "single_error", "err": "Falha após 4 tentativas: Error code: 400 - {'error': {'message': \"Unsupported value: 'temperature' does not support 0.75 with this model. Only the default (1) value is supported.\", 'type': 'invalid_request_error', 'param': 'temperature', 'code': 'unsupported_value'}}"}
{"temp": 0.75, "batch": 2, "id": "P001859", "status": "single_error", "err": "Falha após 4 tentativas: Error code: 400 - {'error': {'message': \"Unsupported value: 'temperature' does not support 0.75 with this model. Only the default (1) value is supported.\", 'type': 'invalid_request_error', 'param': 'temperature', 'code': 'unsupported_value'}}"}
{"temp": 0.75, "batch": 2, "id": "P001859", "status": "single_failed"}
{"temp": 0.75, "batch": 2, "id": "P007501", "status": "single_error", "err": "Falha após 4 tentativas: Error code: 400 - {'error': {'message': \"Unsupported value: 'temperature' does not support 0.75 with this model. Only the default (1) value is supported.\", 'type': 'invalid_request_error', 'param': 'temperature', 'code': 'unsupported_value'}}"}
{"temp": 0.75, "batch": 2, "id": "P007501", "status": "single_error", "err": "Falha após 4 tentativas: Error code: 400 - {'error': {'message': \"Unsupported value: 'temperature' does not support 0.75 with this model. Only the default (1) value is supported.\", 'type': 'invalid_request_error', 'param': 'temperature', 'code': 'unsupported_value'}}"}
{"temp": 0.75, "batch": 2, "id": "P007501", "status": "single_failed"}
{"temp": 0.75, "batch": 3, "attempt": 1, "status": "error", "err": "Falha após 4 tentativas: Error code: 400 - {'error': {'message': \"Unsupported value: 'temperature' does not support 0.75 with this model. Only the default (1) value is supported.\", 'type': 'invalid_request_error', 'param': 'temperature', 'code': 'unsupported_value'}}"}
{"temp": 0.75, "batch": 3, "attempt": 2, "status": "error", "err": "Falha após 4 tentativas: Error code: 400 - {'error': {'message': \"Unsupported value: 'temperature' does not support 0.75 with this model. Only the default (1) value is supported.\", 'type': 'invalid_request_error', 'param': 'temperature', 'code': 'unsupported_value'}}"}
{"temp": 0.75, "batch": 3, "attempt": 3, "status": "error", "err": "Falha após 4 tentativas: Error code: 400 - {'error': {'message': \"Unsupported value: 'temperature' does not support 0.75 with this model. Only the default (1) value is supported.\", 'type': 'invalid_request_error', 'param': 'temperature', 'code': 'unsupported_value'}}"}
{"temp": 0.75, "batch": 3, "id": "P001459", "status": "single_error", "err": "Falha após 4 tentativas: Error code: 400 - {'error': {'message': \"Unsupported value: 'temperature' does not support 0.75 with this model. Only the default (1) value is supported.\", 'type': 'invalid_request_error', 'param': 'temperature', 'code': 'unsupported_value'}}"}
{"temp": 0.75, "batch": 3, "id": "P001459", "status": "single_error", "err": "Falha após 4 tentativas: Error code: 400 - {'error': {'message': \"Unsupported value: 'temperature' does not support 0.75 with this model. Only the default (1) value is supported.\", 'type': 'invalid_request_error', 'param': 'temperature', 'code': 'unsupported_value'}}"}
{"temp": 0.75, "batch": 3, "id": "P001459", "status": "single_failed"}
{"temp": 0.75, "batch": 3, "id": "P005794", "status": "single_error", "err": "Falha após 4 tentativas: Error code: 400 - {'error': {'message': \"Unsupported value: 'temperature' does not support 0.75 with this model. Only the default (1) value is supported.\", 'type': 'invalid_request_error', 'param': 'temperature', 'code': 'unsupported_value'}}"}
{"temp": 0.75, "batch": 3, "id": "P005794", "status": "single_error", "err": "Falha após 4 tentativas: Error code: 400 - {'error': {'message': \"Unsupported value: 'temperature' does not support 0.75 with this model. Only the default (1) value is supported.\", 'type': 'invalid_request_error', 'param': 'temperature', 'code': 'unsupported_value'}}"}
{"temp": 0.75, "batch": 3, "id": "P005794", "status": "single_failed"}
{"temp": 0.75, "batch": 3, "id": "P005856", "status": "single_error", "err": "Falha após 4 tentativas: Error code: 400 - {'error': {'message': \"Unsupported value: 'temperature' does not support 0.75 with this model. Only the default (1) value is supported.\", 'type': 'invalid_request_error', 'param': 'temperature', 'code': 'unsupported_value'}}"}
{"temp": 0.75, "batch": 3, "id": "P005856", "status": "single_error", "err": "Falha após 4 tentativas: Error code: 400 - {'error': {'message': \"Unsupported value: 'temperature' does not support 0.75 with this model. Only the default (1) value is supported.\", 'type': 'invalid_request_error', 'param': 'temperature', 'code': 'unsupported_value'}}"}
{"temp": 0.75, "batch": 3, "id": "P005856", "status": "single_failed"}
{"temp": 0.75, "batch": 3, "id": "P000434", "status": "single_error", "err": "Falha após 4 tentativas: Error code: 400 - {'error': {'message': \"Unsupported value: 'temperature' does not support 0.75 with this model. Only the default (1) value is supported.\", 'type': 'invalid_request_error', 'param': 'temperature', 'code': 'unsupported_value'}}"}
{"temp": 0.75, "batch": 3, "id": "P000434", "status": "single_error", "err": "Falha após 4 tentativas: Error code: 400 - {'error': {'message': \"Unsupported value: 'temperature' does not support 0.75 with this model. Only the default (1) value is supported.\", 'type': 'invalid_request_error', 'param': 'temperature', 'code': 'unsupported_value'}}"}
{"temp": 0.75, "batch": 3, "id": "P000434", "status": "single_failed"}
{"temp": 0.75, "batch": 3, "id": "P010395", "status": "single_error", "err": "Falha após 4 tentativas: Error code: 400 - {'error': {'message': \"Unsupported value: 'temperature' does not support 0.75 with this model. Only the default (1) value is supported.\", 'type': 'invalid_request_error', 'param': 'temperature', 'code': 'unsupported_value'}}"}
{"temp": 0.75, "batch": 3, "id": "P010395", "status": "single_error", "err": "Falha após 4 tentativas: Error code: 400 - {'error': {'message': \"Unsupported value: 'temperature' does not support 0.75 with this model. Only the default (1) value is supported.\", 'type': 'invalid_request_error', 'param': 'temperature', 'code': 'unsupported_value'}}"}
{"temp": 0.75, "batch": 3, "id": "P010395", "status": "single_failed"}
{"temp": 0.75, "batch": 3, "id": "P001753", "status": "single_error", "err": "Falha após 4 tentativas: Error code: 400 - {'error': {'message': \"Unsupported value: 'temperature' does not support 0.75 with this model. Only the default (1) value is supported.\", 'type': 'invalid_request_error', 'param': 'temperature', 'code': 'unsupported_value'}}"}
{"temp": 0.75, "batch": 3, "id": "P001753", "status": "single_error", "err": "Falha após 4 tentativas: Error code: 400 - {'error': {'message': \"Unsupported value: 'temperature' does not support 0.75 with this model. Only the default (1) value is supported.\", 'type': 'invalid_request_error', 'param': 'temperature', 'code': 'unsupported_value'}}"}
{"temp": 0.75, "batch": 3, "id": "P001753", "status": "single_failed"}
{"temp": 0.75, "batch": 3, "id": "P008254", "status": "single_error", "err": "Falha após 4 tentativas: Error code: 400 - {'error': {'message': \"Unsupported value: 'temperature' does not support 0.75 with this model. Only the default (1) value is supported.\", 'type': 'invalid_request_error', 'param': 'temperature', 'code': 'unsupported_value'}}"}
{"temp": 0.75, "batch": 3, "id": "P008254", "status": "single_error", "err": "Falha após 4 tentativas: Error code: 400 - {'error': {'message': \"Unsupported value: 'temperature' does not support 0.75 with this model. Only the default (1) value is supported.\", 'type': 'invalid_request_error', 'param': 'temperature', 'code': 'unsupported_value'}}"}
{"temp": 0.75, "batch": 3, "id": "P008254", "status": "single_failed"}
{"temp": 0.75, "batch": 3, "id": "P001078", "status": "single_error", "err": "Falha após 4 tentativas: Error code: 400 - {'error': {'message': \"Unsupported value: 'temperature' does not support 0.75 with this model. Only the default (1) value is supported.\", 'type': 'invalid_request_error', 'param': 'temperature', 'code': 'unsupported_value'}}"}
{"temp": 0.75, "batch": 3, "id": "P001078", "status": "single_error", "err": "Falha após 4 tentativas: Error code: 400 - {'error': {'message': \"Unsupported value: 'temperature' does not support 0.75 with this model. Only the default (1) value is supported.\", 'type': 'invalid_request_error', 'param': 'temperature', 'code': 'unsupported_value'}}"}
{"temp": 0.75, "batch": 3, "id": "P001078", "status": "single_failed"}
{"temp": 0.75, "batch": 3, "id": "P002558", "status": "single_error", "err": "Falha após 4 tentativas: Error code: 400 - {'error': {'message': \"Unsupported value: 'temperature' does not support 0.75 with this model. Only the default (1) value is supported.\", 'type': 'invalid_request_error', 'param': 'temperature', 'code': 'unsupported_value'}}"}
{"temp": 0.75, "batch": 3, "id": "P002558", "status": "single_error", "err": "Falha após 4 tentativas: Error code: 400 - {'error': {'message': \"Unsupported value: 'temperature' does not support 0.75 with this model. Only the default (1) value is supported.\", 'type': 'invalid_request_error', 'param': 'temperature', 'code': 'unsupported_value'}}"}
{"temp": 0.75, "batch": 3, "id": "P002558", "status": "single_failed"}
{"temp": 0.75, "batch": 3, "id": "P000530", "status": "single_error", "err": "Falha após 4 tentativas: Error code: 400 - {'error': {'message': \"Unsupported value: 'temperature' does not support 0.75 with this model. Only the default (1) value is supported.\", 'type': 'invalid_request_error', 'param': 'temperature', 'code': 'unsupported_value'}}"}
{"temp": 0.75, "batch": 3, "id": "P000530", "status": "single_error", "err": "Falha após 4 tentativas: Error code: 400 - {'error': {'message': \"Unsupported value: 'temperature' does not support 0.75 with this model. Only the default (1) value is supported.\", 'type': 'invalid_request_error', 'param': 'temperature', 'code': 'unsupported_value'}}"}
{"temp": 0.75, "batch": 3, "id": "P000530", "status": "single_failed"}
{"temp": 0.75, "batch": 3, "id": "P009564", "status": "single_error", "err": "Falha após 4 tentativas: Error code: 400 - {'error': {'message': \"Unsupported value: 'temperature' does not support 0.75 with this model. Only the default (1) value is supported.\", 'type': 'invalid_request_error', 'param': 'temperature', 'code': 'unsupported_value'}}"}
{"temp": 0.75, "batch": 3, "id": "P009564", "status": "single_error", "err": "Falha após 4 tentativas: Error code: 400 - {'error': {'message': \"Unsupported value: 'temperature' does not support 0.75 with this model. Only the default (1) value is supported.\", 'type': 'invalid_request_error', 'param': 'temperature', 'code': 'unsupported_value'}}"}
{"temp": 0.75, "batch": 3, "id": "P009564", "status": "single_failed"}
{"temp": 0.75, "batch": 3, "id": "P010095", "status": "single_error", "err": "Falha após 4 tentativas: Error code: 400 - {'error': {'message': \"Unsupported value: 'temperature' does not support 0.75 with this model. Only the default (1) value is supported.\", 'type': 'invalid_request_error', 'param': 'temperature', 'code': 'unsupported_value'}}"}
{"temp": 0.75, "batch": 3, "id": "P010095", "status": "single_error", "err": "Falha após 4 tentativas: Error code: 400 - {'error': {'message': \"Unsupported value: 'temperature' does not support 0.75 with this model. Only the default (1) value is supported.\", 'type': 'invalid_request_error', 'param': 'temperature', 'code': 'unsupported_value'}}"}
{"temp": 0.75, "batch": 3, "id": "P010095", "status": "single_failed"}
{"temp": 0.75, "batch": 4, "attempt": 1, "status": "error", "err": "Falha após 4 tentativas: Error code: 400 - {'error': {'message': \"Unsupported value: 'temperature' does not support 0.75 with this model. Only the default (1) value is supported.\", 'type': 'invalid_request_error', 'param': 'temperature', 'code': 'unsupported_value'}}"}
{"temp": 0.75, "batch": 4, "attempt": 2, "status": "error", "err": "Falha após 4 tentativas: Error code: 400 - {'error': {'message': \"Unsupported value: 'temperature' does not support 0.75 with this model. Only the default (1) value is supported.\", 'type': 'invalid_request_error', 'param': 'temperature', 'code': 'unsupported_value'}}"}
{"temp": 0.75, "batch": 4, "attempt": 3, "status": "error", "err": "Falha após 4 tentativas: Error code: 400 - {'error': {'message': \"Unsupported value: 'temperature' does not support 0.75 with this model. Only the default (1) value is supported.\", 'type': 'invalid_request_error', 'param': 'temperature', 'code': 'unsupported_value'}}"}
{"temp": 0.75, "batch": 4, "id": "P003773", "status": "single_error", "err": "Falha após 4 tentativas: Error code: 400 - {'error': {'message': \"Unsupported value: 'temperature' does not support 0.75 with this model. Only the default (1) value is supported.\", 'type': 'invalid_request_error', 'param': 'temperature', 'code': 'unsupported_value'}}"}
{"temp": 0.75, "batch": 4, "id": "P003773", "status": "single_error", "err": "Falha após 4 tentativas: Error code: 400 - {'error': {'message': \"Unsupported value: 'temperature' does not support 0.75 with this model. Only the default (1) value is supported.\", 'type': 'invalid_request_error', 'param': 'temperature', 'code': 'unsupported_value'}}"}
{"temp": 0.75, "batch": 4, "id": "P003773", "status": "single_failed"}
{"temp": 0.75, "batch": 4, "id": "P002050", "status": "single_error", "err": "Falha após 4 tentativas: Error code: 400 - {'error': {'message': \"Unsupported value: 'temperature' does not support 0.75 with this model. Only the default (1) value is supported.\", 'type': 'invalid_request_error', 'param': 'temperature', 'code': 'unsupported_value'}}"}
{"temp": 0.75, "batch": 4, "id": "P002050", "status": "single_error", "err": "Falha após 4 tentativas: Error code: 400 - {'error': {'message': \"Unsupported value: 'temperature' does not support 0.75 with this model. Only the default (1) value is supported.\", 'type': 'invalid_request_error', 'param': 'temperature', 'code': 'unsupported_value'}}"}
{"temp": 0.75, "batch": 4, "id": "P002050", "status": "single_failed"}
{"temp": 0.75, "batch": 4, "id": "P004702", "status": "single_error", "err": "Falha após 4 tentativas: Error code: 400 - {'error': {'message': \"Unsupported value: 'temperature' does not support 0.75 with this model. Only the default (1) value is supported.\", 'type': 'invalid_request_error', 'param': 'temperature', 'code': 'unsupported_value'}}"}
{"temp": 0.75, "batch": 4, "id": "P004702", "status": "single_error", "err": "Falha após 4 tentativas: Error code: 400 - {'error': {'message': \"Unsupported value: 'temperature' does not support 0.75 with this model. Only the default (1) value is supported.\", 'type': 'invalid_request_error', 'param': 'temperature', 'code': 'unsupported_value'}}"}
{"temp": 0.75, "batch": 4, "id": "P004702", "status": "single_failed"}
{"temp": 0.75, "batch": 4, "id": "P006354", "status": "single_error", "err": "Falha após 4 tentativas: Error code: 400 - {'error': {'message': \"Unsupported value: 'temperature' does not support 0.75 with this model. Only the default (1) value is supported.\", 'type': 'invalid_request_error', 'param': 'temperature', 'code': 'unsupported_value'}}"}
{"temp": 0.75, "batch": 4, "id": "P006354", "status": "single_error", "err": "Falha após 4 tentativas: Error code: 400 - {'error': {'message': \"Unsupported value: 'temperature' does not support 0.75 with this model. Only the default (1) value is supported.\", 'type': 'invalid_request_error', 'param': 'temperature', 'code': 'unsupported_value'}}"}
{"temp": 0.75, "batch": 4, "id": "P006354", "status": "single_failed"}
{"temp": 0.75, "batch": 4, "id": "P004117", "status": "single_error", "err": "Falha após 4 tentativas: Error code: 400 - {'error': {'message': \"Unsupported value: 'temperature' does not support 0.75 with this model. Only the default (1) value is supported.\", 'type': 'invalid_request_error', 'param': 'temperature', 'code': 'unsupported_value'}}"}
{"temp": 0.75, "batch": 4, "id": "P004117", "status": "single_error", "err": "Falha após 4 tentativas: Error code: 400 - {'error': {'message': \"Unsupported value: 'temperature' does not support 0.75 with this model. Only the default (1) value is supported.\", 'type': 'invalid_request_error', 'param': 'temperature', 'code': 'unsupported_value'}}"}
{"temp": 0.75, "batch": 4, "id": "P004117", "status": "single_failed"}
{"temp": 0.75, "batch": 4, "id": "P010392", "status": "single_error", "err": "Falha após 4 tentativas: Error code: 400 - {'error': {'message': \"Unsupported value: 'temperature' does not support 0.75 with this model. Only the default (1) value is supported.\", 'type': 'invalid_request_error', 'param': 'temperature', 'code': 'unsupported_value'}}"}
{"temp": 0.75, "batch": 4, "id": "P010392", "status": "single_error", "err": "Falha após 4 tentativas: Error code: 400 - {'error': {'message': \"Unsupported value: 'temperature' does not support 0.75 with this model. Only the default (1) value is supported.\", 'type': 'invalid_request_error', 'param': 'temperature', 'code': 'unsupported_value'}}"}
{"temp": 0.75, "batch": 4, "id": "P010392", "status": "single_failed"}
{"temp": 0.75, "batch": 4, "id": "P005848", "status": "single_error", "err": "Falha após 4 tentativas: Error code: 400 - {'error': {'message': \"Unsupported value: 'temperature' does not support 0.75 with this model. Only the default (1) value is supported.\", 'type': 'invalid_request_error', 'param': 'temperature', 'code': 'unsupported_value'}}"}
{"temp": 0.75, "batch": 4, "id": "P005848", "status": "single_error", "err": "Falha após 4 tentativas: Error code: 400 - {'error': {'message': \"Unsupported value: 'temperature' does not support 0.75 with this model. Only the default (1) value is supported.\", 'type': 'invalid_request_error', 'param': 'temperature', 'code': 'unsupported_value'}}"}
{"temp": 0.75, "batch": 4, "id": "P005848", "status": "single_failed"}
{"temp": 0.75, "batch": 4, "id": "P007149", "status": "single_error", "err": "Falha após 4 tentativas: Error code: 400 - {'error': {'message': \"Unsupported value: 'temperature' does not support 0.75 with this model. Only the default (1) value is supported.\", 'type': 'invalid_request_error', 'param': 'temperature', 'code': 'unsupported_value'}}"}
{"temp": 0.75, "batch": 4, "id": "P007149", "status": "single_error", "err": "Falha após 4 tentativas: Error code: 400 - {'error': {'message': \"Unsupported value: 'temperature' does not support 0.75 with this model. Only the default (1) value is supported.\", 'type': 'invalid_request_error', 'param': 'temperature', 'code': 'unsupported_value'}}"}
{"temp": 0.75, "batch": 4, "id": "P007149", "status": "single_failed"}
{"temp": 0.75, "batch": 4, "id": "P002969", "status": "single_error", "err": "Falha após 4 tentativas: Error code: 400 - {'error': {'message': \"Unsupported value: 'temperature' does not support 0.75 with this model. Only the default (1) value is supported.\", 'type': 'invalid_request_error', 'param': 'temperature', 'code': 'unsupported_value'}}"}
{"temp": 0.75, "batch": 4, "id": "P002969", "status": "single_error", "err": "Falha após 4 tentativas: Error code: 400 - {'error': {'message': \"Unsupported value: 'temperature' does not support 0.75 with this model. Only the default (1) value is supported.\", 'type': 'invalid_request_error', 'param': 'temperature', 'code': 'unsupported_value'}}"}
{"temp": 0.75, "batch": 4, "id": "P002969", "status": "single_failed"}
{"temp": 0.75, "batch": 4, "id": "P000056", "status": "single_error", "err": "Falha após 4 tentativas: Error code: 400 - {'error': {'message': \"Unsupported value: 'temperature' does not support 0.75 with this model. Only the default (1) value is supported.\", 'type': 'invalid_request_error', 'param': 'temperature', 'code': 'unsupported_value'}}"}
{"temp": 0.75, "batch": 4, "id": "P000056", "status": "single_error", "err": "Falha após 4 tentativas: Error code: 400 - {'error': {'message': \"Unsupported value: 'temperature' does not support 0.75 with this model. Only the default (1) value is supported.\", 'type': 'invalid_request_error', 'param': 'temperature', 'code': 'unsupported_value'}}"}
{"temp": 0.75, "batch": 4, "id": "P000056", "status": "single_failed"}
{"temp": 0.75, "batch": 4, "id": "P002958", "status": "single_error", "err": "Falha após 4 tentativas: Error code: 400 - {'error': {'message': \"Unsupported value: 'temperature' does not support 0.75 with this model. Only the default (1) value is supported.\", 'type': 'invalid_request_error', 'param': 'temperature', 'code': 'unsupported_value'}}"}
{"temp": 0.75, "batch": 4, "id": "P002958", "status": "single_error", "err": "Falha após 4 tentativas: Error code: 400 - {'error': {'message': \"Unsupported value: 'temperature' does not support 0.75 with this model. Only the default (1) value is supported.\", 'type': 'invalid_request_error', 'param': 'temperature', 'code': 'unsupported_value'}}"}
{"temp": 0.75, "batch": 4, "id": "P002958", "status": "single_failed"}
{"temp": 0.75, "batch": 4, "id": "P007015", "status": "single_error", "err": "Falha após 4 tentativas: Error code: 400 - {'error': {'message': \"Unsupported value: 'temperature' does not support 0.75 with this model. Only the default (1) value is supported.\", 'type': 'invalid_request_error', 'param': 'temperature', 'code': 'unsupported_value'}}"}
{"temp": 0.75, "batch": 4, "id": "P007015", "status": "single_error", "err": "Falha após 4 tentativas: Error code: 400 - {'error': {'message': \"Unsupported value: 'temperature' does not support 0.75 with this model. Only the default (1) value is supported.\", 'type': 'invalid_request_error', 'param': 'temperature', 'code': 'unsupported_value'}}"}
{"temp": 0.75, "batch": 4, "id": "P007015", "status": "single_failed"}
{"temp": 0.75, "batch": 5, "attempt": 1, "status": "error", "err": "Falha após 4 tentativas: Error code: 400 - {'error': {'message': \"Unsupported value: 'temperature' does not support 0.75 with this model. Only the default (1) value is supported.\", 'type': 'invalid_request_error', 'param': 'temperature', 'code': 'unsupported_value'}}"}
{"temp": 0.75, "batch": 5, "attempt": 2, "status": "error", "err": "Falha após 4 tentativas: Error code: 400 - {'error': {'message': \"Unsupported value: 'temperature' does not support 0.75 with this model. Only the default (1) value is supported.\", 'type': 'invalid_request_error', 'param': 'temperature', 'code': 'unsupported_value'}}"}
{"temp": 0.75, "batch": 5, "attempt": 3, "status": "error", "err": "Falha após 4 tentativas: Error code: 400 - {'error': {'message': \"Unsupported value: 'temperature' does not support 0.75 with this model. Only the default (1) value is supported.\", 'type': 'invalid_request_error', 'param': 'temperature', 'code': 'unsupported_value'}}"}
{"temp": 0.75, "batch": 5, "id": "P007293", "status": "single_error", "err": "Falha após 4 tentativas: Error code: 400 - {'error': {'message': \"Unsupported value: 'temperature' does not support 0.75 with this model. Only the default (1) value is supported.\", 'type': 'invalid_request_error', 'param': 'temperature', 'code': 'unsupported_value'}}"}
{"temp": 0.75, "batch": 5, "id": "P007293", "status": "single_error", "err": "Falha após 4 tentativas: Error code: 400 - {'error': {'message': \"Unsupported value: 'temperature' does not support 0.75 with this model. Only the default (1) value is supported.\", 'type': 'invalid_request_error', 'param': 'temperature', 'code': 'unsupported_value'}}"}
{"temp": 0.75, "batch": 5, "id": "P007293", "status": "single_failed"}
{"temp": 0.75, "batch": 5, "id": "P008806", "status": "single_error", "err": "Falha após 4 tentativas: Error code: 400 - {'error': {'message': \"Unsupported value: 'temperature' does not support 0.75 with this model. Only the default (1) value is supported.\", 'type': 'invalid_request_error', 'param': 'temperature', 'code': 'unsupported_value'}}"}
{"temp": 0.75, "batch": 5, "id": "P008806", "status": "single_error", "err": "Falha após 4 tentativas: Error code: 400 - {'error': {'message': \"Unsupported value: 'temperature' does not support 0.75 with this model. Only the default (1) value is supported.\", 'type': 'invalid_request_error', 'param': 'temperature', 'code': 'unsupported_value'}}"}
{"temp": 0.75, "batch": 5, "id": "P008806", "status": "single_failed"}
{"temp": 0.75, "batch": 5, "id": "P004342", "status": "single_error", "err": "Falha após 4 tentativas: Error code: 400 - {'error': {'message': \"Unsupported value: 'temperature' does not support 0.75 with this model. Only the default (1) value is supported.\", 'type': 'invalid_request_error', 'param': 'temperature', 'code': 'unsupported_value'}}"}
{"temp": 0.75, "batch": 5, "id": "P004342", "status": "single_error", "err": "Falha após 4 tentativas: Error code: 400 - {'error': {'message': \"Unsupported value: 'temperature' does not support 0.75 with this model. Only the default (1) value is supported.\", 'type': 'invalid_request_error', 'param': 'temperature', 'code': 'unsupported_value'}}"}
{"temp": 0.75, "batch": 5, "id": "P004342", "status": "single_failed"}
{"temp": 0.75, "batch": 5, "id": "P004705", "status": "single_error", "err": "Falha após 4 tentativas: Error code: 400 - {'error': {'message': \"Unsupported value: 'temperature' does not support 0.75 with this model. Only the default (1) value is supported.\", 'type': 'invalid_request_error', 'param': 'temperature', 'code': 'unsupported_value'}}"}
{"temp": 0.75, "batch": 5, "id": "P004705", "status": "single_error", "err": "Falha após 4 tentativas: Error code: 400 - {'error': {'message': \"Unsupported value: 'temperature' does not support 0.75 with this model. Only the default (1) value is supported.\", 'type': 'invalid_request_error', 'param': 'temperature', 'code': 'unsupported_value'}}"}
{"temp": 0.75, "batch": 5, "id": "P004705", "status": "single_failed"}
{"temp": 0.75, "batch": 5, "id": "P006475", "status": "single_error", "err": "Falha após 4 tentativas: Error code: 400 - {'error': {'message': \"Unsupported value: 'temperature' does not support 0.75 with this model. Only the default (1) value is supported.\", 'type': 'invalid_request_error', 'param': 'temperature', 'code': 'unsupported_value'}}"}
{"temp": 0.75, "batch": 5, "id": "P006475", "status": "single_error", "err": "Falha após 4 tentativas: Error code: 400 - {'error': {'message': \"Unsupported value: 'temperature' does not support 0.75 with this model. Only the default (1) value is supported.\", 'type': 'invalid_request_error', 'param': 'temperature', 'code': 'unsupported_value'}}"}
{"temp": 0.75, "batch": 5, "id": "P006475", "status": "single_failed"}
{"temp": 0.75, "batch": 5, "id": "P001063", "status": "single_error", "err": "Falha após 4 tentativas: Error code: 400 - {'error': {'message': \"Unsupported value: 'temperature' does not support 0.75 with this model. Only the default (1) value is supported.\", 'type': 'invalid_request_error', 'param': 'temperature', 'code': 'unsupported_value'}}"}
{"temp": 0.75, "batch": 5, "id": "P001063", "status": "single_error", "err": "Falha após 4 tentativas: Error code: 400 - {'error': {'message': \"Unsupported value: 'temperature' does not support 0.75 with this model. Only the default (1) value is supported.\", 'type': 'invalid_request_error', 'param': 'temperature', 'code': 'unsupported_value'}}"}
{"temp": 0.75, "batch": 5, "id": "P001063", "status": "single_failed"}
{"temp": 0.75, "batch": 5, "id": "P004421", "status": "single_error", "err": "Falha após 4 tentativas: Error code: 400 - {'error': {'message': \"Unsupported value: 'temperature' does not support 0.75 with this model. Only the default (1) value is supported.\", 'type': 'invalid_request_error', 'param': 'temperature', 'code': 'unsupported_value'}}"}
{"temp": 0.75, "batch": 5, "id": "P004421", "status": "single_error", "err": "Falha após 4 tentativas: Error code: 400 - {'error': {'message': \"Unsupported value: 'temperature' does not support 0.75 with this model. Only the default (1) value is supported.\", 'type': 'invalid_request_error', 'param': 'temperature', 'code': 'unsupported_value'}}"}
{"temp": 0.75, "batch": 5, "id": "P004421", "status": "single_failed"}
{"temp": 0.75, "batch": 5, "id": "P004026", "status": "single_error", "err": "Falha após 4 tentativas: Error code: 400 - {'error': {'message': \"Unsupported value: 'temperature' does not support 0.75 with this model. Only the default (1) value is supported.\", 'type': 'invalid_request_error', 'param': 'temperature', 'code': 'unsupported_value'}}"}
{"temp": 0.75, "batch": 5, "id": "P004026", "status": "single_error", "err": "Falha após 4 tentativas: Error code: 400 - {'error': {'message': \"Unsupported value: 'temperature' does not support 0.75 with this model. Only the default (1) value is supported.\", 'type': 'invalid_request_error', 'param': 'temperature', 'code': 'unsupported_value'}}"}
{"temp": 0.75, "batch": 5, "id": "P004026", "status": "single_failed"}
{"temp": 0.75, "batch": 5, "id": "P001483", "status": "single_error", "err": "Falha após 4 tentativas: Error code: 400 - {'error': {'message': \"Unsupported value: 'temperature' does not support 0.75 with this model. Only the default (1) value is supported.\", 'type': 'invalid_request_error', 'param': 'temperature', 'code': 'unsupported_value'}}"}
{"temp": 0.75, "batch": 5, "id": "P001483", "status": "single_error", "err": "Falha após 4 tentativas: Error code: 400 - {'error': {'message': \"Unsupported value: 'temperature' does not support 0.75 with this model. Only the default (1) value is supported.\", 'type': 'invalid_request_error', 'param': 'temperature', 'code': 'unsupported_value'}}"}
{"temp": 0.75, "batch": 5, "id": "P001483", "status": "single_failed"}
{"temp": 0.75, "batch": 5, "id": "P009304", "status": "single_error", "err": "Falha após 4 tentativas: Error code: 400 - {'error': {'message': \"Unsupported value: 'temperature' does not support 0.75 with this model. Only the default (1) value is supported.\", 'type': 'invalid_request_error', 'param': 'temperature', 'code': 'unsupported_value'}}"}
{"temp": 0.75, "batch": 5, "id": "P009304", "status": "single_error", "err": "Falha após 4 tentativas: Error code: 400 - {'error': {'message': \"Unsupported value: 'temperature' does not support 0.75 with this model. Only the default (1) value is supported.\", 'type': 'invalid_request_error', 'param': 'temperature', 'code': 'unsupported_value'}}"}
{"temp": 0.75, "batch": 5, "id": "P009304", "status": "single_failed"}
{"temp": 0.75, "batch": 5, "id": "P000030", "status": "single_error", "err": "Falha após 4 tentativas: Error code: 400 - {'error': {'message': \"Unsupported value: 'temperature' does not support 0.75 with this model. Only the default (1) value is supported.\", 'type': 'invalid_request_error', 'param': 'temperature', 'code': 'unsupported_value'}}"}
{"temp": 0.75, "batch": 5, "id": "P000030", "status": "single_error", "err": "Falha após 4 tentativas: Error code: 400 - {'error': {'message': \"Unsupported value: 'temperature' does not support 0.75 with this model. Only the default (1) value is supported.\", 'type': 'invalid_request_error', 'param': 'temperature', 'code': 'unsupported_value'}}"}
{"temp": 0.75, "batch": 5, "id": "P000030", "status": "single_failed"}
{"temp": 0.75, "batch": 5, "id": "P007253", "status": "single_error", "err": "Falha após 4 tentativas: Error code: 400 - {'error': {'message': \"Unsupported value: 'temperature' does not support 0.75 with this model. Only the default (1) value is supported.\", 'type': 'invalid_request_error', 'param': 'temperature', 'code': 'unsupported_value'}}"}
{"temp": 0.75, "batch": 5, "id": "P007253", "status": "single_error", "err": "Falha após 4 tentativas: Error code: 400 - {'error': {'message': \"Unsupported value: 'temperature' does not support 0.75 with this model. Only the default (1) value is supported.\", 'type': 'invalid_request_error', 'param': 'temperature', 'code': 'unsupported_value'}}"}
{"temp": 0.75, "batch": 5, "id": "P007253", "status": "single_failed"}
{"temp": 0.75, "batch": 6, "attempt": 1, "status": "error", "err": "Falha após 4 tentativas: Error code: 400 - {'error': {'message': \"Unsupported value: 'temperature' does not support 0.75 with this model. Only the default (1) value is supported.\", 'type': 'invalid_request_error', 'param': 'temperature', 'code': 'unsupported_value'}}"}
{"temp": 0.75, "batch": 6, "attempt": 2, "status": "error", "err": "Falha após 4 tentativas: Error code: 400 - {'error': {'message': \"Unsupported value: 'temperature' does not support 0.75 with this model. Only the default (1) value is supported.\", 'type': 'invalid_request_error', 'param': 'temperature', 'code': 'unsupported_value'}}"}
{"temp": 0.75, "batch": 6, "attempt": 3, "status": "error", "err": "Falha após 4 tentativas: Error code: 400 - {'error': {'message': \"Unsupported value: 'temperature' does not support 0.75 with this model. Only the default (1) value is supported.\", 'type': 'invalid_request_error', 'param': 'temperature', 'code': 'unsupported_value'}}"}
{"temp": 0.75, "batch": 6, "id": "P006382", "status": "single_error", "err": "Falha após 4 tentativas: Error code: 400 - {'error': {'message': \"Unsupported value: 'temperature' does not support 0.75 with this model. Only the default (1) value is supported.\", 'type': 'invalid_request_error', 'param': 'temperature', 'code': 'unsupported_value'}}"}
{"temp": 0.75, "batch": 6, "id": "P006382", "status": "single_error", "err": "Falha após 4 tentativas: Error code: 400 - {'error': {'message': \"Unsupported value: 'temperature' does not support 0.75 with this model. Only the default (1) value is supported.\", 'type': 'invalid_request_error', 'param': 'temperature', 'code': 'unsupported_value'}}"}
{"temp": 0.75, "batch": 6, "id": "P006382", "status": "single_failed"}
{"temp": 0.75, "batch": 6, "id": "P008695", "status": "single_error", "err": "Falha após 4 tentativas: Error code: 400 - {'error': {'message': \"Unsupported value: 'temperature' does not support 0.75 with this model. Only the default (1) value is supported.\", 'type': 'invalid_request_error', 'param': 'temperature', 'code': 'unsupported_value'}}"}
{"temp": 0.75, "batch": 6, "id": "P008695", "status": "single_error", "err": "Falha após 4 tentativas: Error code: 400 - {'error': {'message': \"Unsupported value: 'temperature' does not support 0.75 with this model. Only the default (1) value is supported.\", 'type': 'invalid_request_error', 'param': 'temperature', 'code': 'unsupported_value'}}"}
{"temp": 0.75, "batch": 6, "id": "P008695", "status": "single_failed"}
{"temp": 0.75, "batch": 6, "id": "P006995", "status": "single_error", "err": "Falha após 4 tentativas: Error code: 400 - {'error': {'message': \"Unsupported value: 'temperature' does not support 0.75 with this model. Only the default (1) value is supported.\", 'type': 'invalid_request_error', 'param': 'temperature', 'code': 'unsupported_value'}}"}
{"temp": 0.75, "batch": 6, "id": "P006995", "status": "single_error", "err": "Falha após 4 tentativas: Error code: 400 - {'error': {'message': \"Unsupported value: 'temperature' does not support 0.75 with this model. Only the default (1) value is supported.\", 'type': 'invalid_request_error', 'param': 'temperature', 'code': 'unsupported_value'}}"}
{"temp": 0.75, "batch": 6, "id": "P006995", "status": "single_failed"}
{"temp": 0.75, "batch": 6, "id": "P002755", "status": "single_error", "err": "Falha após 4 tentativas: Error code: 400 - {'error': {'message': \"Unsupported value: 'temperature' does not support 0.75 with this model. Only the default (1) value is supported.\", 'type': 'invalid_request_error', 'param': 'temperature', 'code': 'unsupported_value'}}"}
{"temp": 0.75, "batch": 6, "id": "P002755", "status": "single_error", "err": "Falha após 4 tentativas: Error code: 400 - {'error': {'message': \"Unsupported value: 'temperature' does not support 0.75 with this model. Only the default (1) value is supported.\", 'type': 'invalid_request_error', 'param': 'temperature', 'code': 'unsupported_value'}}"}
{"temp": 0.75, "batch": 6, "id": "P002755", "status": "single_failed"}
{"temp": 0.75, "batch": 6, "id": "P001546", "status": "single_error", "err": "Falha após 4 tentativas: Error code: 400 - {'error': {'message': \"Unsupported value: 'temperature' does not support 0.75 with this model. Only the default (1) value is supported.\", 'type': 'invalid_request_error', 'param': 'temperature', 'code': 'unsupported_value'}}"}
{"temp": 0.75, "batch": 6, "id": "P001546", "status": "single_error", "err": "Falha após 4 tentativas: Error code: 400 - {'error': {'message': \"Unsupported value: 'temperature' does not support 0.75 with this model. Only the default (1) value is supported.\", 'type': 'invalid_request_error', 'param': 'temperature', 'code': 'unsupported_value'}}"}
{"temp": 0.75, "batch": 6, "id": "P001546", "status": "single_failed"}
{"temp": 0.75, "batch": 6, "id": "P000855", "status": "single_error", "err": "Falha após 4 tentativas: Error code: 400 - {'error': {'message': \"Unsupported value: 'temperature' does not support 0.75 with this model. Only the default (1) value is supported.\", 'type': 'invalid_request_error', 'param': 'temperature', 'code': 'unsupported_value'}}"}
{"temp": 0.75, "batch": 6, "id": "P000855", "status": "single_error", "err": "Falha após 4 tentativas: Error code: 400 - {'error': {'message': \"Unsupported value: 'temperature' does not support 0.75 with this model. Only the default (1) value is supported.\", 'type': 'invalid_request_error', 'param': 'temperature', 'code': 'unsupported_value'}}"}
{"temp": 0.75, "batch": 6, "id": "P000855", "status": "single_failed"}
{"temp": 0.75, "batch": 6, "id": "P007533", "status": "single_error", "err": "Falha após 4 tentativas: Error code: 400 - {'error': {'message': \"Unsupported value: 'temperature' does not support 0.75 with this model. Only the default (1) value is supported.\", 'type': 'invalid_request_error', 'param': 'temperature', 'code': 'unsupported_value'}}"}
{"temp": 0.75, "batch": 6, "id": "P007533", "status": "single_error", "err": "Falha após 4 tentativas: Error code: 400 - {'error': {'message': \"Unsupported value: 'temperature' does not support 0.75 with this model. Only the default (1) value is supported.\", 'type': 'invalid_request_error', 'param': 'temperature', 'code': 'unsupported_value'}}"}
{"temp": 0.75, "batch": 6, "id": "P007533", "status": "single_failed"}
{"temp": 0.75, "batch": 6, "id": "P009141", "status": "single_error", "err": "Falha após 4 tentativas: Error code: 400 - {'error': {'message': \"Unsupported value: 'temperature' does not support 0.75 with this model. Only the default (1) value is supported.\", 'type': 'invalid_request_error', 'param': 'temperature', 'code': 'unsupported_value'}}"}
{"temp": 0.75, "batch": 6, "id": "P009141", "status": "single_error", "err": "Falha após 4 tentativas: Error code: 400 - {'error': {'message': \"Unsupported value: 'temperature' does not support 0.75 with this model. Only the default (1) value is supported.\", 'type': 'invalid_request_error', 'param': 'temperature', 'code': 'unsupported_value'}}"}
{"temp": 0.75, "batch": 6, "id": "P009141", "status": "single_failed"}
{"temp": 0.75, "batch": 6, "id": "P003991", "status": "single_error", "err": "Falha após 4 tentativas: Error code: 400 - {'error': {'message': \"Unsupported value: 'temperature' does not support 0.75 with this model. Only the default (1) value is supported.\", 'type': 'invalid_request_error', 'param': 'temperature', 'code': 'unsupported_value'}}"}
{"temp": 0.75, "batch": 6, "id": "P003991", "status": "single_error", "err": "Falha após 4 tentativas: Error code: 400 - {'error': {'message': \"Unsupported value: 'temperature' does not support 0.75 with this model. Only the default (1) value is supported.\", 'type': 'invalid_request_error', 'param': 'temperature', 'code': 'unsupported_value'}}"}
{"temp": 0.75, "batch": 6, "id": "P003991", "status": "single_failed"}
{"temp": 0.75, "batch": 6, "id": "P010655", "status": "single_error", "err": "Falha após 4 tentativas: Error code: 400 - {'error': {'message': \"Unsupported value: 'temperature' does not support 0.75 with this model. Only the default (1) value is supported.\", 'type': 'invalid_request_error', 'param': 'temperature', 'code': 'unsupported_value'}}"}
{"temp": 0.75, "batch": 6, "id": "P010655", "status": "single_error", "err": "Falha após 4 tentativas: Error code: 400 - {'error': {'message': \"Unsupported value: 'temperature' does not support 0.75 with this model. Only the default (1) value is supported.\", 'type': 'invalid_request_error', 'param': 'temperature', 'code': 'unsupported_value'}}"}
{"temp": 0.75, "batch": 6, "id": "P010655", "status": "single_failed"}
{"temp": 0.75, "batch": 6, "id": "P007719", "status": "single_error", "err": "Falha após 4 tentativas: Error code: 400 - {'error': {'message': \"Unsupported value: 'temperature' does not support 0.75 with this model. Only the default (1) value is supported.\", 'type': 'invalid_request_error', 'param': 'temperature', 'code': 'unsupported_value'}}"}
{"temp": 0.75, "batch": 6, "id": "P007719", "status": "single_error", "err": "Falha após 4 tentativas: Error code: 400 - {'error': {'message': \"Unsupported value: 'temperature' does not support 0.75 with this model. Only the default (1) value is supported.\", 'type': 'invalid_request_error', 'param': 'temperature', 'code': 'unsupported_value'}}"}
{"temp": 0.75, "batch": 6, "id": "P007719", "status": "single_failed"}
{"temp": 0.75, "batch": 6, "id": "P000312", "status": "single_error", "err": "Falha após 4 tentativas: Error code: 400 - {'error': {'message': \"Unsupported value: 'temperature' does not support 0.75 with this model. Only the default (1) value is supported.\", 'type': 'invalid_request_error', 'param': 'temperature', 'code': 'unsupported_value'}}"}
{"temp": 0.75, "batch": 6, "id": "P000312", "status": "single_error", "err": "Falha após 4 tentativas: Error code: 400 - {'error': {'message': \"Unsupported value: 'temperature' does not support 0.75 with this model. Only the default (1) value is supported.\", 'type': 'invalid_request_error', 'param': 'temperature', 'code': 'unsupported_value'}}"}
{"temp": 0.75, "batch": 6, "id": "P000312", "status": "single_failed"}
{"temp": 0.75, "batch": 7, "attempt": 1, "status": "error", "err": "Falha após 4 tentativas: Error code: 400 - {'error': {'message': \"Unsupported value: 'temperature' does not support 0.75 with this model. Only the default (1) value is supported.\", 'type': 'invalid_request_error', 'param': 'temperature', 'code': 'unsupported_value'}}"}
{"temp": 0.75, "batch": 7, "attempt": 2, "status": "error", "err": "Falha após 4 tentativas: Error code: 400 - {'error': {'message': \"Unsupported value: 'temperature' does not support 0.75 with this model. Only the default (1) value is supported.\", 'type': 'invalid_request_error', 'param': 'temperature', 'code': 'unsupported_value'}}"}
{"temp": 0.75, "batch": 7, "attempt": 3, "status": "error", "err": "Falha após 4 tentativas: Error code: 400 - {'error': {'message': \"Unsupported value: 'temperature' does not support 0.75 with this model. Only the default (1) value is supported.\", 'type': 'invalid_request_error', 'param': 'temperature', 'code': 'unsupported_value'}}"}
{"temp": 0.75, "batch": 7, "id": "P004597", "status": "single_error", "err": "Falha após 4 tentativas: Error code: 400 - {'error': {'message': \"Unsupported value: 'temperature' does not support 0.75 with this model. Only the default (1) value is supported.\", 'type': 'invalid_request_error', 'param': 'temperature', 'code': 'unsupported_value'}}"}
{"temp": 0.75, "batch": 7, "id": "P004597", "status": "single_error", "err": "Falha após 4 tentativas: Error code: 400 - {'error': {'message': \"Unsupported value: 'temperature' does not support 0.75 with this model. Only the default (1) value is supported.\", 'type': 'invalid_request_error', 'param': 'temperature', 'code': 'unsupported_value'}}"}
{"temp": 0.75, "batch": 7, "id": "P004597", "status": "single_failed"}
{"temp": 0.75, "batch": 7, "id": "P001554", "status": "single_error", "err": "Falha após 4 tentativas: Error code: 400 - {'error': {'message': \"Unsupported value: 'temperature' does not support 0.75 with this model. Only the default (1) value is supported.\", 'type': 'invalid_request_error', 'param': 'temperature', 'code': 'unsupported_value'}}"}
{"temp": 0.75, "batch": 7, "id": "P001554", "status": "single_error", "err": "Falha após 4 tentativas: Error code: 400 - {'error': {'message': \"Unsupported value: 'temperature' does not support 0.75 with this model. Only the default (1) value is supported.\", 'type': 'invalid_request_error', 'param': 'temperature', 'code': 'unsupported_value'}}"}
{"temp": 0.75, "batch": 7, "id": "P001554", "status": "single_failed"}
{"temp": 0.75, "batch": 7, "id": "P004427", "status": "single_error", "err": "Falha após 4 tentativas: Error code: 400 - {'error': {'message': \"Unsupported value: 'temperature' does not support 0.75 with this model. Only the default (1) value is supported.\", 'type': 'invalid_request_error', 'param': 'temperature', 'code': 'unsupported_value'}}"}
{"temp": 0.75, "batch": 7, "id": "P004427", "status": "single_error", "err": "Falha após 4 tentativas: Error code: 400 - {'error': {'message': \"Unsupported value: 'temperature' does not support 0.75 with this model. Only the default (1) value is supported.\", 'type': 'invalid_request_error', 'param': 'temperature', 'code': 'unsupported_value'}}"}
{"temp": 0.75, "batch": 7, "id": "P004427", "status": "single_failed"}
{"temp": 0.75, "batch": 7, "id": "P003746", "status": "single_error", "err": "Falha após 4 tentativas: Error code: 400 - {'error': {'message': \"Unsupported value: 'temperature' does not support 0.75 with this model. Only the default (1) value is supported.\", 'type': 'invalid_request_error', 'param': 'temperature', 'code': 'unsupported_value'}}"}
{"temp": 0.75, "batch": 7, "id": "P003746", "status": "single_error", "err": "Falha após 4 tentativas: Error code: 400 - {'error': {'message': \"Unsupported value: 'temperature' does not support 0.75 with this model. Only the default (1) value is supported.\", 'type': 'invalid_request_error', 'param': 'temperature', 'code': 'unsupported_value'}}"}
{"temp": 0.75, "batch": 7, "id": "P003746", "status": "single_failed"}
{"temp": 0.75, "batch": 7, "id": "P001040", "status": "single_error", "err": "Falha após 4 tentativas: Error code: 400 - {'error': {'message': \"Unsupported value: 'temperature' does not support 0.75 with this model. Only the default (1) value is supported.\", 'type': 'invalid_request_error', 'param': 'temperature', 'code': 'unsupported_value'}}"}
{"temp": 0.75, "batch": 7, "id": "P001040", "status": "single_error", "err": "Falha após 4 tentativas: Error code: 400 - {'error': {'message': \"Unsupported value: 'temperature' does not support 0.75 with this model. Only the default (1) value is supported.\", 'type': 'invalid_request_error', 'param': 'temperature', 'code': 'unsupported_value'}}"}
{"temp": 0.75, "batch": 7, "id": "P001040", "status": "single_failed"}
{"temp": 0.75, "batch": 7, "id": "P001366", "status": "single_error", "err": "Falha após 4 tentativas: Error code: 400 - {'error': {'message': \"Unsupported value: 'temperature' does not support 0.75 with this model. Only the default (1) value is supported.\", 'type': 'invalid_request_error', 'param': 'temperature', 'code': 'unsupported_value'}}"}
{"temp": 0.75, "batch": 7, "id": "P001366", "status": "single_error", "err": "Falha após 4 tentativas: Error code: 400 - {'error': {'message': \"Unsupported value: 'temperature' does not support 0.75 with this model. Only the default (1) value is supported.\", 'type': 'invalid_request_error', 'param': 'temperature', 'code': 'unsupported_value'}}"}
{"temp": 0.75, "batch": 7, "id": "P001366", "status": "single_failed"}
{"temp": 0.75, "batch": 7, "id": "P000877", "status": "single_error", "err": "Falha após 4 tentativas: Error code: 400 - {'error': {'message': \"Unsupported value: 'temperature' does not support 0.75 with this model. Only the default (1) value is supported.\", 'type': 'invalid_request_error', 'param': 'temperature', 'code': 'unsupported_value'}}"}
{"temp": 0.75, "batch": 7, "id": "P000877", "status": "single_error", "err": "Falha após 4 tentativas: Error code: 400 - {'error': {'message': \"Unsupported value: 'temperature' does not support 0.75 with this model. Only the default (1) value is supported.\", 'type': 'invalid_request_error', 'param': 'temperature', 'code': 'unsupported_value'}}"}
{"temp": 0.75, "batch": 7, "id": "P000877", "status": "single_failed"}
{"temp": 0.75, "batch": 7, "id": "P002807", "status": "single_error", "err": "Falha após 4 tentativas: Error code: 400 - {'error': {'message': \"Unsupported value: 'temperature' does not support 0.75 with this model. Only the default (1) value is supported.\", 'type': 'invalid_request_error', 'param': 'temperature', 'code': 'unsupported_value'}}"}
{"temp": 0.75, "batch": 7, "id": "P002807", "status": "single_error", "err": "Falha após 4 tentativas: Error code: 400 - {'error': {'message': \"Unsupported value: 'temperature' does not support 0.75 with this model. Only the default (1) value is supported.\", 'type': 'invalid_request_error', 'param': 'temperature', 'code': 'unsupported_value'}}"}
{"temp": 0.75, "batch": 7, "id": "P002807", "status": "single_failed"}
{"temp": 0.75, "batch": 7, "id": "P006645", "status": "single_error", "err": "Falha após 4 tentativas: Error code: 400 - {'error': {'message': \"Unsupported value: 'temperature' does not support 0.75 with this model. Only the default (1) value is supported.\", 'type': 'invalid_request_error', 'param': 'temperature', 'code': 'unsupported_value'}}"}
{"temp": 0.75, "batch": 7, "id": "P006645", "status": "single_error", "err": "Falha após 4 tentativas: Error code: 400 - {'error': {'message': \"Unsupported value: 'temperature' does not support 0.75 with this model. Only the default (1) value is supported.\", 'type': 'invalid_request_error', 'param': 'temperature', 'code': 'unsupported_value'}}"}
{"temp": 0.75, "batch": 7, "id": "P006645", "status": "single_failed"}
{"temp": 0.75, "batch": 7, "id": "P001839", "status": "single_error", "err": "Falha após 4 tentativas: Error code: 400 - {'error': {'message': \"Unsupported value: 'temperature' does not support 0.75 with this model. Only the default (1) value is supported.\", 'type': 'invalid_request_error', 'param': 'temperature', 'code': 'unsupported_value'}}"}
{"temp": 0.75, "batch": 7, "id": "P001839", "status": "single_error", "err": "Falha após 4 tentativas: Error code: 400 - {'error': {'message': \"Unsupported value: 'temperature' does not support 0.75 with this model. Only the default (1) value is supported.\", 'type': 'invalid_request_error', 'param': 'temperature', 'code': 'unsupported_value'}}"}
{"temp": 0.75, "batch": 7, "id": "P001839", "status": "single_failed"}
{"temp": 0.75, "batch": 7, "id": "P004936", "status": "single_error", "err": "Falha após 4 tentativas: Error code: 400 - {'error': {'message': \"Unsupported value: 'temperature' does not support 0.75 with this model. Only the default (1) value is supported.\", 'type': 'invalid_request_error', 'param': 'temperature', 'code': 'unsupported_value'}}"}
{"temp": 0.75, "batch": 7, "id": "P004936", "status": "single_error", "err": "Falha após 4 tentativas: Error code: 400 - {'error': {'message': \"Unsupported value: 'temperature' does not support 0.75 with this model. Only the default (1) value is supported.\", 'type': 'invalid_request_error', 'param': 'temperature', 'code': 'unsupported_value'}}"}
{"temp": 0.75, "batch": 7, "id": "P004936", "status": "single_failed"}
{"temp": 0.75, "batch": 7, "id": "P010631", "status": "single_error", "err": "Falha após 4 tentativas: Error code: 400 - {'error': {'message': \"Unsupported value: 'temperature' does not support 0.75 with this model. Only the default (1) value is supported.\", 'type': 'invalid_request_error', 'param': 'temperature', 'code': 'unsupported_value'}}"}
{"temp": 0.75, "batch": 7, "id": "P010631", "status": "single_error", "err": "Falha após 4 tentativas: Error code: 400 - {'error': {'message': \"Unsupported value: 'temperature' does not support 0.75 with this model. Only the default (1) value is supported.\", 'type': 'invalid_request_error', 'param': 'temperature', 'code': 'unsupported_value'}}"}
{"temp": 0.75, "batch": 7, "id": "P010631", "status": "single_failed"}
{"temp": 0.75, "batch": 8, "attempt": 1, "status": "error", "err": "Falha após 4 tentativas: Error code: 400 - {'error': {'message': \"Unsupported value: 'temperature' does not support 0.75 with this model. Only the default (1) value is supported.\", 'type': 'invalid_request_error', 'param': 'temperature', 'code': 'unsupported_value'}}"}
{"temp": 0.75, "batch": 8, "attempt": 2, "status": "error", "err": "Falha após 4 tentativas: Error code: 400 - {'error': {'message': \"Unsupported value: 'temperature' does not support 0.75 with this model. Only the default (1) value is supported.\", 'type': 'invalid_request_error', 'param': 'temperature', 'code': 'unsupported_value'}}"}
{"temp": 0.75, "batch": 8, "attempt": 3, "status": "error", "err": "Falha após 4 tentativas: Error code: 400 - {'error': {'message': \"Unsupported value: 'temperature' does not support 0.75 with this model. Only the default (1) value is supported.\", 'type': 'invalid_request_error', 'param': 'temperature', 'code': 'unsupported_value'}}"}
{"temp": 0.75, "batch": 8, "id": "P001889", "status": "single_error", "err": "Falha após 4 tentativas: Error code: 400 - {'error': {'message': \"Unsupported value: 'temperature' does not support 0.75 with this model. Only the default (1) value is supported.\", 'type': 'invalid_request_error', 'param': 'temperature', 'code': 'unsupported_value'}}"}
{"temp": 0.75, "batch": 8, "id": "P001889", "status": "single_error", "err": "Falha após 4 tentativas: Error code: 400 - {'error': {'message': \"Unsupported value: 'temperature' does not support 0.75 with this model. Only the default (1) value is supported.\", 'type': 'invalid_request_error', 'param': 'temperature', 'code': 'unsupported_value'}}"}
{"temp": 0.75, "batch": 8, "id": "P001889", "status": "single_failed"}
{"temp": 0.75, "batch": 8, "id": "P001572", "status": "single_error", "err": "Falha após 4 tentativas: Error code: 400 - {'error': {'message': \"Unsupported value: 'temperature' does not support 0.75 with this model. Only the default (1) value is supported.\", 'type': 'invalid_request_error', 'param': 'temperature', 'code': 'unsupported_value'}}"}
{"temp": 0.75, "batch": 8, "id": "P001572", "status": "single_error", "err": "Falha após 4 tentativas: Error code: 400 - {'error': {'message': \"Unsupported value: 'temperature' does not support 0.75 with this model. Only the default (1) value is supported.\", 'type': 'invalid_request_error', 'param': 'temperature', 'code': 'unsupported_value'}}"}
{"temp": 0.75, "batch": 8, "id": "P001572", "status": "single_failed"}
{"temp": 0.75, "batch": 8, "id": "P010019", "status": "single_error", "err": "Falha após 4 tentativas: Error code: 400 - {'error': {'message': \"Unsupported value: 'temperature' does not support 0.75 with this model. Only the default (1) value is supported.\", 'type': 'invalid_request_error', 'param': 'temperature', 'code': 'unsupported_value'}}"}
{"temp": 0.75, "batch": 8, "id": "P010019", "status": "single_error", "err": "Falha após 4 tentativas: Error code: 400 - {'error': {'message': \"Unsupported value: 'temperature' does not support 0.75 with this model. Only the default (1) value is supported.\", 'type': 'invalid_request_error', 'param': 'temperature', 'code': 'unsupported_value'}}"}
{"temp": 0.75, "batch": 8, "id": "P010019", "status": "single_failed"}
{"temp": 0.75, "batch": 8, "id": "P004546", "status": "single_error", "err": "Falha após 4 tentativas: Error code: 400 - {'error': {'message': \"Unsupported value: 'temperature' does not support 0.75 with this model. Only the default (1) value is supported.\", 'type': 'invalid_request_error', 'param': 'temperature', 'code': 'unsupported_value'}}"}
{"temp": 0.75, "batch": 8, "id": "P004546", "status": "single_error", "err": "Falha após 4 tentativas: Error code: 400 - {'error': {'message': \"Unsupported value: 'temperature' does not support 0.75 with this model. Only the default (1) value is supported.\", 'type': 'invalid_request_error', 'param': 'temperature', 'code': 'unsupported_value'}}"}
{"temp": 0.75, "batch": 8, "id": "P004546", "status": "single_failed"}
{"temp": 0.75, "batch": 8, "id": "P008031", "status": "single_error", "err": "Falha após 4 tentativas: Error code: 400 - {'error': {'message': \"Unsupported value: 'temperature' does not support 0.75 with this model. Only the default (1) value is supported.\", 'type': 'invalid_request_error', 'param': 'temperature', 'code': 'unsupported_value'}}"}
{"temp": 0.75, "batch": 8, "id": "P008031", "status": "single_error", "err": "Falha após 4 tentativas: Error code: 400 - {'error': {'message': \"Unsupported value: 'temperature' does not support 0.75 with this model. Only the default (1) value is supported.\", 'type': 'invalid_request_error', 'param': 'temperature', 'code': 'unsupported_value'}}"}
{"temp": 0.75, "batch": 8, "id": "P008031", "status": "single_failed"}
{"temp": 0.75, "batch": 8, "id": "P007529", "status": "single_error", "err": "Falha após 4 tentativas: Error code: 400 - {'error': {'message': \"Unsupported value: 'temperature' does not support 0.75 with this model. Only the default (1) value is supported.\", 'type': 'invalid_request_error', 'param': 'temperature', 'code': 'unsupported_value'}}"}
{"temp": 0.75, "batch": 8, "id": "P007529", "status": "single_error", "err": "Falha após 4 tentativas: Error code: 400 - {'error': {'message': \"Unsupported value: 'temperature' does not support 0.75 with this model. Only the default (1) value is supported.\", 'type': 'invalid_request_error', 'param': 'temperature', 'code': 'unsupported_value'}}"}
{"temp": 0.75, "batch": 8, "id": "P007529", "status": "single_failed"}
{"temp": 0.75, "batch": 8, "id": "P004603", "status": "single_error", "err": "Falha após 4 tentativas: Error code: 400 - {'error': {'message': \"Unsupported value: 'temperature' does not support 0.75 with this model. Only the default (1) value is supported.\", 'type': 'invalid_request_error', 'param': 'temperature', 'code': 'unsupported_value'}}"}
{"temp": 0.75, "batch": 8, "id": "P004603", "status": "single_error", "err": "Falha após 4 tentativas: Error code: 400 - {'error': {'message': \"Unsupported value: 'temperature' does not support 0.75 with this model. Only the default (1) value is supported.\", 'type': 'invalid_request_error', 'param': 'temperature', 'code': 'unsupported_value'}}"}
{"temp": 0.75, "batch": 8, "id": "P004603", "status": "single_failed"}
{"temp": 0.75, "batch": 8, "id": "P005919", "status": "single_error", "err": "Falha após 4 tentativas: Error code: 400 - {'error': {'message': \"Unsupported value: 'temperature' does not support 0.75 with this model. Only the default (1) value is supported.\", 'type': 'invalid_request_error', 'param': 'temperature', 'code': 'unsupported_value'}}"}
{"temp": 0.75, "batch": 8, "id": "P005919", "status": "single_error", "err": "Falha após 4 tentativas: Error code: 400 - {'error': {'message': \"Unsupported value: 'temperature' does not support 0.75 with this model. Only the default (1) value is supported.\", 'type': 'invalid_request_error', 'param': 'temperature', 'code': 'unsupported_value'}}"}
{"temp": 0.75, "batch": 8, "id": "P005919", "status": "single_failed"}
{"temp": 0.75, "batch": 8, "id": "P005680", "status": "single_error", "err": "Falha após 4 tentativas: Error code: 400 - {'error': {'message': \"Unsupported value: 'temperature' does not support 0.75 with this model. Only the default (1) value is supported.\", 'type': 'invalid_request_error', 'param': 'temperature', 'code': 'unsupported_value'}}"}
{"temp": 0.75, "batch": 8, "id": "P005680", "status": "single_error", "err": "Falha após 4 tentativas: Error code: 400 - {'error': {'message': \"Unsupported value: 'temperature' does not support 0.75 with this model. Only the default (1) value is supported.\", 'type': 'invalid_request_error', 'param': 'temperature', 'code': 'unsupported_value'}}"}
{"temp": 0.75, "batch": 8, "id": "P005680", "status": "single_failed"}
{"temp": 0.75, "batch": 8, "id": "P004611", "status": "single_error", "err": "Falha após 4 tentativas: Error code: 400 - {'error': {'message': \"Unsupported value: 'temperature' does not support 0.75 with this model. Only the default (1) value is supported.\", 'type': 'invalid_request_error', 'param': 'temperature', 'code': 'unsupported_value'}}"}
{"temp": 0.75, "batch": 8, "id": "P004611", "status": "single_error", "err": "Falha após 4 tentativas: Error code: 400 - {'error': {'message': \"Unsupported value: 'temperature' does not support 0.75 with this model. Only the default (1) value is supported.\", 'type': 'invalid_request_error', 'param': 'temperature', 'code': 'unsupported_value'}}"}
{"temp": 0.75, "batch": 8, "id": "P004611", "status": "single_failed"}
{"temp": 0.75, "batch": 8, "id": "P007170", "status": "single_error", "err": "Falha após 4 tentativas: Error code: 400 - {'error': {'message': \"Unsupported value: 'temperature' does not support 0.75 with this model. Only the default (1) value is supported.\", 'type': 'invalid_request_error', 'param': 'temperature', 'code': 'unsupported_value'}}"}
{"temp": 0.75, "batch": 8, "id": "P007170", "status": "single_error", "err": "Falha após 4 tentativas: Error code: 400 - {'error': {'message': \"Unsupported value: 'temperature' does not support 0.75 with this model. Only the default (1) value is supported.\", 'type': 'invalid_request_error', 'param': 'temperature', 'code': 'unsupported_value'}}"}
{"temp": 0.75, "batch": 8, "id": "P007170", "status": "single_failed"}
{"temp": 0.75, "batch": 8, "id": "P003657", "status": "single_error", "err": "Falha após 4 tentativas: Error code: 400 - {'error': {'message': \"Unsupported value: 'temperature' does not support 0.75 with this model. Only the default (1) value is supported.\", 'type': 'invalid_request_error', 'param': 'temperature', 'code': 'unsupported_value'}}"}
{"temp": 0.75, "batch": 8, "id": "P003657", "status": "single_error", "err": "Falha após 4 tentativas: Error code: 400 - {'error': {'message': \"Unsupported value: 'temperature' does not support 0.75 with this model. Only the default (1) value is supported.\", 'type': 'invalid_request_error', 'param': 'temperature', 'code': 'unsupported_value'}}"}
{"temp": 0.75, "batch": 8, "id": "P003657", "status": "single_failed"}
{"temp": 0.75, "batch": 9, "attempt": 1, "status": "error", "err": "Falha após 4 tentativas: Error code: 400 - {'error': {'message': \"Unsupported value: 'temperature' does not support 0.75 with this model. Only the default (1) value is supported.\", 'type': 'invalid_request_error', 'param': 'temperature', 'code': 'unsupported_value'}}"}
{"temp": 0.75, "batch": 9, "attempt": 2, "status": "error", "err": "Falha após 4 tentativas: Error code: 400 - {'error': {'message': \"Unsupported value: 'temperature' does not support 0.75 with this model. Only the default (1) value is supported.\", 'type': 'invalid_request_error', 'param': 'temperature', 'code': 'unsupported_value'}}"}
{"temp": 0.75, "batch": 9, "attempt": 3, "status": "error", "err": "Falha após 4 tentativas: Error code: 400 - {'error': {'message': \"Unsupported value: 'temperature' does not support 0.75 with this model. Only the default (1) value is supported.\", 'type': 'invalid_request_error', 'param': 'temperature', 'code': 'unsupported_value'}}"}
{"temp": 0.75, "batch": 9, "id": "P005292", "status": "single_error", "err": "Falha após 4 tentativas: Error code: 400 - {'error': {'message': \"Unsupported value: 'temperature' does not support 0.75 with this model. Only the default (1) value is supported.\", 'type': 'invalid_request_error', 'param': 'temperature', 'code': 'unsupported_value'}}"}
{"temp": 0.75, "batch": 9, "id": "P005292", "status": "single_error", "err": "Falha após 4 tentativas: Error code: 400 - {'error': {'message': \"Unsupported value: 'temperature' does not support 0.75 with this model. Only the default (1) value is supported.\", 'type': 'invalid_request_error', 'param': 'temperature', 'code': 'unsupported_value'}}"}
{"temp": 0.75, "batch": 9, "id": "P005292", "status": "single_failed"}
{"temp": 0.75, "batch": 9, "id": "P008425", "status": "single_error", "err": "Falha após 4 tentativas: Error code: 400 - {'error': {'message': \"Unsupported value: 'temperature' does not support 0.75 with this model. Only the default (1) value is supported.\", 'type': 'invalid_request_error', 'param': 'temperature', 'code': 'unsupported_value'}}"}
{"temp": 0.75, "batch": 9, "id": "P008425", "status": "single_error", "err": "Falha após 4 tentativas: Error code: 400 - {'error': {'message': \"Unsupported value: 'temperature' does not support 0.75 with this model. Only the default (1) value is supported.\", 'type': 'invalid_request_error', 'param': 'temperature', 'code': 'unsupported_value'}}"}
{"temp": 0.75, "batch": 9, "id": "P008425", "status": "single_failed"}
{"temp": 0.75, "batch": 9, "id": "P005682", "status": "single_error", "err": "Falha após 4 tentativas: Error code: 400 - {'error': {'message': \"Unsupported value: 'temperature' does not support 0.75 with this model. Only the default (1) value is supported.\", 'type': 'invalid_request_error', 'param': 'temperature', 'code': 'unsupported_value'}}"}
{"temp": 0.75, "batch": 9, "id": "P005682", "status": "single_error", "err": "Falha após 4 tentativas: Error code: 400 - {'error': {'message': \"Unsupported value: 'temperature' does not support 0.75 with this model. Only the default (1) value is supported.\", 'type': 'invalid_request_error', 'param': 'temperature', 'code': 'unsupported_value'}}"}
{"temp": 0.75, "batch": 9, "id": "P005682", "status": "single_failed"}
{"temp": 0.75, "batch": 9, "id": "P007130", "status": "single_error", "err": "Falha após 4 tentativas: Error code: 400 - {'error': {'message': \"Unsupported value: 'temperature' does not support 0.75 with this model. Only the default (1) value is supported.\", 'type': 'invalid_request_error', 'param': 'temperature', 'code': 'unsupported_value'}}"}
{"temp": 0.75, "batch": 9, "id": "P007130", "status": "single_error", "err": "Falha após 4 tentativas: Error code: 400 - {'error': {'message': \"Unsupported value: 'temperature' does not support 0.75 with this model. Only the default (1) value is supported.\", 'type': 'invalid_request_error', 'param': 'temperature', 'code': 'unsupported_value'}}"}
{"temp": 0.75, "batch": 9, "id": "P007130", "status": "single_failed"}
{"temp": 0.75, "batch": 9, "id": "P001591", "status": "single_error", "err": "Falha após 4 tentativas: Error code: 400 - {'error': {'message': \"Unsupported value: 'temperature' does not support 0.75 with this model. Only the default (1) value is supported.\", 'type': 'invalid_request_error', 'param': 'temperature', 'code': 'unsupported_value'}}"}
{"temp": 0.75, "batch": 9, "id": "P001591", "status": "single_error", "err": "Falha após 4 tentativas: Error code: 400 - {'error': {'message': \"Unsupported value: 'temperature' does not support 0.75 with this model. Only the default (1) value is supported.\", 'type': 'invalid_request_error', 'param': 'temperature', 'code': 'unsupported_value'}}"}
{"temp": 0.75, "batch": 9, "id": "P001591", "status": "single_failed"}
{"temp": 0.75, "batch": 9, "id": "P004083", "status": "single_error", "err": "Falha após 4 tentativas: Error code: 400 - {'error': {'message': \"Unsupported value: 'temperature' does not support 0.75 with this model. Only the default (1) value is supported.\", 'type': 'invalid_request_error', 'param': 'temperature', 'code': 'unsupported_value'}}"}
{"temp": 0.75, "batch": 9, "id": "P004083", "status": "single_error", "err": "Falha após 4 tentativas: Error code: 400 - {'error': {'message': \"Unsupported value: 'temperature' does not support 0.75 with this model. Only the default (1) value is supported.\", 'type': 'invalid_request_error', 'param': 'temperature', 'code': 'unsupported_value'}}"}
{"temp": 0.75, "batch": 9, "id": "P004083", "status": "single_failed"}
{"temp": 0.75, "batch": 9, "id": "P002647", "status": "single_error", "err": "Falha após 4 tentativas: Error code: 400 - {'error': {'message': \"Unsupported value: 'temperature' does not support 0.75 with this model. Only the default (1) value is supported.\", 'type': 'invalid_request_error', 'param': 'temperature', 'code': 'unsupported_value'}}"}
{"temp": 0.75, "batch": 9, "id": "P002647", "status": "single_error", "err": "Falha após 4 tentativas: Error code: 400 - {'error': {'message': \"Unsupported value: 'temperature' does not support 0.75 with this model. Only the default (1) value is supported.\", 'type': 'invalid_request_error', 'param': 'temperature', 'code': 'unsupported_value'}}"}
{"temp": 0.75, "batch": 9, "id": "P002647", "status": "single_failed"}
{"temp": 0.75, "batch": 9, "id": "P004418", "status": "single_error", "err": "Falha após 4 tentativas: Error code: 400 - {'error': {'message': \"Unsupported value: 'temperature' does not support 0.75 with this model. Only the default (1) value is supported.\", 'type': 'invalid_request_error', 'param': 'temperature', 'code': 'unsupported_value'}}"}
{"temp": 0.75, "batch": 9, "id": "P004418", "status": "single_error", "err": "Falha após 4 tentativas: Error code: 400 - {'error': {'message': \"Unsupported value: 'temperature' does not support 0.75 with this model. Only the default (1) value is supported.\", 'type': 'invalid_request_error', 'param': 'temperature', 'code': 'unsupported_value'}}"}
{"temp": 0.75, "batch": 9, "id": "P004418", "status": "single_failed"}
{"temp": 0.75, "batch": 9, "id": "P001157", "status": "single_error", "err": "Falha após 4 tentativas: Error code: 400 - {'error': {'message': \"Unsupported value: 'temperature' does not support 0.75 with this model. Only the default (1) value is supported.\", 'type': 'invalid_request_error', 'param': 'temperature', 'code': 'unsupported_value'}}"}
{"temp": 0.75, "batch": 9, "id": "P001157", "status": "single_error", "err": "Falha após 4 tentativas: Error code: 400 - {'error': {'message': \"Unsupported value: 'temperature' does not support 0.75 with this model. Only the default (1) value is supported.\", 'type': 'invalid_request_error', 'param': 'temperature', 'code': 'unsupported_value'}}"}
{"temp": 0.75, "batch": 9, "id": "P001157", "status": "single_failed"}
{"temp": 0.75, "batch": 9, "id": "P002145", "status": "single_error", "err": "Falha após 4 tentativas: Error code: 400 - {'error': {'message': \"Unsupported value: 'temperature' does not support 0.75 with this model. Only the default (1) value is supported.\", 'type': 'invalid_request_error', 'param': 'temperature', 'code': 'unsupported_value'}}"}
{"temp": 0.75, "batch": 9, "id": "P002145", "status": "single_error", "err": "Falha após 4 tentativas: Error code: 400 - {'error': {'message': \"Unsupported value: 'temperature' does not support 0.75 with this model. Only the default (1) value is supported.\", 'type': 'invalid_request_error', 'param': 'temperature', 'code': 'unsupported_value'}}"}
{"temp": 0.75, "batch": 9, "id": "P002145", "status": "single_failed"}
{"temp": 0.75, "batch": 9, "id": "P004031", "status": "single_error", "err": "Falha após 4 tentativas: Error code: 400 - {'error': {'message': \"Unsupported value: 'temperature' does not support 0.75 with this model. Only the default (1) value is supported.\", 'type': 'invalid_request_error', 'param': 'temperature', 'code': 'unsupported_value'}}"}
{"temp": 0.75, "batch": 9, "id": "P004031", "status": "single_error", "err": "Falha após 4 tentativas: Error code: 400 - {'error': {'message': \"Unsupported value: 'temperature' does not support 0.75 with this model. Only the default (1) value is supported.\", 'type': 'invalid_request_error', 'param': 'temperature', 'code': 'unsupported_value'}}"}
{"temp": 0.75, "batch": 9, "id": "P004031", "status": "single_failed"}
{"temp": 0.75, "batch": 9, "id": "P003711", "status": "single_error", "err": "Falha após 4 tentativas: Error code: 400 - {'error': {'message': \"Unsupported value: 'temperature' does not support 0.75 with this model. Only the default (1) value is supported.\", 'type': 'invalid_request_error', 'param': 'temperature', 'code': 'unsupported_value'}}"}
{"temp": 0.75, "batch": 9, "id": "P003711", "status": "single_error", "err": "Falha após 4 tentativas: Error code: 400 - {'error': {'message': \"Unsupported value: 'temperature' does not support 0.75 with this model. Only the default (1) value is supported.\", 'type': 'invalid_request_error', 'param': 'temperature', 'code': 'unsupported_value'}}"}
{"temp": 0.75, "batch": 9, "id": "P003711", "status": "single_failed"}
{"temp": 0.75, "batch": 10, "attempt": 1, "status": "error", "err": "Falha após 4 tentativas: Error code: 400 - {'error': {'message': \"Unsupported value: 'temperature' does not support 0.75 with this model. Only the default (1) value is supported.\", 'type': 'invalid_request_error', 'param': 'temperature', 'code': 'unsupported_value'}}"}
{"temp": 0.75, "batch": 10, "attempt": 2, "status": "error", "err": "Falha após 4 tentativas: Error code: 400 - {'error': {'message': \"Unsupported value: 'temperature' does not support 0.75 with this model. Only the default (1) value is supported.\", 'type': 'invalid_request_error', 'param': 'temperature', 'code': 'unsupported_value'}}"}
{"temp": 0.75, "batch": 10, "attempt": 3, "status": "error", "err": "Falha após 4 tentativas: Error code: 400 - {'error': {'message': \"Unsupported value: 'temperature' does not support 0.75 with this model. Only the default (1) value is supported.\", 'type': 'invalid_request_error', 'param': 'temperature', 'code': 'unsupported_value'}}"}
{"temp": 0.75, "batch": 10, "id": "P009546", "status": "single_error", "err": "Falha após 4 tentativas: Error code: 400 - {'error': {'message': \"Unsupported value: 'temperature' does not support 0.75 with this model. Only the default (1) value is supported.\", 'type': 'invalid_request_error', 'param': 'temperature', 'code': 'unsupported_value'}}"}
{"temp": 0.75, "batch": 10, "id": "P009546", "status": "single_error", "err": "Falha após 4 tentativas: Error code: 400 - {'error': {'message': \"Unsupported value: 'temperature' does not support 0.75 with this model. Only the default (1) value is supported.\", 'type': 'invalid_request_error', 'param': 'temperature', 'code': 'unsupported_value'}}"}
{"temp": 0.75, "batch": 10, "id": "P009546", "status": "single_failed"}
{"temp": 0.75, "batch": 10, "id": "P006896", "status": "single_error", "err": "Falha após 4 tentativas: Error code: 400 - {'error': {'message': \"Unsupported value: 'temperature' does not support 0.75 with this model. Only the default (1) value is supported.\", 'type': 'invalid_request_error', 'param': 'temperature', 'code': 'unsupported_value'}}"}
{"temp": 0.75, "batch": 10, "id": "P006896", "status": "single_error", "err": "Falha após 4 tentativas: Error code: 400 - {'error': {'message': \"Unsupported value: 'temperature' does not support 0.75 with this model. Only the default (1) value is supported.\", 'type': 'invalid_request_error', 'param': 'temperature', 'code': 'unsupported_value'}}"}
{"temp": 0.75, "batch": 10, "id": "P006896", "status": "single_failed"}
{"temp": 0.75, "batch": 10, "id": "P008113", "status": "single_error", "err": "Falha após 4 tentativas: Error code: 400 - {'error': {'message': \"Unsupported value: 'temperature' does not support 0.75 with this model. Only the default (1) value is supported.\", 'type': 'invalid_request_error', 'param': 'temperature', 'code': 'unsupported_value'}}"}
{"temp": 0.75, "batch": 10, "id": "P008113", "status": "single_error", "err": "Falha após 4 tentativas: Error code: 400 - {'error': {'message': \"Unsupported value: 'temperature' does not support 0.75 with this model. Only the default (1) value is supported.\", 'type': 'invalid_request_error', 'param': 'temperature', 'code': 'unsupported_value'}}"}
{"temp": 0.75, "batch": 10, "id": "P008113", "status": "single_failed"}
{"temp": 0.75, "batch": 10, "id": "P003734", "status": "single_error", "err": "Falha após 4 tentativas: Error code: 400 - {'error': {'message': \"Unsupported value: 'temperature' does not support 0.75 with this model. Only the default (1) value is supported.\", 'type': 'invalid_request_error', 'param': 'temperature', 'code': 'unsupported_value'}}"}
{"temp": 0.75, "batch": 10, "id": "P003734", "status": "single_error", "err": "Falha após 4 tentativas: Error code: 400 - {'error': {'message': \"Unsupported value: 'temperature' does not support 0.75 with this model. Only the default (1) value is supported.\", 'type': 'invalid_request_error', 'param': 'temperature', 'code': 'unsupported_value'}}"}
{"temp": 0.75, "batch": 10, "id": "P003734", "status": "single_failed"}
{"temp": 0.75, "batch": 10, "id": "P005609", "status": "single_error", "err": "Falha após 4 tentativas: Error code: 400 - {'error': {'message': \"Unsupported value: 'temperature' does not support 0.75 with this model. Only the default (1) value is supported.\", 'type': 'invalid_request_error', 'param': 'temperature', 'code': 'unsupported_value'}}"}
{"temp": 0.75, "batch": 10, "id": "P005609", "status": "single_error", "err": "Falha após 4 tentativas: Error code: 400 - {'error': {'message': \"Unsupported value: 'temperature' does not support 0.75 with this model. Only the default (1) value is supported.\", 'type': 'invalid_request_error', 'param': 'temperature', 'code': 'unsupported_value'}}"}
{"temp": 0.75, "batch": 10, "id": "P005609", "status": "single_failed"}
{"temp": 0.75, "batch": 10, "id": "P003916", "status": "single_error", "err": "Falha após 4 tentativas: Error code: 400 - {'error': {'message': \"Unsupported value: 'temperature' does not support 0.75 with this model. Only the default (1) value is supported.\", 'type': 'invalid_request_error', 'param': 'temperature', 'code': 'unsupported_value'}}"}
{"temp": 0.75, "batch": 10, "id": "P003916", "status": "single_error", "err": "Falha após 4 tentativas: Error code: 400 - {'error': {'message': \"Unsupported value: 'temperature' does not support 0.75 with this model. Only the default (1) value is supported.\", 'type': 'invalid_request_error', 'param': 'temperature', 'code': 'unsupported_value'}}"}
{"temp": 0.75, "batch": 10, "id": "P003916", "status": "single_failed"}
{"temp": 0.75, "batch": 10, "id": "P010598", "status": "single_error", "err": "Falha após 4 tentativas: Error code: 400 - {'error': {'message': \"Unsupported value: 'temperature' does not support 0.75 with this model. Only the default (1) value is supported.\", 'type': 'invalid_request_error', 'param': 'temperature', 'code': 'unsupported_value'}}"}
{"temp": 0.75, "batch": 10, "id": "P010598", "status": "single_error", "err": "Falha após 4 tentativas: Error code: 400 - {'error': {'message': \"Unsupported value: 'temperature' does not support 0.75 with this model. Only the default (1) value is supported.\", 'type': 'invalid_request_error', 'param': 'temperature', 'code': 'unsupported_value'}}"}
{"temp": 0.75, "batch": 10, "id": "P010598", "status": "single_failed"}
{"temp": 0.75, "batch": 10, "id": "P010221", "status": "single_error", "err": "Falha após 4 tentativas: Error code: 400 - {'error': {'message': \"Unsupported value: 'temperature' does not support 0.75 with this model. Only the default (1) value is supported.\", 'type': 'invalid_request_error', 'param': 'temperature', 'code': 'unsupported_value'}}"}
{"temp": 0.75, "batch": 10, "id": "P010221", "status": "single_error", "err": "Falha após 4 tentativas: Error code: 400 - {'error': {'message': \"Unsupported value: 'temperature' does not support 0.75 with this model. Only the default (1) value is supported.\", 'type': 'invalid_request_error', 'param': 'temperature', 'code': 'unsupported_value'}}"}
{"temp": 0.75, "batch": 10, "id": "P010221", "status": "single_failed"}
{"temp": 0.75, "batch": 10, "id": "P004113", "status": "single_error", "err": "Falha após 4 tentativas: Error code: 400 - {'error': {'message': \"Unsupported value: 'temperature' does not support 0.75 with this model. Only the default (1) value is supported.\", 'type': 'invalid_request_error', 'param': 'temperature', 'code': 'unsupported_value'}}"}
{"temp": 0.75, "batch": 10, "id": "P004113", "status": "single_error", "err": "Falha após 4 tentativas: Error code: 400 - {'error': {'message': \"Unsupported value: 'temperature' does not support 0.75 with this model. Only the default (1) value is supported.\", 'type': 'invalid_request_error', 'param': 'temperature', 'code': 'unsupported_value'}}"}
{"temp": 0.75, "batch": 10, "id": "P004113", "status": "single_failed"}
{"temp": 0.75, "batch": 10, "id": "P000814", "status": "single_error", "err": "Falha após 4 tentativas: Error code: 400 - {'error': {'message': \"Unsupported value: 'temperature' does not support 0.75 with this model. Only the default (1) value is supported.\", 'type': 'invalid_request_error', 'param': 'temperature', 'code': 'unsupported_value'}}"}
{"temp": 0.75, "batch": 10, "id": "P000814", "status": "single_error", "err": "Falha após 4 tentativas: Error code: 400 - {'error': {'message': \"Unsupported value: 'temperature' does not support 0.75 with this model. Only the default (1) value is supported.\", 'type': 'invalid_request_error', 'param': 'temperature', 'code': 'unsupported_value'}}"}
{"temp": 0.75, "batch": 10, "id": "P000814", "status": "single_failed"}
{"temp": 0.75, "batch": 10, "id": "P007760", "status": "single_error", "err": "Falha após 4 tentativas: Error code: 400 - {'error': {'message': \"Unsupported value: 'temperature' does not support 0.75 with this model. Only the default (1) value is supported.\", 'type': 'invalid_request_error', 'param': 'temperature', 'code': 'unsupported_value'}}"}
{"temp": 0.75, "batch": 10, "id": "P007760", "status": "single_error", "err": "Falha após 4 tentativas: Error code: 400 - {'error': {'message': \"Unsupported value: 'temperature' does not support 0.75 with this model. Only the default (1) value is supported.\", 'type': 'invalid_request_error', 'param': 'temperature', 'code': 'unsupported_value'}}"}
{"temp": 0.75, "batch": 10, "id": "P007760", "status": "single_failed"}
{"temp": 0.75, "batch": 10, "id": "P001676", "status": "single_error", "err": "Falha após 4 tentativas: Error code: 400 - {'error': {'message': \"Unsupported value: 'temperature' does not support 0.75 with this model. Only the default (1) value is supported.\", 'type': 'invalid_request_error', 'param': 'temperature', 'code': 'unsupported_value'}}"}
{"temp": 0.75, "batch": 10, "id": "P001676", "status": "single_error", "err": "Falha após 4 tentativas: Error code: 400 - {'error': {'message': \"Unsupported value: 'temperature' does not support 0.75 with this model. Only the default (1) value is supported.\", 'type': 'invalid_request_error', 'param': 'temperature', 'code': 'unsupported_value'}}"}
{"temp": 0.75, "batch": 10, "id": "P001676", "status": "single_failed"}
{"temp": 0.75, "batch": 11, "attempt": 1, "status": "error", "err": "Falha após 4 tentativas: Error code: 400 - {'error': {'message': \"Unsupported value: 'temperature' does not support 0.75 with this model. Only the default (1) value is supported.\", 'type': 'invalid_request_error', 'param': 'temperature', 'code': 'unsupported_value'}}"}
{"temp": 0.75, "batch": 11, "attempt": 2, "status": "error", "err": "Falha após 4 tentativas: Error code: 400 - {'error': {'message': \"Unsupported value: 'temperature' does not support 0.75 with this model. Only the default (1) value is supported.\", 'type': 'invalid_request_error', 'param': 'temperature', 'code': 'unsupported_value'}}"}
{"temp": 0.75, "batch": 11, "attempt": 3, "status": "error", "err": "Falha após 4 tentativas: Error code: 400 - {'error': {'message': \"Unsupported value: 'temperature' does not support 0.75 with this model. Only the default (1) value is supported.\", 'type': 'invalid_request_error', 'param': 'temperature', 'code': 'unsupported_value'}}"}
{"temp": 0.75, "batch": 11, "id": "P009090", "status": "single_error", "err": "Falha após 4 tentativas: Error code: 400 - {'error': {'message': \"Unsupported value: 'temperature' does not support 0.75 with this model. Only the default (1) value is supported.\", 'type': 'invalid_request_error', 'param': 'temperature', 'code': 'unsupported_value'}}"}
{"temp": 0.75, "batch": 11, "id": "P009090", "status": "single_error", "err": "Falha após 4 tentativas: Error code: 400 - {'error': {'message': \"Unsupported value: 'temperature' does not support 0.75 with this model. Only the default (1) value is supported.\", 'type': 'invalid_request_error', 'param': 'temperature', 'code': 'unsupported_value'}}"}
{"temp": 0.75, "batch": 11, "id": "P009090", "status": "single_failed"}
{"temp": 0.75, "batch": 11, "id": "P008046", "status": "single_error", "err": "Falha após 4 tentativas: Error code: 400 - {'error': {'message': \"Unsupported value: 'temperature' does not support 0.75 with this model. Only the default (1) value is supported.\", 'type': 'invalid_request_error', 'param': 'temperature', 'code': 'unsupported_value'}}"}
{"temp": 0.75, "batch": 11, "id": "P008046", "status": "single_error", "err": "Falha após 4 tentativas: Error code: 400 - {'error': {'message': \"Unsupported value: 'temperature' does not support 0.75 with this model. Only the default (1) value is supported.\", 'type': 'invalid_request_error', 'param': 'temperature', 'code': 'unsupported_value'}}"}
{"temp": 0.75, "batch": 11, "id": "P008046", "status": "single_failed"}
{"temp": 0.75, "batch": 11, "id": "P005603", "status": "single_error", "err": "Falha após 4 tentativas: Error code: 400 - {'error': {'message': \"Unsupported value: 'temperature' does not support 0.75 with this model. Only the default (1) value is supported.\", 'type': 'invalid_request_error', 'param': 'temperature', 'code': 'unsupported_value'}}"}
{"temp": 0.75, "batch": 11, "id": "P005603", "status": "single_error", "err": "Falha após 4 tentativas: Error code: 400 - {'error': {'message': \"Unsupported value: 'temperature' does not support 0.75 with this model. Only the default (1) value is supported.\", 'type': 'invalid_request_error', 'param': 'temperature', 'code': 'unsupported_value'}}"}
{"temp": 0.75, "batch": 11, "id": "P005603", "status": "single_failed"}
{"temp": 0.75, "batch": 11, "id": "P008666", "status": "single_error", "err": "Falha após 4 tentativas: Error code: 400 - {'error': {'message': \"Unsupported value: 'temperature' does not support 0.75 with this model. Only the default (1) value is supported.\", 'type': 'invalid_request_error', 'param': 'temperature', 'code': 'unsupported_value'}}"}
{"temp": 0.75, "batch": 11, "id": "P008666", "status": "single_error", "err": "Falha após 4 tentativas: Error code: 400 - {'error': {'message': \"Unsupported value: 'temperature' does not support 0.75 with this model. Only the default (1) value is supported.\", 'type': 'invalid_request_error', 'param': 'temperature', 'code': 'unsupported_value'}}"}
{"temp": 0.75, "batch": 11, "id": "P008666", "status": "single_failed"}
{"temp": 0.75, "batch": 11, "id": "P006168", "status": "single_error", "err": "Falha após 4 tentativas: Error code: 400 - {'error': {'message': \"Unsupported value: 'temperature' does not support 0.75 with this model. Only the default (1) value is supported.\", 'type': 'invalid_request_error', 'param': 'temperature', 'code': 'unsupported_value'}}"}
{"temp": 0.75, "batch": 11, "id": "P006168", "status": "single_error", "err": "Falha após 4 tentativas: Error code: 400 - {'error': {'message': \"Unsupported value: 'temperature' does not support 0.75 with this model. Only the default (1) value is supported.\", 'type': 'invalid_request_error', 'param': 'temperature', 'code': 'unsupported_value'}}"}
{"temp": 0.75, "batch": 11, "id": "P006168", "status": "single_failed"}
{"temp": 0.75, "batch": 11, "id": "P000782", "status": "single_error", "err": "Falha após 4 tentativas: Error code: 400 - {'error': {'message': \"Unsupported value: 'temperature' does not support 0.75 with this model. Only the default (1) value is supported.\", 'type': 'invalid_request_error', 'param': 'temperature', 'code': 'unsupported_value'}}"}
{"temp": 0.75, "batch": 11, "id": "P000782", "status": "single_error", "err": "Falha após 4 tentativas: Error code: 400 - {'error': {'message': \"Unsupported value: 'temperature' does not support 0.75 with this model. Only the default (1) value is supported.\", 'type': 'invalid_request_error', 'param': 'temperature', 'code': 'unsupported_value'}}"}
{"temp": 0.75, "batch": 11, "id": "P000782", "status": "single_failed"}
{"temp": 0.75, "batch": 11, "id": "P002653", "status": "single_error", "err": "Falha após 4 tentativas: Error code: 400 - {'error': {'message': \"Unsupported value: 'temperature' does not support 0.75 with this model. Only the default (1) value is supported.\", 'type': 'invalid_request_error', 'param': 'temperature', 'code': 'unsupported_value'}}"}
{"temp": 0.75, "batch": 11, "id": "P002653", "status": "single_error", "err": "Falha após 4 tentativas: Error code: 400 - {'error': {'message': \"Unsupported value: 'temperature' does not support 0.75 with this model. Only the default (1) value is supported.\", 'type': 'invalid_request_error', 'param': 'temperature', 'code': 'unsupported_value'}}"}
{"temp": 0.75, "batch": 11, "id": "P002653", "status": "single_failed"}
{"temp": 0.75, "batch": 11, "id": "P001381", "status": "single_error", "err": "Falha após 4 tentativas: Error code: 400 - {'error': {'message': \"Unsupported value: 'temperature' does not support 0.75 with this model. Only the default (1) value is supported.\", 'type': 'invalid_request_error', 'param': 'temperature', 'code': 'unsupported_value'}}"}
{"temp": 0.75, "batch": 11, "id": "P001381", "status": "single_error", "err": "Falha após 4 tentativas: Error code: 400 - {'error': {'message': \"Unsupported value: 'temperature' does not support 0.75 with this model. Only the default (1) value is supported.\", 'type': 'invalid_request_error', 'param': 'temperature', 'code': 'unsupported_value'}}"}
{"temp": 0.75, "batch": 11, "id": "P001381", "status": "single_failed"}
{"temp": 0.75, "batch": 11, "id": "P008780", "status": "single_error", "err": "Falha após 4 tentativas: Error code: 400 - {'error': {'message': \"Unsupported value: 'temperature' does not support 0.75 with this model. Only the default (1) value is supported.\", 'type': 'invalid_request_error', 'param': 'temperature', 'code': 'unsupported_value'}}"}
{"temp": 0.75, "batch": 11, "id": "P008780", "status": "single_error", "err": "Falha após 4 tentativas: Error code: 400 - {'error': {'message': \"Unsupported value: 'temperature' does not support 0.75 with this model. Only the default (1) value is supported.\", 'type': 'invalid_request_error', 'param': 'temperature', 'code': 'unsupported_value'}}"}
{"temp": 0.75, "batch": 11, "id": "P008780", "status": "single_failed"}
{"temp": 0.75, "batch": 11, "id": "P005046", "status": "single_error", "err": "Falha após 4 tentativas: Error code: 400 - {'error': {'message': \"Unsupported value: 'temperature' does not support 0.75 with this model. Only the default (1) value is supported.\", 'type': 'invalid_request_error', 'param': 'temperature', 'code': 'unsupported_value'}}"}
{"temp": 0.75, "batch": 11, "id": "P005046", "status": "single_error", "err": "Falha após 4 tentativas: Error code: 400 - {'error': {'message': \"Unsupported value: 'temperature' does not support 0.75 with this model. Only the default (1) value is supported.\", 'type': 'invalid_request_error', 'param': 'temperature', 'code': 'unsupported_value'}}"}
{"temp": 0.75, "batch": 11, "id": "P005046", "status": "single_failed"}
{"temp": 0.75, "batch": 11, "id": "P010796", "status": "single_error", "err": "Falha após 4 tentativas: Error code: 400 - {'error': {'message': \"Unsupported value: 'temperature' does not support 0.75 with this model. Only the default (1) value is supported.\", 'type': 'invalid_request_error', 'param': 'temperature', 'code': 'unsupported_value'}}"}
{"temp": 0.75, "batch": 11, "id": "P010796", "status": "single_error", "err": "Falha após 4 tentativas: Error code: 400 - {'error': {'message': \"Unsupported value: 'temperature' does not support 0.75 with this model. Only the default (1) value is supported.\", 'type': 'invalid_request_error', 'param': 'temperature', 'code': 'unsupported_value'}}"}
{"temp": 0.75, "batch": 11, "id": "P010796", "status": "single_failed"}
{"temp": 0.75, "batch": 11, "id": "P002213", "status": "single_error", "err": "Falha após 4 tentativas: Error code: 400 - {'error': {'message': \"Unsupported value: 'temperature' does not support 0.75 with this model. Only the default (1) value is supported.\", 'type': 'invalid_request_error', 'param': 'temperature', 'code': 'unsupported_value'}}"}
{"temp": 0.75, "batch": 11, "id": "P002213", "status": "single_error", "err": "Falha após 4 tentativas: Error code: 400 - {'error': {'message': \"Unsupported value: 'temperature' does not support 0.75 with this model. Only the default (1) value is supported.\", 'type': 'invalid_request_error', 'param': 'temperature', 'code': 'unsupported_value'}}"}
{"temp": 0.75, "batch": 11, "id": "P002213", "status": "single_failed"}
{"temp": 0.75, "batch": 12, "attempt": 1, "status": "error", "err": "Falha após 4 tentativas: Error code: 400 - {'error': {'message': \"Unsupported value: 'temperature' does not support 0.75 with this model. Only the default (1) value is supported.\", 'type': 'invalid_request_error', 'param': 'temperature', 'code': 'unsupported_value'}}"}
{"temp": 0.75, "batch": 12, "attempt": 2, "status": "error", "err": "Falha após 4 tentativas: Error code: 400 - {'error': {'message': \"Unsupported value: 'temperature' does not support 0.75 with this model. Only the default (1) value is supported.\", 'type': 'invalid_request_error', 'param': 'temperature', 'code': 'unsupported_value'}}"}
{"temp": 0.75, "batch": 12, "attempt": 3, "status": "error", "err": "Falha após 4 tentativas: Error code: 400 - {'error': {'message': \"Unsupported value: 'temperature' does not support 0.75 with this model. Only the default (1) value is supported.\", 'type': 'invalid_request_error', 'param': 'temperature', 'code': 'unsupported_value'}}"}
{"temp": 0.75, "batch": 12, "id": "P010739", "status": "single_error", "err": "Falha após 4 tentativas: Error code: 400 - {'error': {'message': \"Unsupported value: 'temperature' does not support 0.75 with this model. Only the default (1) value is supported.\", 'type': 'invalid_request_error', 'param': 'temperature', 'code': 'unsupported_value'}}"}
{"temp": 0.75, "batch": 12, "id": "P010739", "status": "single_error", "err": "Falha após 4 tentativas: Error code: 400 - {'error': {'message': \"Unsupported value: 'temperature' does not support 0.75 with this model. Only the default (1) value is supported.\", 'type': 'invalid_request_error', 'param': 'temperature', 'code': 'unsupported_value'}}"}
{"temp": 0.75, "batch": 12, "id": "P010739", "status": "single_failed"}
{"temp": 0.75, "batch": 12, "id": "P000440", "status": "single_error", "err": "Falha após 4 tentativas: Error code: 400 - {'error': {'message': \"Unsupported value: 'temperature' does not support 0.75 with this model. Only the default (1) value is supported.\", 'type': 'invalid_request_error', 'param': 'temperature', 'code': 'unsupported_value'}}"}
{"temp": 0.75, "batch": 12, "id": "P000440", "status": "single_error", "err": "Falha após 4 tentativas: Error code: 400 - {'error': {'message': \"Unsupported value: 'temperature' does not support 0.75 with this model. Only the default (1) value is supported.\", 'type': 'invalid_request_error', 'param': 'temperature', 'code': 'unsupported_value'}}"}
{"temp": 0.75, "batch": 12, "id": "P000440", "status": "single_failed"}
{"temp": 0.75, "batch": 12, "id": "P000506", "status": "single_error", "err": "Falha após 4 tentativas: Error code: 400 - {'error': {'message': \"Unsupported value: 'temperature' does not support 0.75 with this model. Only the default (1) value is supported.\", 'type': 'invalid_request_error', 'param': 'temperature', 'code': 'unsupported_value'}}"}
{"temp": 0.75, "batch": 12, "id": "P000506", "status": "single_error", "err": "Falha após 4 tentativas: Error code: 400 - {'error': {'message': \"Unsupported value: 'temperature' does not support 0.75 with this model. Only the default (1) value is supported.\", 'type': 'invalid_request_error', 'param': 'temperature', 'code': 'unsupported_value'}}"}
{"temp": 0.75, "batch": 12, "id": "P000506", "status": "single_failed"}
{"temp": 0.75, "batch": 12, "id": "P006411", "status": "single_error", "err": "Falha após 4 tentativas: Error code: 400 - {'error': {'message': \"Unsupported value: 'temperature' does not support 0.75 with this model. Only the default (1) value is supported.\", 'type': 'invalid_request_error', 'param': 'temperature', 'code': 'unsupported_value'}}"}
{"temp": 0.75, "batch": 12, "id": "P006411", "status": "single_error", "err": "Falha após 4 tentativas: Error code: 400 - {'error': {'message': \"Unsupported value: 'temperature' does not support 0.75 with this model. Only the default (1) value is supported.\", 'type': 'invalid_request_error', 'param': 'temperature', 'code': 'unsupported_value'}}"}
{"temp": 0.75, "batch": 12, "id": "P006411", "status": "single_failed"}
{"temp": 0.75, "batch": 12, "id": "P000283", "status": "single_error", "err": "Falha após 4 tentativas: Error code: 400 - {'error': {'message': \"Unsupported value: 'temperature' does not support 0.75 with this model. Only the default (1) value is supported.\", 'type': 'invalid_request_error', 'param': 'temperature', 'code': 'unsupported_value'}}"}
{"temp": 0.75, "batch": 12, "id": "P000283", "status": "single_error", "err": "Falha após 4 tentativas: Error code: 400 - {'error': {'message': \"Unsupported value: 'temperature' does not support 0.75 with this model. Only the default (1) value is supported.\", 'type': 'invalid_request_error', 'param': 'temperature', 'code': 'unsupported_value'}}"}
{"temp": 0.75, "batch": 12, "id": "P000283", "status": "single_failed"}
{"temp": 0.75, "batch": 12, "id": "P000406", "status": "single_error", "err": "Falha após 4 tentativas: Error code: 400 - {'error': {'message': \"Unsupported value: 'temperature' does not support 0.75 with this model. Only the default (1) value is supported.\", 'type': 'invalid_request_error', 'param': 'temperature', 'code': 'unsupported_value'}}"}
{"temp": 0.75, "batch": 12, "id": "P000406", "status": "single_error", "err": "Falha após 4 tentativas: Error code: 400 - {'error': {'message': \"Unsupported value: 'temperature' does not support 0.75 with this model. Only the default (1) value is supported.\", 'type': 'invalid_request_error', 'param': 'temperature', 'code': 'unsupported_value'}}"}
{"temp": 0.75, "batch": 12, "id": "P000406", "status": "single_failed"}
{"temp": 0.75, "batch": 12, "id": "P009409", "status": "single_error", "err": "Falha após 4 tentativas: Error code: 400 - {'error': {'message': \"Unsupported value: 'temperature' does not support 0.75 with this model. Only the default (1) value is supported.\", 'type': 'invalid_request_error', 'param': 'temperature', 'code': 'unsupported_value'}}"}
{"temp": 0.75, "batch": 12, "id": "P009409", "status": "single_error", "err": "Falha após 4 tentativas: Error code: 400 - {'error': {'message': \"Unsupported value: 'temperature' does not support 0.75 with this model. Only the default (1) value is supported.\", 'type': 'invalid_request_error', 'param': 'temperature', 'code': 'unsupported_value'}}"}
{"temp": 0.75, "batch": 12, "id": "P009409", "status": "single_failed"}
{"temp": 0.75, "batch": 12, "id": "P007330", "status": "single_error", "err": "Falha após 4 tentativas: Error code: 400 - {'error': {'message': \"Unsupported value: 'temperature' does not support 0.75 with this model. Only the default (1) value is supported.\", 'type': 'invalid_request_error', 'param': 'temperature', 'code': 'unsupported_value'}}"}
{"temp": 0.75, "batch": 12, "id": "P007330", "status": "single_error", "err": "Falha após 4 tentativas: Error code: 400 - {'error': {'message': \"Unsupported value: 'temperature' does not support 0.75 with this model. Only the default (1) value is supported.\", 'type': 'invalid_request_error', 'param': 'temperature', 'code': 'unsupported_value'}}"}
{"temp": 0.75, "batch": 12, "id": "P007330", "status": "single_failed"}
{"temp": 0.75, "batch": 12, "id": "P001914", "status": "single_error", "err": "Falha após 4 tentativas: Error code: 400 - {'error': {'message': \"Unsupported value: 'temperature' does not support 0.75 with this model. Only the default (1) value is supported.\", 'type': 'invalid_request_error', 'param': 'temperature', 'code': 'unsupported_value'}}"}
{"temp": 0.75, "batch": 12, "id": "P001914", "status": "single_error", "err": "Falha após 4 tentativas: Error code: 400 - {'error': {'message': \"Unsupported value: 'temperature' does not support 0.75 with this model. Only the default (1) value is supported.\", 'type': 'invalid_request_error', 'param': 'temperature', 'code': 'unsupported_value'}}"}
{"temp": 0.75, "batch": 12, "id": "P001914", "status": "single_failed"}
{"temp": 0.75, "batch": 12, "id": "P008097", "status": "single_error", "err": "Falha após 4 tentativas: Error code: 400 - {'error': {'message': \"Unsupported value: 'temperature' does not support 0.75 with this model. Only the default (1) value is supported.\", 'type': 'invalid_request_error', 'param': 'temperature', 'code': 'unsupported_value'}}"}
{"temp": 0.75, "batch": 12, "id": "P008097", "status": "single_error", "err": "Falha após 4 tentativas: Error code: 400 - {'error': {'message': \"Unsupported value: 'temperature' does not support 0.75 with this model. Only the default (1) value is supported.\", 'type': 'invalid_request_error', 'param': 'temperature', 'code': 'unsupported_value'}}"}
{"temp": 0.75, "batch": 12, "id": "P008097", "status": "single_failed"}
{"temp": 0.75, "batch": 12, "id": "P005145", "status": "single_error", "err": "Falha após 4 tentativas: Error code: 400 - {'error': {'message': \"Unsupported value: 'temperature' does not support 0.75 with this model. Only the default (1) value is supported.\", 'type': 'invalid_request_error', 'param': 'temperature', 'code': 'unsupported_value'}}"}
{"temp": 0.75, "batch": 12, "id": "P005145", "status": "single_error", "err": "Falha após 4 tentativas: Error code: 400 - {'error': {'message': \"Unsupported value: 'temperature' does not support 0.75 with this model. Only the default (1) value is supported.\", 'type': 'invalid_request_error', 'param': 'temperature', 'code': 'unsupported_value'}}"}
{"temp": 0.75, "batch": 12, "id": "P005145", "status": "single_failed"}
{"temp": 0.75, "batch": 12, "id": "P010648", "status": "single_error", "err": "Falha após 4 tentativas: Error code: 400 - {'error': {'message': \"Unsupported value: 'temperature' does not support 0.75 with this model. Only the default (1) value is supported.\", 'type': 'invalid_request_error', 'param': 'temperature', 'code': 'unsupported_value'}}"}
{"temp": 0.75, "batch": 12, "id": "P010648", "status": "single_error", "err": "Falha após 4 tentativas: Error code: 400 - {'error': {'message': \"Unsupported value: 'temperature' does not support 0.75 with this model. Only the default (1) value is supported.\", 'type': 'invalid_request_error', 'param': 'temperature', 'code': 'unsupported_value'}}"}
{"temp": 0.75, "batch": 12, "id": "P010648", "status": "single_failed"}
{"temp": 0.75, "batch": 13, "attempt": 1, "status": "error", "err": "Falha após 4 tentativas: Error code: 400 - {'error': {'message': \"Unsupported value: 'temperature' does not support 0.75 with this model. Only the default (1) value is supported.\", 'type': 'invalid_request_error', 'param': 'temperature', 'code': 'unsupported_value'}}"}
{"temp": 0.75, "batch": 13, "attempt": 2, "status": "error", "err": "Falha após 4 tentativas: Error code: 400 - {'error': {'message': \"Unsupported value: 'temperature' does not support 0.75 with this model. Only the default (1) value is supported.\", 'type': 'invalid_request_error', 'param': 'temperature', 'code': 'unsupported_value'}}"}
{"temp": 0.75, "batch": 13, "attempt": 3, "status": "error", "err": "Falha após 4 tentativas: Error code: 400 - {'error': {'message': \"Unsupported value: 'temperature' does not support 0.75 with this model. Only the default (1) value is supported.\", 'type': 'invalid_request_error', 'param': 'temperature', 'code': 'unsupported_value'}}"}
{"temp": 0.75, "batch": 13, "id": "P005759", "status": "single_error", "err": "Falha após 4 tentativas: Error code: 400 - {'error': {'message': \"Unsupported value: 'temperature' does not support 0.75 with this model. Only the default (1) value is supported.\", 'type': 'invalid_request_error', 'param': 'temperature', 'code': 'unsupported_value'}}"}
{"temp": 0.75, "batch": 13, "id": "P005759", "status": "single_error", "err": "Falha após 4 tentativas: Error code: 400 - {'error': {'message': \"Unsupported value: 'temperature' does not support 0.75 with this model. Only the default (1) value is supported.\", 'type': 'invalid_request_error', 'param': 'temperature', 'code': 'unsupported_value'}}"}
{"temp": 0.75, "batch": 13, "id": "P005759", "status": "single_failed"}
{"temp": 0.75, "batch": 13, "id": "P006379", "status": "single_error", "err": "Falha após 4 tentativas: Error code: 400 - {'error': {'message': \"Unsupported value: 'temperature' does not support 0.75 with this model. Only the default (1) value is supported.\", 'type': 'invalid_request_error', 'param': 'temperature', 'code': 'unsupported_value'}}"}
{"temp": 0.75, "batch": 13, "id": "P006379", "status": "single_error", "err": "Falha após 4 tentativas: Error code: 400 - {'error': {'message': \"Unsupported value: 'temperature' does not support 0.75 with this model. Only the default (1) value is supported.\", 'type': 'invalid_request_error', 'param': 'temperature', 'code': 'unsupported_value'}}"}
{"temp": 0.75, "batch": 13, "id": "P006379", "status": "single_failed"}
{"temp": 0.75, "batch": 13, "id": "P005370", "status": "single_error", "err": "Falha após 4 tentativas: Error code: 400 - {'error': {'message': \"Unsupported value: 'temperature' does not support 0.75 with this model. Only the default (1) value is supported.\", 'type': 'invalid_request_error', 'param': 'temperature', 'code': 'unsupported_value'}}"}
{"temp": 0.75, "batch": 13, "id": "P005370", "status": "single_error", "err": "Falha após 4 tentativas: Error code: 400 - {'error': {'message': \"Unsupported value: 'temperature' does not support 0.75 with this model. Only the default (1) value is supported.\", 'type': 'invalid_request_error', 'param': 'temperature', 'code': 'unsupported_value'}}"}
{"temp": 0.75, "batch": 13, "id": "P005370", "status": "single_failed"}
{"temp": 0.75, "batch": 13, "id": "P005431", "status": "single_error", "err": "Falha após 4 tentativas: Error code: 400 - {'error': {'message': \"Unsupported value: 'temperature' does not support 0.75 with this model. Only the default (1) value is supported.\", 'type': 'invalid_request_error', 'param': 'temperature', 'code': 'unsupported_value'}}"}
{"temp": 0.75, "batch": 13, "id": "P005431", "status": "single_error", "err": "Falha após 4 tentativas: Error code: 400 - {'error': {'message': \"Unsupported value: 'temperature' does not support 0.75 with this model. Only the default (1) value is supported.\", 'type': 'invalid_request_error', 'param': 'temperature', 'code': 'unsupported_value'}}"}
{"temp": 0.75, "batch": 13, "id": "P005431", "status": "single_failed"}
{"temp": 0.75, "batch": 13, "id": "P004645", "status": "single_error", "err": "Falha após 4 tentativas: Error code: 400 - {'error': {'message': \"Unsupported value: 'temperature' does not support 0.75 with this model. Only the default (1) value is supported.\", 'type': 'invalid_request_error', 'param': 'temperature', 'code': 'unsupported_value'}}"}
{"temp": 0.75, "batch": 13, "id": "P004645", "status": "single_error", "err": "Falha após 4 tentativas: Error code: 400 - {'error': {'message': \"Unsupported value: 'temperature' does not support 0.75 with this model. Only the default (1) value is supported.\", 'type': 'invalid_request_error', 'param': 'temperature', 'code': 'unsupported_value'}}"}
{"temp": 0.75, "batch": 13, "id": "P004645", "status": "single_failed"}
{"temp": 0.75, "batch": 13, "id": "P000351", "status": "single_error", "err": "Falha após 4 tentativas: Error code: 400 - {'error': {'message': \"Unsupported value: 'temperature' does not support 0.75 with this model. Only the default (1) value is supported.\", 'type': 'invalid_request_error', 'param': 'temperature', 'code': 'unsupported_value'}}"}
{"temp": 0.75, "batch": 13, "id": "P000351", "status": "single_error", "err": "Falha após 4 tentativas: Error code: 400 - {'error': {'message': \"Unsupported value: 'temperature' does not support 0.75 with this model. Only the default (1) value is supported.\", 'type': 'invalid_request_error', 'param': 'temperature', 'code': 'unsupported_value'}}"}
{"temp": 0.75, "batch": 13, "id": "P000351", "status": "single_failed"}
{"temp": 0.75, "batch": 13, "id": "P000034", "status": "single_error", "err": "Falha após 4 tentativas: Error code: 400 - {'error': {'message': \"Unsupported value: 'temperature' does not support 0.75 with this model. Only the default (1) value is supported.\", 'type': 'invalid_request_error', 'param': 'temperature', 'code': 'unsupported_value'}}"}
{"temp": 0.75, "batch": 13, "id": "P000034", "status": "single_error", "err": "Falha após 4 tentativas: Error code: 400 - {'error': {'message': \"Unsupported value: 'temperature' does not support 0.75 with this model. Only the default (1) value is supported.\", 'type': 'invalid_request_error', 'param': 'temperature', 'code': 'unsupported_value'}}"}
{"temp": 0.75, "batch": 13, "id": "P000034", "status": "single_failed"}
{"temp": 0.75, "batch": 13, "id": "P007590", "status": "single_error", "err": "Falha após 4 tentativas: Error code: 400 - {'error': {'message': \"Unsupported value: 'temperature' does not support 0.75 with this model. Only the default (1) value is supported.\", 'type': 'invalid_request_error', 'param': 'temperature', 'code': 'unsupported_value'}}"}
{"temp": 0.75, "batch": 13, "id": "P007590", "status": "single_error", "err": "Falha após 4 tentativas: Error code: 400 - {'error': {'message': \"Unsupported value: 'temperature' does not support 0.75 with this model. Only the default (1) value is supported.\", 'type': 'invalid_request_error', 'param': 'temperature', 'code': 'unsupported_value'}}"}
{"temp": 0.75, "batch": 13, "id": "P007590", "status": "single_failed"}
{"temp": 0.75, "batch": 13, "id": "P010790", "status": "single_error", "err": "Falha após 4 tentativas: Error code: 400 - {'error': {'message': \"Unsupported value: 'temperature' does not support 0.75 with this model. Only the default (1) value is supported.\", 'type': 'invalid_request_error', 'param': 'temperature', 'code': 'unsupported_value'}}"}
{"temp": 0.75, "batch": 13, "id": "P010790", "status": "single_error", "err": "Falha após 4 tentativas: Error code: 400 - {'error': {'message': \"Unsupported value: 'temperature' does not support 0.75 with this model. Only the default (1) value is supported.\", 'type': 'invalid_request_error', 'param': 'temperature', 'code': 'unsupported_value'}}"}
{"temp": 0.75, "batch": 13, "id": "P010790", "status": "single_failed"}
{"temp": 0.75, "batch": 13, "id": "P003501", "status": "single_error", "err": "Falha após 4 tentativas: Error code: 400 - {'error': {'message': \"Unsupported value: 'temperature' does not support 0.75 with this model. Only the default (1) value is supported.\", 'type': 'invalid_request_error', 'param': 'temperature', 'code': 'unsupported_value'}}"}
{"temp": 0.75, "batch": 13, "id": "P003501", "status": "single_error", "err": "Falha após 4 tentativas: Error code: 400 - {'error': {'message': \"Unsupported value: 'temperature' does not support 0.75 with this model. Only the default (1) value is supported.\", 'type': 'invalid_request_error', 'param': 'temperature', 'code': 'unsupported_value'}}"}
{"temp": 0.75, "batch": 13, "id": "P003501", "status": "single_failed"}
{"temp": 0.75, "batch": 13, "id": "P007255", "status": "single_error", "err": "Falha após 4 tentativas: Error code: 400 - {'error': {'message': \"Unsupported value: 'temperature' does not support 0.75 with this model. Only the default (1) value is supported.\", 'type': 'invalid_request_error', 'param': 'temperature', 'code': 'unsupported_value'}}"}
{"temp": 0.75, "batch": 13, "id": "P007255", "status": "single_error", "err": "Falha após 4 tentativas: Error code: 400 - {'error': {'message': \"Unsupported value: 'temperature' does not support 0.75 with this model. Only the default (1) value is supported.\", 'type': 'invalid_request_error', 'param': 'temperature', 'code': 'unsupported_value'}}"}
{"temp": 0.75, "batch": 13, "id": "P007255", "status": "single_failed"}
{"temp": 0.75, "batch": 13, "id": "P007563", "status": "single_error", "err": "Falha após 4 tentativas: Error code: 400 - {'error': {'message': \"Unsupported value: 'temperature' does not support 0.75 with this model. Only the default (1) value is supported.\", 'type': 'invalid_request_error', 'param': 'temperature', 'code': 'unsupported_value'}}"}
{"temp": 0.75, "batch": 13, "id": "P007563", "status": "single_error", "err": "Falha após 4 tentativas: Error code: 400 - {'error': {'message': \"Unsupported value: 'temperature' does not support 0.75 with this model. Only the default (1) value is supported.\", 'type': 'invalid_request_error', 'param': 'temperature', 'code': 'unsupported_value'}}"}
{"temp": 0.75, "batch": 13, "id": "P007563", "status": "single_failed"}
{"temp": 0.75, "batch": 14, "attempt": 1, "status": "error", "err": "Falha após 4 tentativas: Error code: 400 - {'error': {'message': \"Unsupported value: 'temperature' does not support 0.75 with this model. Only the default (1) value is supported.\", 'type': 'invalid_request_error', 'param': 'temperature', 'code': 'unsupported_value'}}"}
{"temp": 0.75, "batch": 14, "attempt": 2, "status": "error", "err": "Falha após 4 tentativas: Error code: 400 - {'error': {'message': \"Unsupported value: 'temperature' does not support 0.75 with this model. Only the default (1) value is supported.\", 'type': 'invalid_request_error', 'param': 'temperature', 'code': 'unsupported_value'}}"}
{"temp": 0.75, "batch": 14, "attempt": 3, "status": "error", "err": "Falha após 4 tentativas: Error code: 400 - {'error': {'message': \"Unsupported value: 'temperature' does not support 0.75 with this model. Only the default (1) value is supported.\", 'type': 'invalid_request_error', 'param': 'temperature', 'code': 'unsupported_value'}}"}
{"temp": 0.75, "batch": 14, "id": "P008297", "status": "single_error", "err": "Falha após 4 tentativas: Error code: 400 - {'error': {'message': \"Unsupported value: 'temperature' does not support 0.75 with this model. Only the default (1) value is supported.\", 'type': 'invalid_request_error', 'param': 'temperature', 'code': 'unsupported_value'}}"}
{"temp": 0.75, "batch": 14, "id": "P008297", "status": "single_error", "err": "Falha após 4 tentativas: Error code: 400 - {'error': {'message': \"Unsupported value: 'temperature' does not support 0.75 with this model. Only the default (1) value is supported.\", 'type': 'invalid_request_error', 'param': 'temperature', 'code': 'unsupported_value'}}"}
{"temp": 0.75, "batch": 14, "id": "P008297", "status": "single_failed"}
{"temp": 0.75, "batch": 14, "id": "P001471", "status": "single_error", "err": "Falha após 4 tentativas: Error code: 400 - {'error': {'message': \"Unsupported value: 'temperature' does not support 0.75 with this model. Only the default (1) value is supported.\", 'type': 'invalid_request_error', 'param': 'temperature', 'code': 'unsupported_value'}}"}
{"temp": 0.75, "batch": 14, "id": "P001471", "status": "single_error", "err": "Falha após 4 tentativas: Error code: 400 - {'error': {'message': \"Unsupported value: 'temperature' does not support 0.75 with this model. Only the default (1) value is supported.\", 'type': 'invalid_request_error', 'param': 'temperature', 'code': 'unsupported_value'}}"}
{"temp": 0.75, "batch": 14, "id": "P001471", "status": "single_failed"}
{"temp": 0.75, "batch": 14, "id": "P001033", "status": "single_error", "err": "Falha após 4 tentativas: Error code: 400 - {'error': {'message': \"Unsupported value: 'temperature' does not support 0.75 with this model. Only the default (1) value is supported.\", 'type': 'invalid_request_error', 'param': 'temperature', 'code': 'unsupported_value'}}"}
{"temp": 0.75, "batch": 14, "id": "P001033", "status": "single_error", "err": "Falha após 4 tentativas: Error code: 400 - {'error': {'message': \"Unsupported value: 'temperature' does not support 0.75 with this model. Only the default (1) value is supported.\", 'type': 'invalid_request_error', 'param': 'temperature', 'code': 'unsupported_value'}}"}
{"temp": 0.75, "batch": 14, "id": "P001033", "status": "single_failed"}
{"temp": 0.75, "batch": 14, "id": "P004414", "status": "single_error", "err": "Falha após 4 tentativas: Error code: 400 - {'error': {'message': \"Unsupported value: 'temperature' does not support 0.75 with this model. Only the default (1) value is supported.\", 'type': 'invalid_request_error', 'param': 'temperature', 'code': 'unsupported_value'}}"}
{"temp": 0.75, "batch": 14, "id": "P004414", "status": "single_error", "err": "Falha após 4 tentativas: Error code: 400 - {'error': {'message': \"Unsupported value: 'temperature' does not support 0.75 with this model. Only the default (1) value is supported.\", 'type': 'invalid_request_error', 'param': 'temperature', 'code': 'unsupported_value'}}"}
{"temp": 0.75, "batch": 14, "id": "P004414", "status": "single_failed"}
{"temp": 0.75, "batch": 14, "id": "P006555", "status": "single_error", "err": "Falha após 4 tentativas: Error code: 400 - {'error': {'message': \"Unsupported value: 'temperature' does not support 0.75 with this model. Only the default (1) value is supported.\", 'type': 'invalid_request_error', 'param': 'temperature', 'code': 'unsupported_value'}}"}
{"temp": 0.75, "batch": 14, "id": "P006555", "status": "single_error", "err": "Falha após 4 tentativas: Error code: 400 - {'error': {'message': \"Unsupported value: 'temperature' does not support 0.75 with this model. Only the default (1) value is supported.\", 'type': 'invalid_request_error', 'param': 'temperature', 'code': 'unsupported_value'}}"}
{"temp": 0.75, "batch": 14, "id": "P006555", "status": "single_failed"}
{"temp": 0.75, "batch": 14, "id": "P002054", "status": "single_error", "err": "Falha após 4 tentativas: Error code: 400 - {'error': {'message': \"Unsupported value: 'temperature' does not support 0.75 with this model. Only the default (1) value is supported.\", 'type': 'invalid_request_error', 'param': 'temperature', 'code': 'unsupported_value'}}"}
{"temp": 0.75, "batch": 14, "id": "P002054", "status": "single_error", "err": "Falha após 4 tentativas: Error code: 400 - {'error': {'message': \"Unsupported value: 'temperature' does not support 0.75 with this model. Only the default (1) value is supported.\", 'type': 'invalid_request_error', 'param': 'temperature', 'code': 'unsupported_value'}}"}
{"temp": 0.75, "batch": 14, "id": "P002054", "status": "single_failed"}
{"temp": 0.75, "batch": 14, "id": "P003433", "status": "single_error", "err": "Falha após 4 tentativas: Error code: 400 - {'error': {'message': \"Unsupported value: 'temperature' does not support 0.75 with this model. Only the default (1) value is supported.\", 'type': 'invalid_request_error', 'param': 'temperature', 'code': 'unsupported_value'}}"}
{"temp": 0.75, "batch": 14, "id": "P003433", "status": "single_error", "err": "Falha após 4 tentativas: Error code: 400 - {'error': {'message': \"Unsupported value: 'temperature' does not support 0.75 with this model. Only the default (1) value is supported.\", 'type': 'invalid_request_error', 'param': 'temperature', 'code': 'unsupported_value'}}"}
{"temp": 0.75, "batch": 14, "id": "P003433", "status": "single_failed"}
{"temp": 0.75, "batch": 14, "id": "P009695", "status": "single_error", "err": "Falha após 4 tentativas: Error code: 400 - {'error': {'message': \"Unsupported value: 'temperature' does not support 0.75 with this model. Only the default (1) value is supported.\", 'type': 'invalid_request_error', 'param': 'temperature', 'code': 'unsupported_value'}}"}
{"temp": 0.75, "batch": 14, "id": "P009695", "status": "single_error", "err": "Falha após 4 tentativas: Error code: 400 - {'error': {'message': \"Unsupported value: 'temperature' does not support 0.75 with this model. Only the default (1) value is supported.\", 'type': 'invalid_request_error', 'param': 'temperature', 'code': 'unsupported_value'}}"}
{"temp": 0.75, "batch": 14, "id": "P009695", "status": "single_failed"}
{"temp": 0.75, "batch": 14, "id": "P010477", "status": "single_error", "err": "Falha após 4 tentativas: Error code: 400 - {'error': {'message': \"Unsupported value: 'temperature' does not support 0.75 with this model. Only the default (1) value is supported.\", 'type': 'invalid_request_error', 'param': 'temperature', 'code': 'unsupported_value'}}"}
{"temp": 0.75, "batch": 14, "id": "P010477", "status": "single_error", "err": "Falha após 4 tentativas: Error code: 400 - {'error': {'message': \"Unsupported value: 'temperature' does not support 0.75 with this model. Only the default (1) value is supported.\", 'type': 'invalid_request_error', 'param': 'temperature', 'code': 'unsupported_value'}}"}
{"temp": 0.75, "batch": 14, "id": "P010477", "status": "single_failed"}
{"temp": 0.75, "batch": 14, "id": "P000031", "status": "single_error", "err": "Falha após 4 tentativas: Error code: 400 - {'error': {'message': \"Unsupported value: 'temperature' does not support 0.75 with this model. Only the default (1) value is supported.\", 'type': 'invalid_request_error', 'param': 'temperature', 'code': 'unsupported_value'}}"}
{"temp": 0.75, "batch": 14, "id": "P000031", "status": "single_error", "err": "Falha após 4 tentativas: Error code: 400 - {'error': {'message': \"Unsupported value: 'temperature' does not support 0.75 with this model. Only the default (1) value is supported.\", 'type': 'invalid_request_error', 'param': 'temperature', 'code': 'unsupported_value'}}"}
{"temp": 0.75, "batch": 14, "id": "P000031", "status": "single_failed"}
{"temp": 0.75, "batch": 14, "id": "P003789", "status": "single_error", "err": "Falha após 4 tentativas: Error code: 400 - {'error': {'message': \"Unsupported value: 'temperature' does not support 0.75 with this model. Only the default (1) value is supported.\", 'type': 'invalid_request_error', 'param': 'temperature', 'code': 'unsupported_value'}}"}
{"temp": 0.75, "batch": 14, "id": "P003789", "status": "single_error", "err": "Falha após 4 tentativas: Error code: 400 - {'error': {'message': \"Unsupported value: 'temperature' does not support 0.75 with this model. Only the default (1) value is supported.\", 'type': 'invalid_request_error', 'param': 'temperature', 'code': 'unsupported_value'}}"}
{"temp": 0.75, "batch": 14, "id": "P003789", "status": "single_failed"}
{"temp": 0.75, "batch": 14, "id": "P007494", "status": "single_error", "err": "Falha após 4 tentativas: Error code: 400 - {'error': {'message': \"Unsupported value: 'temperature' does not support 0.75 with this model. Only the default (1) value is supported.\", 'type': 'invalid_request_error', 'param': 'temperature', 'code': 'unsupported_value'}}"}
{"temp": 0.75, "batch": 14, "id": "P007494", "status": "single_error", "err": "Falha após 4 tentativas: Error code: 400 - {'error': {'message': \"Unsupported value: 'temperature' does not support 0.75 with this model. Only the default (1) value is supported.\", 'type': 'invalid_request_error', 'param': 'temperature', 'code': 'unsupported_value'}}"}
{"temp": 0.75, "batch": 14, "id": "P007494", "status": "single_failed"}
{"temp": 0.75, "batch": 15, "attempt": 1, "status": "error", "err": "Falha após 4 tentativas: Error code: 400 - {'error': {'message': \"Unsupported value: 'temperature' does not support 0.75 with this model. Only the default (1) value is supported.\", 'type': 'invalid_request_error', 'param': 'temperature', 'code': 'unsupported_value'}}"}
{"temp": 0.75, "batch": 15, "attempt": 2, "status": "error", "err": "Falha após 4 tentativas: Error code: 400 - {'error': {'message': \"Unsupported value: 'temperature' does not support 0.75 with this model. Only the default (1) value is supported.\", 'type': 'invalid_request_error', 'param': 'temperature', 'code': 'unsupported_value'}}"}
{"temp": 0.75, "batch": 15, "attempt": 3, "status": "error", "err": "Falha após 4 tentativas: Error code: 400 - {'error': {'message': \"Unsupported value: 'temperature' does not support 0.75 with this model. Only the default (1) value is supported.\", 'type': 'invalid_request_error', 'param': 'temperature', 'code': 'unsupported_value'}}"}
{"temp": 0.75, "batch": 15, "id": "P003366", "status": "single_error", "err": "Falha após 4 tentativas: Error code: 400 - {'error': {'message': \"Unsupported value: 'temperature' does not support 0.75 with this model. Only the default (1) value is supported.\", 'type': 'invalid_request_error', 'param': 'temperature', 'code': 'unsupported_value'}}"}
{"temp": 0.75, "batch": 15, "id": "P003366", "status": "single_error", "err": "Falha após 4 tentativas: Error code: 400 - {'error': {'message': \"Unsupported value: 'temperature' does not support 0.75 with this model. Only the default (1) value is supported.\", 'type': 'invalid_request_error', 'param': 'temperature', 'code': 'unsupported_value'}}"}
{"temp": 0.75, "batch": 15, "id": "P003366", "status": "single_failed"}
{"temp": 0.75, "batch": 15, "id": "P006707", "status": "single_error", "err": "Falha após 4 tentativas: Error code: 400 - {'error': {'message': \"Unsupported value: 'temperature' does not support 0.75 with this model. Only the default (1) value is supported.\", 'type': 'invalid_request_error', 'param': 'temperature', 'code': 'unsupported_value'}}"}
{"temp": 0.75, "batch": 15, "id": "P006707", "status": "single_error", "err": "Falha após 4 tentativas: Error code: 400 - {'error': {'message': \"Unsupported value: 'temperature' does not support 0.75 with this model. Only the default (1) value is supported.\", 'type': 'invalid_request_error', 'param': 'temperature', 'code': 'unsupported_value'}}"}
{"temp": 0.75, "batch": 15, "id": "P006707", "status": "single_failed"}
{"temp": 0.75, "batch": 15, "id": "P005849", "status": "single_error", "err": "Falha após 4 tentativas: Error code: 400 - {'error': {'message': \"Unsupported value: 'temperature' does not support 0.75 with this model. Only the default (1) value is supported.\", 'type': 'invalid_request_error', 'param': 'temperature', 'code': 'unsupported_value'}}"}
{"temp": 0.75, "batch": 15, "id": "P005849", "status": "single_error", "err": "Falha após 4 tentativas: Error code: 400 - {'error': {'message': \"Unsupported value: 'temperature' does not support 0.75 with this model. Only the default (1) value is supported.\", 'type': 'invalid_request_error', 'param': 'temperature', 'code': 'unsupported_value'}}"}
{"temp": 0.75, "batch": 15, "id": "P005849", "status": "single_failed"}
{"temp": 0.75, "batch": 15, "id": "P001019", "status": "single_error", "err": "Falha após 4 tentativas: Error code: 400 - {'error': {'message': \"Unsupported value: 'temperature' does not support 0.75 with this model. Only the default (1) value is supported.\", 'type': 'invalid_request_error', 'param': 'temperature', 'code': 'unsupported_value'}}"}
{"temp": 0.75, "batch": 15, "id": "P001019", "status": "single_error", "err": "Falha após 4 tentativas: Error code: 400 - {'error': {'message': \"Unsupported value: 'temperature' does not support 0.75 with this model. Only the default (1) value is supported.\", 'type': 'invalid_request_error', 'param': 'temperature', 'code': 'unsupported_value'}}"}
{"temp": 0.75, "batch": 15, "id": "P001019", "status": "single_failed"}
{"temp": 0.75, "batch": 15, "id": "P008597", "status": "single_error", "err": "Falha após 4 tentativas: Error code: 400 - {'error': {'message': \"Unsupported value: 'temperature' does not support 0.75 with this model. Only the default (1) value is supported.\", 'type': 'invalid_request_error', 'param': 'temperature', 'code': 'unsupported_value'}}"}
{"temp": 0.75, "batch": 15, "id": "P008597", "status": "single_error", "err": "Falha após 4 tentativas: Error code: 400 - {'error': {'message': \"Unsupported value: 'temperature' does not support 0.75 with this model. Only the default (1) value is supported.\", 'type': 'invalid_request_error', 'param': 'temperature', 'code': 'unsupported_value'}}"}
{"temp": 0.75, "batch": 15, "id": "P008597", "status": "single_failed"}
{"temp": 0.75, "batch": 15, "id": "P010669", "status": "single_error", "err": "Falha após 4 tentativas: Error code: 400 - {'error': {'message': \"Unsupported value: 'temperature' does not support 0.75 with this model. Only the default (1) value is supported.\", 'type': 'invalid_request_error', 'param': 'temperature', 'code': 'unsupported_value'}}"}
{"temp": 0.75, "batch": 15, "id": "P010669", "status": "single_error", "err": "Falha após 4 tentativas: Error code: 400 - {'error': {'message': \"Unsupported value: 'temperature' does not support 0.75 with this model. Only the default (1) value is supported.\", 'type': 'invalid_request_error', 'param': 'temperature', 'code': 'unsupported_value'}}"}
{"temp": 0.75, "batch": 15, "id": "P010669", "status": "single_failed"}
{"temp": 0.75, "batch": 15, "id": "P000480", "status": "single_error", "err": "Falha após 4 tentativas: Error code: 400 - {'error': {'message': \"Unsupported value: 'temperature' does not support 0.75 with this model. Only the default (1) value is supported.\", 'type': 'invalid_request_error', 'param': 'temperature', 'code': 'unsupported_value'}}"}
{"temp": 0.75, "batch": 15, "id": "P000480", "status": "single_error", "err": "Falha após 4 tentativas: Error code: 400 - {'error': {'message': \"Unsupported value: 'temperature' does not support 0.75 with this model. Only the default (1) value is supported.\", 'type': 'invalid_request_error', 'param': 'temperature', 'code': 'unsupported_value'}}"}
{"temp": 0.75, "batch": 15, "id": "P000480", "status": "single_failed"}
{"temp": 0.75, "batch": 15, "id": "P010170", "status": "single_error", "err": "Falha após 4 tentativas: Error code: 400 - {'error': {'message': \"Unsupported value: 'temperature' does not support 0.75 with this model. Only the default (1) value is supported.\", 'type': 'invalid_request_error', 'param': 'temperature', 'code': 'unsupported_value'}}"}
{"temp": 0.75, "batch": 15, "id": "P010170", "status": "single_error", "err": "Falha após 4 tentativas: Error code: 400 - {'error': {'message': \"Unsupported value: 'temperature' does not support 0.75 with this model. Only the default (1) value is supported.\", 'type': 'invalid_request_error', 'param': 'temperature', 'code': 'unsupported_value'}}"}
{"temp": 0.75, "batch": 15, "id": "P010170", "status": "single_failed"}
{"temp": 0.75, "batch": 15, "id": "P004078", "status": "single_error", "err": "Falha após 4 tentativas: Error code: 400 - {'error': {'message': \"Unsupported value: 'temperature' does not support 0.75 with this model. Only the default (1) value is supported.\", 'type': 'invalid_request_error', 'param': 'temperature', 'code': 'unsupported_value'}}"}
{"temp": 0.75, "batch": 15, "id": "P004078", "status": "single_error", "err": "Falha após 4 tentativas: Error code: 400 - {'error': {'message': \"Unsupported value: 'temperature' does not support 0.75 with this model. Only the default (1) value is supported.\", 'type': 'invalid_request_error', 'param': 'temperature', 'code': 'unsupported_value'}}"}
{"temp": 0.75, "batch": 15, "id": "P004078", "status": "single_failed"}
{"temp": 0.75, "batch": 15, "id": "P002052", "status": "single_error", "err": "Falha após 4 tentativas: Error code: 400 - {'error': {'message': \"Unsupported value: 'temperature' does not support 0.75 with this model. Only the default (1) value is supported.\", 'type': 'invalid_request_error', 'param': 'temperature', 'code': 'unsupported_value'}}"}
{"temp": 0.75, "batch": 15, "id": "P002052", "status": "single_error", "err": "Falha após 4 tentativas: Error code: 400 - {'error': {'message': \"Unsupported value: 'temperature' does not support 0.75 with this model. Only the default (1) value is supported.\", 'type': 'invalid_request_error', 'param': 'temperature', 'code': 'unsupported_value'}}"}
{"temp": 0.75, "batch": 15, "id": "P002052", "status": "single_failed"}
{"temp": 0.75, "batch": 15, "id": "P003885", "status": "single_error", "err": "Falha após 4 tentativas: Error code: 400 - {'error': {'message': \"Unsupported value: 'temperature' does not support 0.75 with this model. Only the default (1) value is supported.\", 'type': 'invalid_request_error', 'param': 'temperature', 'code': 'unsupported_value'}}"}
{"temp": 0.75, "batch": 15, "id": "P003885", "status": "single_error", "err": "Falha após 4 tentativas: Error code: 400 - {'error': {'message': \"Unsupported value: 'temperature' does not support 0.75 with this model. Only the default (1) value is supported.\", 'type': 'invalid_request_error', 'param': 'temperature', 'code': 'unsupported_value'}}"}
{"temp": 0.75, "batch": 15, "id": "P003885", "status": "single_failed"}
{"temp": 0.75, "batch": 15, "id": "P010255", "status": "single_error", "err": "Falha após 4 tentativas: Error code: 400 - {'error': {'message': \"Unsupported value: 'temperature' does not support 0.75 with this model. Only the default (1) value is supported.\", 'type': 'invalid_request_error', 'param': 'temperature', 'code': 'unsupported_value'}}"}
{"temp": 0.75, "batch": 15, "id": "P010255", "status": "single_error", "err": "Falha após 4 tentativas: Error code: 400 - {'error': {'message': \"Unsupported value: 'temperature' does not support 0.75 with this model. Only the default (1) value is supported.\", 'type': 'invalid_request_error', 'param': 'temperature', 'code': 'unsupported_value'}}"}
{"temp": 0.75, "batch": 15, "id": "P010255", "status": "single_failed"}
{"temp": 0.75, "batch": 16, "attempt": 1, "status": "error", "err": "Falha após 4 tentativas: Error code: 400 - {'error': {'message': \"Unsupported value: 'temperature' does not support 0.75 with this model. Only the default (1) value is supported.\", 'type': 'invalid_request_error', 'param': 'temperature', 'code': 'unsupported_value'}}"}
{"temp": 0.75, "batch": 16, "attempt": 2, "status": "error", "err": "Falha após 4 tentativas: Error code: 400 - {'error': {'message': \"Unsupported value: 'temperature' does not support 0.75 with this model. Only the default (1) value is supported.\", 'type': 'invalid_request_error', 'param': 'temperature', 'code': 'unsupported_value'}}"}
{"temp": 0.75, "batch": 16, "attempt": 3, "status": "error", "err": "Falha após 4 tentativas: Error code: 400 - {'error': {'message': \"Unsupported value: 'temperature' does not support 0.75 with this model. Only the default (1) value is supported.\", 'type': 'invalid_request_error', 'param': 'temperature', 'code': 'unsupported_value'}}"}
{"temp": 0.75, "batch": 16, "id": "P007182", "status": "single_error", "err": "Falha após 4 tentativas: Error code: 400 - {'error': {'message': \"Unsupported value: 'temperature' does not support 0.75 with this model. Only the default (1) value is supported.\", 'type': 'invalid_request_error', 'param': 'temperature', 'code': 'unsupported_value'}}"}
{"temp": 0.75, "batch": 16, "id": "P007182", "status": "single_error", "err": "Falha após 4 tentativas: Error code: 400 - {'error': {'message': \"Unsupported value: 'temperature' does not support 0.75 with this model. Only the default (1) value is supported.\", 'type': 'invalid_request_error', 'param': 'temperature', 'code': 'unsupported_value'}}"}
{"temp": 0.75, "batch": 16, "id": "P007182", "status": "single_failed"}
{"temp": 0.75, "batch": 16, "id": "P010425", "status": "single_error", "err": "Falha após 4 tentativas: Error code: 400 - {'error': {'message': \"Unsupported value: 'temperature' does not support 0.75 with this model. Only the default (1) value is supported.\", 'type': 'invalid_request_error', 'param': 'temperature', 'code': 'unsupported_value'}}"}
{"temp": 0.75, "batch": 16, "id": "P010425", "status": "single_error", "err": "Falha após 4 tentativas: Error code: 400 - {'error': {'message': \"Unsupported value: 'temperature' does not support 0.75 with this model. Only the default (1) value is supported.\", 'type': 'invalid_request_error', 'param': 'temperature', 'code': 'unsupported_value'}}"}
{"temp": 0.75, "batch": 16, "id": "P010425", "status": "single_failed"}
{"temp": 0.75, "batch": 16, "id": "P001944", "status": "single_error", "err": "Falha após 4 tentativas: Error code: 400 - {'error': {'message': \"Unsupported value: 'temperature' does not support 0.75 with this model. Only the default (1) value is supported.\", 'type': 'invalid_request_error', 'param': 'temperature', 'code': 'unsupported_value'}}"}
{"temp": 0.75, "batch": 16, "id": "P001944", "status": "single_error", "err": "Falha após 4 tentativas: Error code: 400 - {'error': {'message': \"Unsupported value: 'temperature' does not support 0.75 with this model. Only the default (1) value is supported.\", 'type': 'invalid_request_error', 'param': 'temperature', 'code': 'unsupported_value'}}"}
{"temp": 0.75, "batch": 16, "id": "P001944", "status": "single_failed"}
{"temp": 0.75, "batch": 16, "id": "P005005", "status": "single_error", "err": "Falha após 4 tentativas: Error code: 400 - {'error': {'message': \"Unsupported value: 'temperature' does not support 0.75 with this model. Only the default (1) value is supported.\", 'type': 'invalid_request_error', 'param': 'temperature', 'code': 'unsupported_value'}}"}
{"temp": 0.75, "batch": 16, "id": "P005005", "status": "single_error", "err": "Falha após 4 tentativas: Error code: 400 - {'error': {'message': \"Unsupported value: 'temperature' does not support 0.75 with this model. Only the default (1) value is supported.\", 'type': 'invalid_request_error', 'param': 'temperature', 'code': 'unsupported_value'}}"}
{"temp": 0.75, "batch": 16, "id": "P005005", "status": "single_failed"}
{"temp": 0.75, "batch": 16, "id": "P010591", "status": "single_error", "err": "Falha após 4 tentativas: Error code: 400 - {'error': {'message': \"Unsupported value: 'temperature' does not support 0.75 with this model. Only the default (1) value is supported.\", 'type': 'invalid_request_error', 'param': 'temperature', 'code': 'unsupported_value'}}"}
{"temp": 0.75, "batch": 16, "id": "P010591", "status": "single_error", "err": "Falha após 4 tentativas: Error code: 400 - {'error': {'message': \"Unsupported value: 'temperature' does not support 0.75 with this model. Only the default (1) value is supported.\", 'type': 'invalid_request_error', 'param': 'temperature', 'code': 'unsupported_value'}}"}
{"temp": 0.75, "batch": 16, "id": "P010591", "status": "single_failed"}
{"temp": 0.75, "batch": 16, "id": "P001853", "status": "single_error", "err": "Falha após 4 tentativas: Error code: 400 - {'error': {'message': \"Unsupported value: 'temperature' does not support 0.75 with this model. Only the default (1) value is supported.\", 'type': 'invalid_request_error', 'param': 'temperature', 'code': 'unsupported_value'}}"}
{"temp": 0.75, "batch": 16, "id": "P001853", "status": "single_error", "err": "Falha após 4 tentativas: Error code: 400 - {'error': {'message': \"Unsupported value: 'temperature' does not support 0.75 with this model. Only the default (1) value is supported.\", 'type': 'invalid_request_error', 'param': 'temperature', 'code': 'unsupported_value'}}"}
{"temp": 0.75, "batch": 16, "id": "P001853", "status": "single_failed"}
{"temp": 0.75, "batch": 16, "id": "P000132", "status": "single_error", "err": "Falha após 4 tentativas: Error code: 400 - {'error': {'message': \"Unsupported value: 'temperature' does not support 0.75 with this model. Only the default (1) value is supported.\", 'type': 'invalid_request_error', 'param': 'temperature', 'code': 'unsupported_value'}}"}
{"temp": 0.75, "batch": 16, "id": "P000132", "status": "single_error", "err": "Falha após 4 tentativas: Error code: 400 - {'error': {'message': \"Unsupported value: 'temperature' does not support 0.75 with this model. Only the default (1) value is supported.\", 'type': 'invalid_request_error', 'param': 'temperature', 'code': 'unsupported_value'}}"}
{"temp": 0.75, "batch": 16, "id": "P000132", "status": "single_failed"}
{"temp": 0.75, "batch": 16, "id": "P009767", "status": "single_error", "err": "Falha após 4 tentativas: Error code: 400 - {'error': {'message': \"Unsupported value: 'temperature' does not support 0.75 with this model. Only the default (1) value is supported.\", 'type': 'invalid_request_error', 'param': 'temperature', 'code': 'unsupported_value'}}"}
{"temp": 0.75, "batch": 16, "id": "P009767", "status": "single_error", "err": "Falha após 4 tentativas: Error code: 400 - {'error': {'message': \"Unsupported value: 'temperature' does not support 0.75 with this model. Only the default (1) value is supported.\", 'type': 'invalid_request_error', 'param': 'temperature', 'code': 'unsupported_value'}}"}
{"temp": 0.75, "batch": 16, "id": "P009767", "status": "single_failed"}
{"temp": 0.75, "batch": 16, "id": "P000287", "status": "single_error", "err": "Falha após 4 tentativas: Error code: 400 - {'error': {'message': \"Unsupported value: 'temperature' does not support 0.75 with this model. Only the default (1) value is supported.\", 'type': 'invalid_request_error', 'param': 'temperature', 'code': 'unsupported_value'}}"}
{"temp": 0.75, "batch": 16, "id": "P000287", "status": "single_error", "err": "Falha após 4 tentativas: Error code: 400 - {'error': {'message': \"Unsupported value: 'temperature' does not support 0.75 with this model. Only the default (1) value is supported.\", 'type': 'invalid_request_error', 'param': 'temperature', 'code': 'unsupported_value'}}"}
{"temp": 0.75, "batch": 16, "id": "P000287", "status": "single_failed"}
{"temp": 0.75, "batch": 16, "id": "P010676", "status": "single_error", "err": "Falha após 4 tentativas: Error code: 400 - {'error': {'message': \"Unsupported value: 'temperature' does not support 0.75 with this model. Only the default (1) value is supported.\", 'type': 'invalid_request_error', 'param': 'temperature', 'code': 'unsupported_value'}}"}
{"temp": 0.75, "batch": 16, "id": "P010676", "status": "single_error", "err": "Falha após 4 tentativas: Error code: 400 - {'error': {'message': \"Unsupported value: 'temperature' does not support 0.75 with this model. Only the default (1) value is supported.\", 'type': 'invalid_request_error', 'param': 'temperature', 'code': 'unsupported_value'}}"}
{"temp": 0.75, "batch": 16, "id": "P010676", "status": "single_failed"}
{"temp": 0.75, "batch": 16, "id": "P003508", "status": "single_error", "err": "Falha após 4 tentativas: Error code: 400 - {'error': {'message': \"Unsupported value: 'temperature' does not support 0.75 with this model. Only the default (1) value is supported.\", 'type': 'invalid_request_error', 'param': 'temperature', 'code': 'unsupported_value'}}"}
{"temp": 0.75, "batch": 16, "id": "P003508", "status": "single_error", "err": "Falha após 4 tentativas: Error code: 400 - {'error': {'message': \"Unsupported value: 'temperature' does not support 0.75 with this model. Only the default (1) value is supported.\", 'type': 'invalid_request_error', 'param': 'temperature', 'code': 'unsupported_value'}}"}
{"temp": 0.75, "batch": 16, "id": "P003508", "status": "single_failed"}
{"temp": 0.75, "batch": 16, "id": "P005211", "status": "single_error", "err": "Falha após 4 tentativas: Error code: 400 - {'error': {'message': \"Unsupported value: 'temperature' does not support 0.75 with this model. Only the default (1) value is supported.\", 'type': 'invalid_request_error', 'param': 'temperature', 'code': 'unsupported_value'}}"}
{"temp": 0.75, "batch": 16, "id": "P005211", "status": "single_error", "err": "Falha após 4 tentativas: Error code: 400 - {'error': {'message': \"Unsupported value: 'temperature' does not support 0.75 with this model. Only the default (1) value is supported.\", 'type': 'invalid_request_error', 'param': 'temperature', 'code': 'unsupported_value'}}"}
{"temp": 0.75, "batch": 16, "id": "P005211", "status": "single_failed"}
{"temp": 0.75, "batch": 17, "attempt": 1, "status": "error", "err": "Falha após 4 tentativas: Error code: 400 - {'error': {'message': \"Unsupported value: 'temperature' does not support 0.75 with this model. Only the default (1) value is supported.\", 'type': 'invalid_request_error', 'param': 'temperature', 'code': 'unsupported_value'}}"}
{"temp": 0.75, "batch": 17, "attempt": 2, "status": "error", "err": "Falha após 4 tentativas: Error code: 400 - {'error': {'message': \"Unsupported value: 'temperature' does not support 0.75 with this model. Only the default (1) value is supported.\", 'type': 'invalid_request_error', 'param': 'temperature', 'code': 'unsupported_value'}}"}
{"temp": 0.75, "batch": 17, "attempt": 3, "status": "error", "err": "Falha após 4 tentativas: Error code: 400 - {'error': {'message': \"Unsupported value: 'temperature' does not support 0.75 with this model. Only the default (1) value is supported.\", 'type': 'invalid_request_error', 'param': 'temperature', 'code': 'unsupported_value'}}"}
{"temp": 0.75, "batch": 17, "id": "P001687", "status": "single_error", "err": "Falha após 4 tentativas: Error code: 400 - {'error': {'message': \"Unsupported value: 'temperature' does not support 0.75 with this model. Only the default (1) value is supported.\", 'type': 'invalid_request_error', 'param': 'temperature', 'code': 'unsupported_value'}}"}
{"temp": 0.75, "batch": 17, "id": "P001687", "status": "single_error", "err": "Falha após 4 tentativas: Error code: 400 - {'error': {'message': \"Unsupported value: 'temperature' does not support 0.75 with this model. Only the default (1) value is supported.\", 'type': 'invalid_request_error', 'param': 'temperature', 'code': 'unsupported_value'}}"}
{"temp": 0.75, "batch": 17, "id": "P001687", "status": "single_failed"}
{"temp": 0.75, "batch": 17, "id": "P006155", "status": "single_error", "err": "Falha após 4 tentativas: Error code: 400 - {'error': {'message': \"Unsupported value: 'temperature' does not support 0.75 with this model. Only the default (1) value is supported.\", 'type': 'invalid_request_error', 'param': 'temperature', 'code': 'unsupported_value'}}"}
{"temp": 0.75, "batch": 17, "id": "P006155", "status": "single_error", "err": "Falha após 4 tentativas: Error code: 400 - {'error': {'message': \"Unsupported value: 'temperature' does not support 0.75 with this model. Only the default (1) value is supported.\", 'type': 'invalid_request_error', 'param': 'temperature', 'code': 'unsupported_value'}}"}
{"temp": 0.75, "batch": 17, "id": "P006155", "status": "single_failed"}
{"temp": 0.75, "batch": 17, "id": "P001795", "status": "single_error", "err": "Falha após 4 tentativas: Error code: 400 - {'error': {'message': \"Unsupported value: 'temperature' does not support 0.75 with this model. Only the default (1) value is supported.\", 'type': 'invalid_request_error', 'param': 'temperature', 'code': 'unsupported_value'}}"}
{"temp": 0.75, "batch": 17, "id": "P001795", "status": "single_error", "err": "Falha após 4 tentativas: Error code: 400 - {'error': {'message': \"Unsupported value: 'temperature' does not support 0.75 with this model. Only the default (1) value is supported.\", 'type': 'invalid_request_error', 'param': 'temperature', 'code': 'unsupported_value'}}"}
{"temp": 0.75, "batch": 17, "id": "P001795", "status": "single_failed"}
{"temp": 0.75, "batch": 17, "id": "P003821", "status": "single_error", "err": "Falha após 4 tentativas: Error code: 400 - {'error': {'message': \"Unsupported value: 'temperature' does not support 0.75 with this model. Only the default (1) value is supported.\", 'type': 'invalid_request_error', 'param': 'temperature', 'code': 'unsupported_value'}}"}
{"temp": 0.75, "batch": 17, "id": "P003821", "status": "single_error", "err": "Falha após 4 tentativas: Error code: 400 - {'error': {'message': \"Unsupported value: 'temperature' does not support 0.75 with this model. Only the default (1) value is supported.\", 'type': 'invalid_request_error', 'param': 'temperature', 'code': 'unsupported_value'}}"}
{"temp": 0.75, "batch": 17, "id": "P003821", "status": "single_failed"}
{"temp": 0.75, "batch": 17, "id": "P001232", "status": "single_error", "err": "Falha após 4 tentativas: Error code: 400 - {'error': {'message': \"Unsupported value: 'temperature' does not support 0.75 with this model. Only the default (1) value is supported.\", 'type': 'invalid_request_error', 'param': 'temperature', 'code': 'unsupported_value'}}"}
{"temp": 0.75, "batch": 17, "id": "P001232", "status": "single_error", "err": "Falha após 4 tentativas: Error code: 400 - {'error': {'message': \"Unsupported value: 'temperature' does not support 0.75 with this model. Only the default (1) value is supported.\", 'type': 'invalid_request_error', 'param': 'temperature', 'code': 'unsupported_value'}}"}
{"temp": 0.75, "batch": 17, "id": "P001232", "status": "single_failed"}
{"temp": 0.75, "batch": 17, "id": "P003350", "status": "single_error", "err": "Falha após 4 tentativas: Error code: 400 - {'error': {'message': \"Unsupported value: 'temperature' does not support 0.75 with this model. Only the default (1) value is supported.\", 'type': 'invalid_request_error', 'param': 'temperature', 'code': 'unsupported_value'}}"}
{"temp": 0.75, "batch": 17, "id": "P003350", "status": "single_error", "err": "Falha após 4 tentativas: Error code: 400 - {'error': {'message': \"Unsupported value: 'temperature' does not support 0.75 with this model. Only the default (1) value is supported.\", 'type': 'invalid_request_error', 'param': 'temperature', 'code': 'unsupported_value'}}"}
{"temp": 0.75, "batch": 17, "id": "P003350", "status": "single_failed"}
{"temp": 0.75, "batch": 17, "id": "P001700", "status": "single_error", "err": "Falha após 4 tentativas: Error code: 400 - {'error': {'message': \"Unsupported value: 'temperature' does not support 0.75 with this model. Only the default (1) value is supported.\", 'type': 'invalid_request_error', 'param': 'temperature', 'code': 'unsupported_value'}}"}
{"temp": 0.75, "batch": 17, "id": "P001700", "status": "single_error", "err": "Falha após 4 tentativas: Error code: 400 - {'error': {'message': \"Unsupported value: 'temperature' does not support 0.75 with this model. Only the default (1) value is supported.\", 'type': 'invalid_request_error', 'param': 'temperature', 'code': 'unsupported_value'}}"}
{"temp": 0.75, "batch": 17, "id": "P001700", "status": "single_failed"}
{"temp": 0.75, "batch": 17, "id": "P000299", "status": "single_error", "err": "Falha após 4 tentativas: Error code: 400 - {'error': {'message': \"Unsupported value: 'temperature' does not support 0.75 with this model. Only the default (1) value is supported.\", 'type': 'invalid_request_error', 'param': 'temperature', 'code': 'unsupported_value'}}"}
{"temp": 0.75, "batch": 17, "id": "P000299", "status": "single_error", "err": "Falha após 4 tentativas: Error code: 400 - {'error': {'message': \"Unsupported value: 'temperature' does not support 0.75 with this model. Only the default (1) value is supported.\", 'type': 'invalid_request_error', 'param': 'temperature', 'code': 'unsupported_value'}}"}
{"temp": 0.75, "batch": 17, "id": "P000299", "status": "single_failed"}
