id_persona,temperature,situacao,lifestyle,stai_total,stai_1,stai_2,stai_3,stai_4,stai_5,stai_6,stai_7,stai_8,stai_9,stai_10,stai_11,stai_12,stai_13,stai_14,stai_15,stai_16,stai_17,stai_18,stai_19,stai_20
P008752,0.75,padrao_1,moderado,51,3,2,3,3,2,2,3,2,2,3,4,3,2,2,3,2,3,3,2,3
P002122,0.75,padrao_1,ativo,52,3,3,2,4,3,2,3,4,2,3,2,3,4,2,3,2,3,4,2,3
P006797,0.75,padrao_1,moderado,50,3,3,2,3,2,3,2,3,2,3,2,3,2,3,2,3,2,3,2,3
P007869,0.75,padrao_1,moderado,47,3,3,2,3,2,3,2,3,1,3,2,3,3,2,3,2,3,2,3,2
P001141,0.75,padrao_1,moderado,56,3,4,3,2,3,4,3,2,3,4,2,3,4,3,2,3,4,3,2,4
P010056,0.75,padrao_1,moderado,50,3,3,2,3,2,3,2,3,2,3,2,3,2,2,3,2,3,3,2,3
P010469,0.75,padrao_1,moderado,49,3,2,3,2,3,2,3,2,3,2,3,2,3,2,3,2,3,2,3,2
P003900,0.75,padrao_1,moderado,52,3,2,3,2,3,4,3,2,3,2,3,4,3,2,4,3,2,4,3,2
P001013,0.75,padrao_1,moderado,49,3,3,2,4,3,2,3,2,2,3,4,3,2,3,3,2,3,4,3,2
P005868,0.75,padrao_1,ativo,45,3,3,4,2,3,2,3,4,2,3,4,3,2,4,3,3,2,3,4,3
P004270,0.75,padrao_1,sedentário,48,3,3,2,3,2,3,2,3,2,3,2,3,2,3,2,3,2,3,3,2
P000130,0.75,padrao_1,moderado,47,3,3,2,3,2,3,2,4,3,2,3,2,3,2,4,3,2,3,2,3
P001617,0.75,padrao_1,ativo,45,3,3,2,3,4,2,3,2,3,4,2,3,2,3,4,3,2,3,4,3
P008935,0.75,padrao_1,moderado,53,3,3,2,3,2,3,2,2,4,3,2,3,3,2,3,2,3,4,3,2
P002363,0.75,padrao_1,moderado,53,3,3,2,3,2,3,2,2,4,3,2,3,2,3,2,3,2,3,2,3
P010776,0.75,padrao_1,moderado,47,3,3,2,3,2,3,2,3,2,3,2,3,2,3,2,3,2,3,4,2
P003398,0.75,padrao_1,ativo,49,3,4,3,2,3,4,3,2,3,2,4,3,2,3,4,2,3,3,4,3
P003331,0.75,padrao_1,sedentário,51,3,2,3,3,2,3,2,2,4,3,2,3,3,2,3,3,2,2,4,3
P001123,0.75,padrao_1,moderado,51,3,4,3,2,3,3,2,4,3,2,3,2,4,3,2,3,4,3,2,3
P007392,0.75,padrao_1,moderado,54,3,4,3,2,3,4,2,3,4,2,3,4,2,3,3,2,4,3,2,3
P007733,0.75,padrao_1,moderado,47,3,3,2,2,3,3,2,2,3,2,3,2,3,2,2,3,2,3,3,2
P001344,0.75,padrao_1,moderado,51,3,3,2,3,4,3,2,3,4,2,3,3,2,4,3,3,2,4,2,3
P007755,0.75,padrao_1,moderado,47,3,2,3,2,3,2,3,2,3,2,3,2,3,2,4,3,2,3,3,2
P010777,0.75,padrao_1,sedentário,52,3,4,3,2,3,4,3,2,4,3,2,3,4,2,3,4,3,2,3,4
P007165,0.75,padrao_1,moderado,55,3,4,2,3,2,4,3,2,4,3,2,3,4,3,2,4,3,2,3,4
P009870,0.75,padrao_1,moderado,53,3,3,2,3,2,3,2,2,3,2,3,4,2,3,4,2,3,3,2,3
P004485,0.75,padrao_1,moderado,55,3,3,2,4,2,3,3,2,3,2,4,3,2,3,2,3,4,3,2,3
P002414,0.75,padrao_1,moderado,49,3,2,3,2,4,2,3,2,3,4,2,3,2,3,2,3,4,2,3,2
P006830,0.75,padrao_1,moderado,49,3,3,2,2,3,2,3,2,3,2,3,2,3,2,2,3,2,3,2,3
P004442,0.75,padrao_1,moderado,46,3,3,2,2,3,3,2,3,3,2,3,2,3,2,3,2,3,2,3,2
P000210,0.75,padrao_1,moderado,50,3,3,2,3,2,3,2,3,2,3,2,3,2,3,2,3,2,3,2,3
P009615,0.75,padrao_1,ativo,47,3,3,2,4,3,2,2,3,3,2,4,3,2,3,4,3,2,3,2,3
P008147,0.75,padrao_1,moderado,52,3,3,2,3,2,2,3,3,2,3,2,3,2,3,2,2,3,3,2,3
P007656,0.75,padrao_1,moderado,50,3,2,3,3,2,3,2,3,2,3,2,3,2,3,3,2,3,2,3,2
P003702,0.75,padrao_1,moderado,49,3,3,2,3,3,2,3,2,3,2,3,3,2,3,2,3,3,2,3,2
P006431,0.75,padrao_1,moderado,50,3,2,3,3,2,3,2,3,2,2,3,3,2,3,2,3,2,3,3,2
P004696,0.75,padrao_1,moderado,50,3,3,2,3,2,3,2,3,2,3,2,3,2,3,2,3,2,3,2,3
P008435,0.75,padrao_1,moderado,52,3,2,3,3,2,3,4,3,2,3,2,3,3,2,4,3,2,3,2,3
P000610,0.75,padrao_1,moderado,49,3,3,2,3,2,2,3,2,3,2,3,2,3,2,3,2,3,2,3,2
P008477,0.75,padrao_1,sedentário,50,3,3,2,3,2,3,2,3,2,3,2,3,2,3,2,3,2,3,2,3
P009765,0.75,padrao_1,moderado,47,3,3,2,2,3,2,3,2,3,2,3,2,2,3,2,3,3,2,3,2
P006255,0.75,padrao_1,moderado,49,3,2,3,3,2,2,4,2,3,3,2,2,3,1,3,4,2,3,3,2
P007300,0.75,padrao_1,sedentário,49,3,2,3,2,3,2,3,2,3,2,3,2,3,2,3,2,3,2,3,2
P003502,0.75,padrao_1,moderado,47,3,3,2,3,3,2,2,3,2,3,3,2,3,2,3,2,3,3,2,3
P010343,0.75,padrao_1,moderado,50,3,3,2,4,2,3,4,3,2,3,2,4,3,2,3,4,2,3,4,3
P005056,0.75,padrao_1,moderado,49,3,3,3,2,2,3,2,4,3,3,2,3,2,3,2,3,3,2,3,3
P004467,0.75,padrao_1,moderado,46,3,4,3,2,4,3,2,3,4,2,3,4,2,3,4,3,2,3,4,3
P008766,0.75,padrao_1,moderado,49,3,3,2,4,3,3,2,3,2,4,3,3,2,4,3,3,2,4,2,3
P004309,0.75,padrao_1,moderado,51,2,3,2,3,2,3,2,3,2,3,2,3,2,3,2,3,2,3,2,3
P007958,0.75,padrao_1,sedentário,50,3,3,2,3,2,4,3,2,3,2,4,3,2,3,2,4,3,2,3,2
P010682,0.75,padrao_1,moderado,50,3,2,3,3,2,3,2,3,2,3,2,3,3,2,3,2,3,2,3,2
P009534,0.75,padrao_1,ativo,46,3,3,2,4,2,3,3,2,2,3,4,2,3,2,3,4,3,2,4,3
P010535,0.75,padrao_1,moderado,49,3,3,2,3,3,2,3,2,2,3,3,2,3,2,3,2,3,3,2,3
P009046,0.75,padrao_1,moderado,44,3,4,2,3,3,2,4,3,2,3,4,2,3,2,3,4,3,2,3,4
P003592,0.75,padrao_1,moderado,49,3,3,2,3,2,3,2,3,3,2,3,2,3,3,2,3,2,3,3,2
P003859,0.75,padrao_1,moderado,50,3,3,2,3,2,3,2,3,2,3,2,3,2,3,2,3,2,3,2,3
P002276,0.75,padrao_1,ativo,49,3,3,2,4,3,2,3,2,2,3,3,2,3,4,2,3,2,3,4,3
P002064,0.75,padrao_1,ativo,49,3,3,2,3,2,3,2,4,3,2,3,3,2,4,2,3,2,3,3,2
P004012,0.75,padrao_1,moderado,50,3,3,2,3,2,3,2,3,2,3,2,3,2,3,2,3,2,3,2,3
P000988,0.75,padrao_1,ativo,52,3,2,3,2,3,2,3,2,3,2,3,3,2,3,2,3,2,3,2,3
P001391,0.75,padrao_1,sedentário,52,3,3,2,3,2,3,2,2,3,3,2,3,2,3,2,3,2,3,2,3
P003471,0.75,padrao_1,moderado,52,3,3,2,4,3,3,2,3,4,3,2,3,4,2,3,3,2,4,3,3
P005982,0.75,padrao_1,moderado,48,3,3,2,3,2,3,2,3,2,3,2,3,2,3,2,3,2,3,3,2
P003960,0.75,padrao_1,moderado,46,3,3,2,3,4,3,2,3,2,3,3,2,4,3,2,3,2,3,4,3
P006554,0.75,padrao_1,moderado,49,2,3,3,2,3,2,3,2,3,2,4,3,2,3,3,2,3,2,3,2
P009043,0.75,padrao_1,moderado,52,3,3,4,2,3,3,4,2,3,2,3,4,2,3,2,4,3,3,4,2
P001109,0.75,padrao_1,sedentário,54,3,3,2,3,2,4,3,2,4,3,2,3,4,2,3,3,2,4,3,2
P002495,0.75,padrao_1,moderado,45,3,4,3,2,3,3,2,4,3,2,4,3,2,3,4,3,2,3,2,3
P004990,0.75,padrao_1,ativo,45,3,4,3,2,3,3,2,4,3,2,4,3,3,2,3,4,3,2,3,4
P003032,0.75,padrao_1,ativo,50,3,3,2,3,2,3,2,3,2,3,2,3,2,3,2,3,2,3,2,3
P005860,0.75,padrao_1,moderado,50,3,3,2,3,2,3,2,2,3,2,3,2,3,1,2,3,2,3,2,3
P004665,0.75,padrao_1,moderado,49,3,2,2,3,1,2,2,3,2,3,2,3,2,1,3,2,3,2,1,2
P006939,0.75,padrao_1,ativo,53,3,4,3,2,3,4,2,3,4,2,3,4,2,3,4,2,3,4,2,3
P002990,0.75,padrao_1,moderado,56,3,3,4,2,3,4,2,3,4,2,3,3,2,4,3,2,3,4,2,3
P001193,0.75,padrao_1,moderado,53,3,3,4,3,4,3,2,3,4,2,3,4,2,3,3,4,3,4,3,4
P008404,0.75,padrao_1,moderado,51,3,3,2,3,2,3,2,3,2,3,2,3,3,2,3,2,3,3,2,3
P010762,0.75,padrao_1,sedentário,47,3,2,3,4,3,3,2,3,2,3,4,2,3,2,3,4,2,3,2,3
P005912,0.75,padrao_1,sedentário,52,3,4,3,2,3,4,3,2,3,4,3,2,4,3,2,3,4,2,3,4
P000117,0.75,padrao_1,moderado,50,3,3,2,4,3,2,3,4,2,3,2,3,4,3,2,3,2,4,3,2
P004480,0.75,padrao_1,moderado,49,3,3,2,2,4,3,3,2,3,2,4,3,2,3,2,3,2,3,2,3
P004295,0.75,padrao_1,moderado,49,3,3,2,2,2,3,3,2,3,4,2,3,3,2,2,3,3,2,3,2
P008398,0.75,padrao_1,moderado,43,3,4,2,3,2,3,4,3,2,3,4,2,3,2,3,4,2,3,4,2
P006129,0.75,padrao_1,sedentário,46,3,3,2,3,3,2,4,3,2,3,4,3,2,3,4,3,3,2,3,4
P008164,0.75,padrao_1,moderado,50,3,2,3,2,3,3,2,3,2,3,2,3,2,3,2,3,2,3,2,3
P008897,0.75,padrao_1,ativo,50,3,2,3,4,2,3,2,3,2,3,4,2,3,2,3,1,4,2,3,2
P003995,0.75,padrao_1,moderado,55,3,3,2,4,3,2,3,2,4,3,2,3,3,2,3,2,4,3,2,3
P008478,0.75,padrao_1,moderado,50,3,3,2,3,2,3,2,3,2,3,2,3,2,3,2,3,2,3,2,3
P005440,0.75,padrao_1,moderado,46,3,3,2,3,2,3,2,3,2,3,3,2,2,3,2,3,2,3,3,2
P008587,0.75,padrao_1,moderado,49,3,3,2,3,2,3,2,3,2,3,2,3,3,2,2,3,3,2,3,3
P004479,0.75,padrao_1,sedentário,51,3,4,3,2,3,4,3,2,3,4,3,2,3,4,3,2,3,4,3,2
P009146,0.75,padrao_1,moderado,49,3,2,3,2,3,2,3,2,3,2,3,2,3,2,3,2,3,2,3,2
P008157,0.75,padrao_1,sedentário,48,3,3,2,3,4,2,3,2,3,4,2,3,2,3,4,3,2,3,2,4
P007431,0.75,padrao_1,moderado,49,3,2,3,2,3,2,3,2,3,2,3,2,3,2,3,2,3,2,3,2
P009110,0.75,padrao_1,moderado,51,3,3,2,3,2,3,3,2,2,3,2,3,3,2,3,2,3,2,3,3
P008406,0.75,padrao_1,moderado,48,3,3,2,3,2,3,2,3,3,4,2,3,2,3,1,3,2,3,4,2
P001568,0.75,padrao_1,ativo,49,3,3,2,3,2,3,2,3,2,2,3,3,2,4,2,3,2,3,3,2
P000854,0.75,padrao_1,sedentário,50,3,4,3,2,3,4,3,2,3,2,4,3,2,3,4,3,2,4,2,3
P002149,0.75,padrao_1,moderado,52,3,3,2,2,3,3,2,2,3,2,3,2,3,3,2,2,3,3,2,3
P000901,0.75,padrao_1,moderado,51,3,3,2,3,2,3,2,3,2,3,2,3,3,2,1,3,2,3,2,3
P003959,0.75,padrao_1,ativo,50,3,3,2,3,2,3,2,3,2,2,3,3,2,3,2,3,2,3,2,3
P010416,0.75,padrao_1,moderado,52,2,3,2,3,2,3,2,3,2,2,3,2,4,3,2,3,2,3,2,3
P000043,0.75,padrao_1,moderado,50,3,3,2,3,2,3,2,3,2,3,2,3,2,3,2,3,2,3,2,3
P004381,0.75,padrao_1,moderado,46,3,4,3,2,4,3,3,2,3,2,4,3,3,2,4,3,2,4,3,2
P005730,0.75,padrao_1,moderado,51,3,3,2,3,2,3,3,2,3,2,3,2,2,3,3,2,3,2,3,3
P006114,0.75,padrao_1,sedentário,50,3,3,2,3,2,3,2,3,2,3,2,3,2,3,2,3,2,3,2,3
P001735,0.75,padrao_1,moderado,52,3,3,2,3,2,4,3,2,3,2,4,3,2,3,2,3,2,4,3,2
P000298,0.75,padrao_1,moderado,44,3,3,2,2,3,3,2,3,2,3,3,2,3,2,3,2,3,2,3,2
P001463,0.75,padrao_1,moderado,44,3,2,3,2,4,3,2,3,2,3,4,2,3,2,3,4,2,3,2,3
P003439,0.75,padrao_1,ativo,54,3,3,2,4,3,2,4,3,3,2,4,3,2,4,3,2,4,3,2,3
P005413,0.75,padrao_1,sedentário,47,3,3,2,4,3,3,2,3,2,4,2,3,3,2,4,3,2,3,2,3
P001103,0.75,padrao_1,moderado,49,3,2,3,2,3,2,3,2,3,2,3,2,3,2,3,2,3,2,3,2
P004041,0.75,padrao_1,moderado,49,3,3,2,4,3,2,3,3,2,4,3,2,3,4,2,3,3,2,3,4
P010225,0.75,padrao_1,ativo,49,3,2,3,2,3,2,3,2,3,2,4,3,2,3,3,2,3,2,3,2
P004871,0.75,padrao_1,moderado,48,3,3,2,3,2,3,2,3,2,3,2,3,2,3,3,2,3,2,3,2
P001071,0.75,padrao_1,moderado,51,2,3,3,2,3,2,2,3,3,2,2,3,2,3,2,3,2,3,2,3
P002630,0.75,padrao_1,moderado,57,3,3,2,4,2,3,2,1,3,2,4,3,2,3,1,2,3,4,2,3
P001138,0.75,padrao_1,moderado,49,3,3,2,3,2,3,2,3,2,3,2,3,2,4,3,2,3,2,3,2
P004979,0.75,padrao_1,sedentário,49,3,2,3,2,3,2,3,2,3,2,3,2,3,2,3,2,3,2,3,2
P008394,0.75,padrao_1,sedentário,50,3,3,2,3,2,3,2,3,2,3,2,3,2,3,2,3,2,3,2,3
P006346,0.75,padrao_1,moderado,49,3,2,3,2,3,2,3,2,3,2,3,2,3,2,3,2,3,2,3,2
P006774,0.75,padrao_1,moderado,48,3,3,2,3,3,2,3,2,3,2,3,2,3,2,3,2,3,2,3,2
P009058,0.75,padrao_1,moderado,51,2,3,2,3,2,3,2,3,2,3,2,3,2,3,2,3,2,3,2,3
P001435,0.75,padrao_1,moderado,50,3,3,2,3,2,3,2,2,3,2,3,2,3,2,3,3,2,3,2,3
P006214,0.75,padrao_1,moderado,49,3,2,3,2,3,2,3,2,3,2,3,2,3,2,3,2,3,2,3,2
P002776,0.75,padrao_1,moderado,49,3,3,4,2,3,3,4,2,3,2,4,3,2,3,4,3,2,3,4,3
P010194,0.75,padrao_1,moderado,50,3,3,2,3,2,3,2,3,2,3,2,3,2,3,2,3,2,3,2,3
P010507,0.75,padrao_1,moderado,46,3,3,2,3,2,3,2,3,2,3,3,2,3,2,3,2,3,2,3,2
P009945,0.75,padrao_1,moderado,53,3,2,3,3,2,3,2,3,2,3,2,4,2,3,2,3,2,3,2,3
P005708,0.75,padrao_1,moderado,52,3,3,2,3,2,3,3,2,2,3,2,3,2,3,2,3,3,2,2,3
P000894,0.75,padrao_1,ativo,55,3,3,2,3,2,3,4,2,3,2,3,4,2,3,2,3,2,4,3,3
P004125,0.75,padrao_1,moderado,54,3,2,3,2,3,2,4,2,3,2,3,2,3,4,2,3,2,3,2,3
P006080,0.75,padrao_1,moderado,55,3,3,2,3,2,4,3,2,3,2,4,3,2,3,2,3,4,3,2,3
P009902,0.75,padrao_1,moderado,47,3,3,2,2,3,2,3,2,3,2,3,2,3,2,3,2,3,2,3,2
P009149,0.75,padrao_1,moderado,53,3,4,3,2,4,3,4,2,3,2,4,3,2,4,3,2,3,4,3,4
P005391,0.75,padrao_1,ativo,53,3,3,4,3,2,3,4,2,3,2,3,4,2,3,3,4,2,3,4,3
P007842,0.75,padrao_1,moderado,50,3,3,2,3,2,3,2,3,2,3,2,3,2,3,2,3,2,3,2,3
P000319,0.75,padrao_1,moderado,50,3,3,2,3,2,3,2,3,2,3,2,3,2,3,2,3,2,3,2,3
P008468,0.75,padrao_1,sedentário,50,3,3,2,3,2,3,2,3,2,3,2,3,2,3,2,3,2,3,2,3
P004879,0.75,padrao_1,moderado,46,3,3,2,3,2,3,2,3,2,3,3,2,3,2,3,2,3,2,3,2
P000265,0.75,padrao_1,sedentário,49,3,3,2,4,3,3,2,4,3,2,3,4,2,3,3,4,3,2,3,4
P006185,0.75,padrao_1,moderado,53,3,3,2,3,2,3,3,2,3,2,3,3,2,3,2,3,2,3,2,3
P004769,0.75,padrao_1,moderado,60,3,2,4,3,2,3,4,2,3,2,3,4,2,3,1,2,3,4,3,2
P006726,0.75,padrao_1,moderado,50,3,3,2,3,2,3,2,3,2,3,2,3,2,3,2,3,2,3,2,3
P007324,0.75,padrao_1,moderado,46,3,3,2,4,3,3,2,4,2,4,3,3,2,4,3,2,3,2,4,3
P008251,0.75,padrao_1,moderado,46,3,3,2,4,3,2,3,4,2,3,3,2,4,3,2,4,3,2,4,3
P000770,0.75,padrao_1,moderado,46,3,3,2,3,4,3,2,3,2,3,3,2,4,3,2,3,3,2,4,3
P001657,0.75,padrao_1,moderado,50,3,2,3,2,3,2,3,1,2,2,3,2,3,2,3,1,3,2,3,2
P006357,0.75,padrao_1,moderado,50,3,3,2,3,2,3,2,3,2,3,2,3,2,3,2,3,2,3,2,3
P008069,0.75,padrao_1,ativo,48,3,4,3,2,3,4,2,3,2,3,4,2,3,4,3,2,4,3,4,3
P005318,0.75,padrao_1,moderado,50,3,3,2,3,2,3,2,3,2,3,2,3,2,3,2,3,2,3,2,3
P010384,0.75,padrao_1,sedentário,46,3,4,2,3,4,3,2,3,4,2,3,4,3,2,3,4,2,3,4,3
P007046,0.75,padrao_1,moderado,48,3,3,2,3,2,3,2,3,2,2,3,2,3,2,3,3,2,3,2,3
P003777,0.75,padrao_1,moderado,47,3,3,2,3,2,3,2,3,2,3,4,2,3,2,3,2,3,3,2,2
P008593,0.75,padrao_1,ativo,49,3,4,3,4,3,2,4,3,2,3,3,2,4,3,2,4,3,3,4,3
P010778,0.75,padrao_1,moderado,45,3,3,2,2,4,3,2,3,3,2,4,3,2,3,2,3,2,3,4,3
P000561,0.75,padrao_1,ativo,47,3,3,2,2,3,2,4,3,2,3,2,3,2,3,4,2,3,2,3,3
P009024,0.75,padrao_1,sedentário,52,3,3,2,3,3,2,4,2,3,3,2,3,4,3,2,3,3,2,4,3
P002689,0.75,padrao_1,moderado,47,3,3,2,3,2,3,2,4,3,2,3,2,3,2,3,3,2,4,3,2
P000291,0.75,padrao_1,moderado,50,3,3,2,3,2,4,3,2,3,2,4,3,2,3,2,4,3,2,3,2
P003196,0.75,padrao_1,moderado,49,3,2,3,2,3,2,3,2,3,2,3,2,3,2,3,2,3,2,3,2
P001175,0.75,padrao_1,moderado,48,3,3,2,3,2,3,2,3,3,2,3,2,3,2,3,2,3,2,3,2
P002976,0.75,padrao_1,moderado,46,3,3,2,3,2,3,2,3,2,3,3,2,3,2,3,2,3,2,3,2
P010166,0.75,padrao_1,moderado,47,3,3,2,2,3,2,3,2,3,2,3,2,3,2,3,2,3,2,3,2
P007602,0.75,padrao_1,moderado,50,2,3,3,2,4,3,2,3,2,3,2,3,4,3,2,3,2,4,3,2
P002436,0.75,padrao_1,sedentário,51,3,3,2,3,2,3,2,3,2,3,2,3,3,2,3,2,3,3,2,3
P002051,0.75,padrao_1,sedentário,51,3,3,2,3,2,3,2,3,2,3,2,3,2,3,3,2,3,3,2,3
P005173,0.75,padrao_1,sedentário,50,3,2,3,2,3,2,3,2,4,3,2,3,1,2,3,2,3,1,2,3
P004271,0.75,padrao_1,moderado,47,3,3,2,2,3,2,3,2,3,2,3,2,3,2,3,2,3,2,3,2
P001054,0.75,padrao_1,moderado,51,3,3,2,4,3,3,2,2,3,4,3,2,3,4,3,2,3,4,3,2
P003727,0.75,padrao_1,sedentário,56,3,2,3,3,2,2,4,3,3,2,2,3,2,3,3,2,3,4,3,3
P004695,0.75,padrao_1,moderado,47,3,3,2,2,3,2,2,3,2,3,2,3,2,3,2,3,2,3,2,3
P008223,0.75,padrao_1,ativo,49,3,2,3,2,3,2,3,2,3,2,3,2,3,2,3,2,3,2,3,2
P009452,0.75,padrao_1,moderado,51,3,3,2,2,3,2,3,2,4,3,2,3,2,3,2,3,2,3,2,3
P000580,0.75,padrao_1,moderado,47,2,3,2,2,3,2,3,1,3,2,3,2,1,3,2,3,2,2,3,2
P010783,0.75,padrao_1,moderado,50,3,3,2,3,2,3,2,3,2,3,2,3,2,3,2,3,2,3,2,3
P002563,0.75,padrao_1,moderado,49,3,3,2,3,2,3,2,4,3,2,3,2,3,2,2,3,4,2,3,3
P010011,0.75,padrao_1,moderado,49,3,4,3,2,3,3,2,4,3,2,3,4,3,2,3,2,3,4,3,2
P009940,0.75,padrao_1,ativo,56,3,2,3,4,2,3,2,3,4,3,2,3,2,4,3,2,3,2,3,4
P004115,0.75,padrao_1,moderado,45,3,3,2,3,2,3,2,4,2,3,2,3,3,2,3,4,2,3,3,2
P003647,0.75,padrao_1,moderado,47,3,3,2,3,2,3,2,3,2,3,3,2,3,2,3,3,2,3,2,3
P007728,0.75,padrao_1,sedentário,48,2,3,2,3,2,3,2,3,2,2,3,2,3,2,3,2,3,2,3,2
P009036,0.75,padrao_1,moderado,56,3,2,4,3,2,3,3,2,4,3,2,3,4,2,3,3,2,4,3,2
P007377,0.75,padrao_1,moderado,49,3,2,3,2,3,2,3,2,3,2,3,2,3,2,3,2,3,2,3,2
P002196,0.75,padrao_1,moderado,46,3,3,2,4,3,3,2,3,2,3,4,3,2,3,2,4,3,2,3,3
P001948,0.75,padrao_1,sedentário,50,3,3,4,3,2,3,4,3,2,3,4,3,2,3,3,4,3,2,3,4
P002720,0.75,padrao_1,moderado,48,2,3,2,3,2,3,2,3,2,3,2,3,2,3,2,3,2,2,3,2
P003519,0.75,padrao_1,moderado,51,3,2,3,2,4,2,3,2,4,3,2,3,2,3,2,3,2,4,3,2
P006843,0.75,padrao_1,sedentário,49,3,4,3,2,3,4,2,3,3,3,4,2,3,3,4,2,3,4,2,3
P008979,0.75,padrao_1,ativo,55,2,3,2,3,2,4,3,2,2,3,3,2,4,3,2,2,3,2,3,4
P008697,0.75,padrao_1,ativo,47,3,3,2,3,4,3,2,3,2,3,2,4,3,2,3,3,2,4,3,2
P010462,0.75,padrao_1,moderado,49,3,2,3,2,3,2,3,2,3,2,3,2,3,2,3,2,3,2,3,2
P000080,0.75,padrao_1,moderado,50,3,3,2,3,2,3,2,3,2,3,2,3,2,3,2,3,2,3,2,3
P003890,0.75,padrao_1,moderado,53,3,3,2,4,3,2,3,2,3,4,3,2,3,4,2,3,4,3,2,3
P002773,0.75,padrao_1,moderado,50,3,3,2,3,2,3,2,3,2,2,3,3,2,3,2,3,2,3,2,3
P002283,0.75,padrao_1,moderado,50,3,2,3,2,3,3,2,3,2,3,2,3,2,3,2,3,2,3,2,3
P003530,0.75,padrao_1,moderado,54,3,3,2,4,3,2,3,2,4,3,2,3,4,2,3,2,3,4,3,2
P002906,0.75,padrao_1,moderado,47,3,3,2,4,3,2,3,2,3,2,4,3,3,2,4,3,2,3,4,3
P007659,0.75,padrao_1,moderado,49,3,3,2,2,3,2,3,2,3,2,2,3,2,3,3,2,3,2,3,2
P010774,0.75,padrao_1,moderado,50,3,3,2,3,2,3,3,2,2,3,2,3,3,2,3,4,2,3,2,3
P003245,0.75,padrao_1,ativo,43,3,3,2,2,3,2,3,3,2,2,3,2,3,2,3,3,2,2,3,2
P003894,0.75,padrao_1,moderado,47,3,3,2,4,3,2,3,2,3,3,4,2,3,2,3,3,4,2,3,2
P001206,0.75,padrao_1,ativo,52,3,3,3,4,3,2,4,3,2,3,4,3,2,3,2,3,4,3,2,3
P004688,0.75,padrao_1,moderado,52,3,3,2,3,2,3,2,3,2,3,2,4,3,3,2,3,2,3,2,3
P010003,0.75,padrao_1,ativo,44,3,3,2,4,2,3,2,4,3,2,3,1,2,3,4,2,3,1,4,2
P007707,0.75,padrao_1,moderado,50,3,3,2,3,2,3,2,3,2,3,2,3,2,3,2,3,2,3,2,3
P004854,0.75,padrao_1,ativo,47,3,4,3,2,4,2,3,4,2,3,4,3,2,4,3,2,3,4,2,3
P010140,0.75,padrao_1,moderado,46,3,3,2,3,3,2,2,3,2,3,2,3,2,3,3,2,3,2,3,2
P010537,0.75,padrao_1,ativo,51,3,3,2,3,4,2,3,2,4,2,3,2,4,3,4,2,3,4,3,2
P009933,0.75,padrao_1,moderado,49,3,3,2,2,3,3,2,2,3,2,3,2,4,3,2,3,2,3,3,2
P004153,0.75,padrao_1,moderado,49,3,2,3,2,3,2,3,2,3,2,3,2,3,2,3,2,3,2,3,2
P000778,0.75,padrao_1,moderado,51,3,2,3,3,2,2,3,2,3,2,3,2,3,2,3,2,3,2,3,2
P005396,0.75,padrao_1,moderado,49,3,2,3,2,3,2,2,3,2,3,2,3,3,2,2,3,2,3,2,3
P004801,0.75,padrao_1,moderado,47,3,3,2,3,2,3,2,3,2,2,3,2,3,2,3,2,3,2,3,2
P009925,0.75,padrao_1,moderado,54,3,3,2,3,3,2,3,2,4,3,2,3,2,3,3,2,3,4,2,3
P002195,0.75,padrao_1,moderado,49,3,3,2,3,2,3,2,3,2,3,2,3,3,2,3,3,2,3,2,3
P007038,0.75,padrao_1,moderado,52,3,3,2,3,2,3,3,2,3,2,3,2,2,3,2,3,2,3,2,3
P007492,0.75,padrao_1,ativo,50,3,3,2,2,3,3,2,3,2,3,2,3,2,4,3,2,3,3,2,3
P000487,0.75,padrao_1,moderado,51,3,2,3,3,2,2,3,2,3,2,3,2,3,2,3,2,3,2,3,2
P004890,0.75,padrao_1,moderado,54,3,3,2,3,2,2,3,2,3,2,3,2,3,3,2,2,3,3,2,3
P008807,0.75,padrao_1,sedentário,46,3,3,2,3,2,3,2,3,2,3,3,2,3,2,3,2,3,2,3,2
P005709,0.75,padrao_1,moderado,50,3,3,2,3,2,3,2,2,3,3,2,3,3,2,3,2,3,2,3,2
P004397,0.75,padrao_1,moderado,48,3,2,3,2,2,3,2,3,2,2,3,2,3,2,3,2,3,2,3,2
P005741,0.75,padrao_1,ativo,52,3,2,4,3,2,3,4,2,3,4,2,3,4,2,3,4,2,3,4,2
P000285,0.75,padrao_1,moderado,48,3,2,3,2,4,3,2,3,2,3,3,2,4,3,2,3,2,4,3,2
P008932,0.75,padrao_1,ativo,51,3,3,2,2,4,3,4,2,3,4,3,2,4,3,2,3,4,2,3,4
P008721,0.75,padrao_1,moderado,51,3,2,3,3,4,2,3,3,2,3,2,3,4,3,2,4,3,2,3,4
P009624,0.75,padrao_1,moderado,50,3,2,3,2,3,3,2,3,2,3,2,3,2,3,2,3,2,3,2,3
P004306,0.75,padrao_1,moderado,46,3,3,2,2,3,2,2,3,1,2,3,2,3,2,1,3,2,3,2,3
P004489,0.75,padrao_1,moderado,51,3,3,2,3,2,3,3,2,3,2,3,3,2,3,2,3,3,2,3,2
P003016,0.75,padrao_1,moderado,48,2,3,2,3,2,3,2,3,2,2,3,2,3,2,3,2,3,2,3,2
P006450,0.75,padrao_1,moderado,56,3,3,2,3,2,3,4,3,2,3,2,3,4,3,2,3,4,3,2,3
P004517,0.75,padrao_1,moderado,45,3,3,2,3,2,3,2,4,2,3,3,2,2,3,2,4,3,2,3,3
P010074,0.75,padrao_1,moderado,46,3,3,2,2,3,3,2,3,2,3,2,3,2,3,2,3,2,3,3,2
P007161,0.75,padrao_1,moderado,43,3,3,2,3,2,3,2,3,2,4,3,2,3,2,3,4,3,2,3,2
P007711,0.75,padrao_1,moderado,44,3,3,2,4,3,3,2,3,2,4,3,2,3,1,2,3,1,3,2,2
P003163,0.75,padrao_1,moderado,54,3,2,3,4,2,3,2,3,4,3,2,3,4,2,3,3,4,2,3,2
P000581,0.75,padrao_1,moderado,46,3,4,3,3,2,2,3,4,2,3,4,3,2,3,2,4,3,2,3,4
P004738,0.75,padrao_1,moderado,52,3,3,4,2,3,4,2,3,4,3,2,3,4,2,3,4,3,2,3,4
P001230,0.75,padrao_1,ativo,44,3,3,2,2,3,4,2,3,2,3,4,3,2,3,2,3,2,3,4,2
P000967,0.75,padrao_1,sedentário,49,3,3,2,2,3,2,3,2,4,3,2,3,2,3,2,3,2,3,3,2
P004785,0.75,padrao_1,moderado,48,3,3,2,2,4,3,2,3,2,4,2,3,3,2,3,2,4,3,2,3
P000100,0.75,padrao_1,sedentário,49,3,3,2,3,3,2,3,2,3,2,3,2,3,2,3,3,2,3,2,3
P009493,0.75,padrao_1,moderado,52,3,4,3,2,4,3,2,3,4,3,2,3,4,3,2,4,3,3,2,4
P001543,0.75,padrao_1,moderado,49,3,3,2,4,3,2,3,3,2,3,4,2,4,3,2,3,2,3,3,4
P007569,0.75,padrao_1,sedentário,49,3,2,3,2,3,2,3,2,3,2,4,3,2,3,2,3,2,3,4,3
P005215,0.75,padrao_1,moderado,50,3,3,2,3,2,3,2,3,2,3,2,3,2,3,2,3,2,3,2,3
P009068,0.75,padrao_1,moderado,48,3,3,2,2,3,3,2,3,2,3,2,3,2,3,2,3,2,3,2,3
P001450,0.75,padrao_1,moderado,50,3,3,2,3,2,3,2,3,2,3,2,3,2,3,2,3,2,3,2,3
P007795,0.75,padrao_1,moderado,49,3,2,3,2,3,3,2,3,4,2,3,2,3,2,3,2,3,2,3,2
P006044,0.75,padrao_1,ativo,47,3,3,2,4,3,2,4,3,2,4,3,2,4,3,2,4,3,2,4,3
P005826,0.75,padrao_1,moderado,49,3,2,3,2,3,2,4,3,2,3,2,3,3,2,4,3,2,3,2,3
P004305,0.75,padrao_1,moderado,52,3,3,3,2,2,3,3,2,2,3,2,3,2,3,2,3,2,3,2,3
P008614,0.75,padrao_1,moderado,53,3,3,2,4,2,3,3,2,4,2,3,2,3,3,2,4,3,2,3,3
P006859,0.75,padrao_1,moderado,50,3,3,2,3,2,3,3,2,2,3,2,3,2,3,2,3,2,3,3,2
P006836,0.75,padrao_1,muito ativo,55,3,3,2,3,2,4,3,2,3,2,4,3,2,3,3,2,4,3,2,3
P005183,0.75,padrao_1,moderado,54,3,2,3,2,3,2,3,2,3,3,2,2,3,3,2,2,3,3,2,3
P003893,0.75,padrao_1,moderado,52,3,3,2,3,2,3,2,2,3,2,3,3,2,3,2,3,2,3,2,3
P003293,0.75,padrao_1,moderado,50,3,3,2,3,2,3,2,3,2,3,2,3,2,3,2,3,2,3,2,3
P004474,0.75,padrao_1,moderado,57,3,3,4,2,3,3,4,2,3,2,3,2,4,3,3,2,3,4,2,3
P005408,0.75,padrao_1,ativo,50,3,4,3,2,3,4,2,3,4,3,2,4,3,2,4,3,2,4,3,3
P007526,0.75,padrao_1,sedentário,51,3,3,2,4,3,3,2,4,2,3,3,2,4,3,3,2,4,3,2,3
P004133,0.75,padrao_1,moderado,52,3,3,2,4,3,2,3,4,2,3,2,3,4,3,2,3,4,2,3,4
P010248,0.75,padrao_1,moderado,46,3,3,2,3,2,3,2,3,2,4,3,2,3,2,3,3,2,3,2,3
P004152,0.75,padrao_1,moderado,51,3,3,2,3,2,4,3,2,3,2,4,3,2,3,2,3,3,2,4,3
P000577,0.75,padrao_1,moderado,51,3,3,2,3,2,2,3,2,3,2,2,3,3,2,3,2,3,2,3,2
P010393,0.75,padrao_1,ativo,50,3,2,3,2,4,3,2,3,2,3,3,2,4,3,2,3,2,3,2,4
P005409,0.75,padrao_1,sedentário,50,3,3,2,3,2,3,2,3,2,3,2,3,2,3,2,3,2,3,2,3
P008514,0.75,padrao_1,moderado,52,3,4,3,3,2,3,4,3,2,3,3,2,4,3,2,4,3,3,2,3
P003107,0.75,padrao_1,moderado,47,3,3,3,2,3,2,3,2,2,3,3,2,3,2,3,3,2,3,2,3
P004893,0.75,padrao_1,moderado,51,3,3,2,4,2,3,2,3,4,2,3,3,2,4,2,3,3,2,4,2
P010650,0.75,padrao_1,moderado,50,3,3,2,3,2,3,2,3,2,3,2,3,2,3,2,3,2,3,2,3
P008279,0.75,padrao_1,moderado,49,3,3,2,2,3,2,3,2,3,2,2,3,3,2,3,2,3,2,3,2
P006056,0.75,padrao_1,sedentário,50,3,4,3,2,3,4,3,2,3,2,3,4,2,3,4,3,2,4,3,2
P000102,0.75,padrao_1,moderado,53,3,2,3,2,3,2,3,2,3,2,3,4,2,3,2,3,2,3,2,3
P003135,0.75,padrao_1,moderado,51,2,3,2,3,2,3,2,3,2,3,2,3,2,3,2,3,2,3,2,3
P002603,0.75,padrao_1,moderado,48,3,3,2,2,3,2,3,3,2,3,2,3,2,4,3,3,2,3,2,3
P003950,0.75,padrao_1,moderado,55,3,3,2,3,2,3,2,2,3,1,2,2,3,4,2,1,3,2,3,2
P009473,0.75,padrao_1,moderado,49,3,2,3,2,3,2,3,2,3,2,3,2,3,2,3,2,3,2,3,2
P009182,0.75,padrao_1,moderado,45,3,3,2,3,2,2,3,2,2,4,3,2,3,1,3,2,3,2,4,3
P004498,0.75,padrao_1,moderado,49,3,3,2,3,2,2,3,3,4,2,3,3,2,3,2,4,3,2,3,2
P002483,0.75,padrao_1,ativo,56,3,3,2,4,2,3,3,2,4,3,2,3,4,3,2,4,3,2,3,4
P004299,0.75,padrao_1,moderado,46,3,3,2,3,2,3,2,3,2,3,3,2,3,2,3,2,3,2,3,2
P003869,0.75,padrao_1,moderado,48,3,3,2,3,2,3,2,3,2,3,2,3,2,3,2,4,3,2,3,3
P007158,0.75,padrao_1,moderado,51,3,2,3,3,2,3,3,2,3,2,3,2,3,2,3,4,3,2,3,3
P005349,0.75,padrao_1,ativo,46,3,3,2,2,4,3,2,3,4,2,3,2,3,3,2,4,3,2,4,3
P008742,0.75,padrao_1,moderado,49,3,2,3,2,3,2,3,2,3,2,3,2,3,2,3,2,3,2,3,2
P009617,0.75,padrao_1,moderado,50,3,3,2,3,2,3,2,2,3,2,3,3,2,3,2,3,2,3,3,2
P003527,0.75,padrao_1,ativo,49,2,3,3,2,3,2,3,2,2,3,2,3,3,2,3,2,3,2,3,2
P005380,0.75,padrao_1,moderado,48,3,3,2,3,2,3,2,3,2,3,2,3,3,2,3,2,3,2,3,2
P000068,0.75,padrao_1,moderado,50,3,2,3,2,3,3,2,3,2,3,1,3,2,3,3,2,1,3,2,3
P009105,0.75,padrao_1,moderado,43,3,3,2,3,3,2,2,3,2,3,2,2,3,2,3,4,2,3,3,2
P000709,0.75,padrao_1,moderado,49,3,3,2,3,2,4,2,3,2,3,2,3,2,3,3,2,3,2,3,2
P007458,0.75,padrao_1,moderado,48,3,3,2,3,2,3,2,3,2,3,2,3,2,2,3,3,2,3,2,3
P008557,0.75,padrao_1,moderado,55,3,3,4,2,3,3,2,3,4,2,3,4,2,3,2,3,3,4,2,3
P004092,0.75,padrao_1,moderado,52,3,2,3,2,3,2,3,2,3,3,2,3,2,3,2,3,2,3,2,3
P000363,0.75,padrao_1,ativo,53,3,3,2,4,2,3,3,2,3,2,3,4,3,2,3,2,3,2,4,3
P001229,0.75,padrao_1,sedentário,52,3,2,3,4,2,3,4,3,2,3,2,4,3,2,3,4,3,2,4,3
P008396,0.75,padrao_1,ativo,49,3,3,2,3,2,4,2,3,2,4,3,2,4,3,2,3,2,4,3,2
P007825,0.75,padrao_1,moderado,49,3,3,2,3,2,3,3,2,2,3,3,2,3,3,2,3,2,3,3,2
P003704,0.75,padrao_1,moderado,49,3,3,2,3,2,3,2,3,3,2,3,2,3,2,3,2,3,2,3,3
P005543,0.75,padrao_1,sedentário,44,3,4,3,2,3,4,2,3,2,4,3,2,4,3,4,3,2,3,4,3
P008824,0.75,padrao_1,moderado,50,3,3,2,3,2,3,2,3,3,2,3,2,2,3,2,3,2,3,2,3
P007001,0.75,padrao_1,moderado,51,3,3,2,3,2,2,3,2,3,2,3,2,3,3,2,2,3,2,3,2
P000741,0.75,padrao_1,ativo,50,3,3,2,4,3,2,4,3,2,3,4,2,3,3,4,2,3,4,2,3
P004311,0.75,padrao_1,moderado,49,3,3,2,2,3,2,3,2,2,3,2,3,2,3,2,3,2,3,2,3
P005429,0.75,padrao_1,moderado,45,3,3,2,2,4,3,3,2,3,2,4,3,3,2,3,4,3,2,3,2
P000316,0.75,padrao_1,moderado,49,3,2,3,2,3,2,3,2,3,3,2,3,2,2,3,2,3,2,3,2
P009244,0.75,padrao_1,moderado,49,3,2,3,2,3,2,3,2,3,2,3,2,3,2,3,2,3,2,3,2
P001623,0.75,padrao_1,moderado,49,3,3,2,3,3,2,2,2,4,3,2,3,2,2,3,2,3,3,3,2
P003879,0.75,padrao_1,ativo,52,3,3,2,4,2,3,2,3,4,2,3,3,2,4,2,3,3,2,4,3
P002120,0.75,padrao_1,moderado,50,3,3,4,2,3,2,3,4,3,2,3,4,2,3,2,4,3,2,3,4
P010517,0.75,padrao_1,ativo,48,3,2,3,2,4,3,2,3,4,2,3,3,4,2,3,4,2,3,3,2
P001134,0.75,padrao_1,moderado,46,3,4,2,3,3,4,2,3,2,3,4,3,2,3,2,4,3,2,3,4
P002215,0.75,padrao_1,sedentário,50,3,3,2,3,2,3,2,3,2,3,2,3,2,3,2,3,2,3,2,3
P005447,0.75,padrao_1,moderado,47,3,2,3,2,3,2,2,3,3,2,4,3,2,3,2,3,3,2,3,2
P005863,0.75,padrao_1,moderado,52,3,3,2,3,2,3,2,3,2,3,2,3,4,2,3,2,3,3,2,3
P004531,0.75,padrao_1,moderado,50,3,3,2,3,2,3,4,3,2,3,2,3,3,2,3,2,3,2,3,2
P009257,0.75,padrao_1,sedentário,55,3,4,3,2,3,4,3,2,3,4,2,3,3,4,2,3,4,3,2,3
P002140,0.75,padrao_1,moderado,52,3,3,2,3,2,3,2,2,3,3,2,3,2,3,2,3,2,3,2,3
P004817,0.75,padrao_1,moderado,52,3,3,2,4,2,3,2,3,4,2,3,2,3,3,2,4,3,2,3,4
P010701,0.75,padrao_1,sedentário,52,3,3,2,4,2,3,4,2,3,3,2,4,3,2,3,4,3,2,4,3
P010423,0.75,padrao_1,moderado,46,3,2,3,2,4,3,2,3,3,2,4,3,2,3,4,2,3,2,4,3
P002482,0.75,padrao_1,moderado,53,3,3,2,3,3,2,3,2,3,2,3,2,3,3,2,2,3,4,3,3
P008859,0.75,padrao_1,moderado,46,3,3,2,3,2,3,2,3,2,3,2,3,1,2,3,2,3,2,3,2
P006267,0.75,padrao_1,sedentário,50,3,3,2,3,2,3,2,2,4,3,3,2,4,3,2,3,2,3,4,2
P006315,0.75,padrao_1,moderado,48,3,3,2,3,2,3,2,3,2,3,2,3,2,3,2,3,2,3,3,2
P008419,0.75,padrao_1,moderado,47,3,3,2,3,2,3,2,3,2,3,2,2,3,2,3,2,3,2,3,2
P007736,0.75,padrao_1,moderado,51,3,3,2,3,2,3,2,3,2,3,2,3,3,3,2,3,2,3,2,3
P010746,0.75,padrao_1,moderado,49,3,3,2,3,2,3,2,3,2,3,2,3,2,4,2,3,2,3,3,2
P006137,0.75,padrao_1,moderado,49,3,2,3,2,3,2,3,2,3,2,3,2,3,2,3,2,3,2,3,2
P006435,0.75,padrao_1,sedentário,50,3,3,2,3,2,3,2,3,2,3,2,3,2,3,2,3,2,3,2,3
P008143,0.75,padrao_1,moderado,47,3,3,2,2,3,2,3,2,3,2,3,2,3,2,2,3,3,2,3,2
P009032,0.75,padrao_1,moderado,59,3,3,4,3,2,3,4,2,3,4,2,3,4,3,2,3,4,3,2,3
P009088,0.75,padrao_1,moderado,52,3,2,3,2,4,3,2,3,4,2,3,2,3,3,2,2,3,4,3,2
P005814,0.75,padrao_1,ativo,48,3,3,2,3,2,3,2,3,2,3,2,3,3,2,3,2,3,2,3,2
P000839,0.75,padrao_1,moderado,47,2,3,3,2,3,2,3,2,2,3,3,2,3,2,3,2,3,2,3,2
P004465,0.75,padrao_1,moderado,47,3,3,2,3,2,3,2,3,2,3,2,2,3,2,3,2,3,2,3,2
P001525,0.75,padrao_1,moderado,53,3,3,2,3,2,3,4,2,3,2,3,2,3,2,3,3,2,4,2,3
P004898,0.75,padrao_1,moderado,54,2,3,2,3,2,3,2,2,3,3,2,2,3,3,2,2,3,2,2,3
P004966,0.75,padrao_1,moderado,49,3,3,2,2,3,2,3,2,2,3,2,3,2,3,3,2,3,2,2,3
P008941,0.75,padrao_1,moderado,45,3,2,3,2,4,3,2,3,2,4,3,2,3,2,4,3,2,3,2,4
P007984,0.75,padrao_1,moderado,51,3,2,3,2,3,2,3,2,3,2,3,2,2,3,2,3,2,3,2,3
P002294,0.75,padrao_1,moderado,52,3,3,2,4,3,2,4,3,2,4,3,3,2,4,3,2,4,3,2,3
P008011,0.75,padrao_1,moderado,49,3,3,2,3,4,2,3,2,3,2,3,4,3,2,4,3,2,3,2,3
P002665,0.75,padrao_1,moderado,49,3,2,3,2,3,2,3,2,3,2,3,2,3,2,3,2,3,2,3,2
P008176,0.75,padrao_1,moderado,50,3,3,2,3,2,2,3,2,1,3,2,3,2,3,2,3,2,3,2,3
P000828,0.75,padrao_1,moderado,53,3,2,4,3,2,3,2,4,3,2,3,2,4,3,2,4,3,2,3,4
P001140,0.75,padrao_1,moderado,47,3,3,2,4,3,2,3,2,3,4,3,2,3,2,3,4,3,2,3,4
P002371,0.75,padrao_1,moderado,50,3,3,2,3,2,3,2,3,2,3,2,3,2,3,2,3,2,3,2,3
P007215,0.75,padrao_1,ativo,49,3,3,4,2,3,3,2,4,3,2,3,4,2,3,4,2,3,3,4,3
P008540,0.75,padrao_1,moderado,52,3,3,2,3,2,2,3,2,3,2,3,2,3,2,3,2,3,3,2,3
P003640,0.75,padrao_1,moderado,48,3,3,2,3,2,3,2,3,3,2,3,2,3,2,3,2,3,2,3,2
P010585,0.75,padrao_1,moderado,47,3,3,2,2,3,3,2,3,2,2,3,3,2,3,2,2,3,2,3,2
P004905,0.75,padrao_1,moderado,51,2,3,2,3,2,3,2,3,2,3,2,3,2,3,2,3,2,3,2,3
P008735,0.75,padrao_1,moderado,49,3,2,3,2,3,2,3,2,3,2,3,2,3,2,3,2,3,2,3,2
P003241,0.75,padrao_1,moderado,52,3,3,2,3,2,3,2,3,2,3,2,3,2,4,3,2,3,3,2,3
P004866,0.75,padrao_1,moderado,49,3,3,2,4,3,2,3,2,3,2,4,3,3,2,4,3,2,3,2,3
P004188,0.75,padrao_1,ativo,51,2,3,3,3,2,3,2,3,2,2,3,3,2,4,3,2,3,2,3,2
P007137,0.75,padrao_1,moderado,48,3,3,2,3,2,3,2,3,2,3,2,3,2,3,2,3,3,2,3,2
P010587,0.75,padrao_1,moderado,49,3,2,3,2,3,2,3,2,3,2,3,2,3,2,3,2,3,2,3,2
P005310,0.75,padrao_1,moderado,54,3,3,2,4,3,2,4,3,2,3,2,4,3,2,3,2,3,4,2,3
P009861,0.75,padrao_1,moderado,50,3,3,2,3,2,3,2,3,2,3,2,3,2,3,2,3,2,3,2,3
P003633,0.75,padrao_1,moderado,49,3,3,2,3,3,2,3,2,3,2,3,2,3,2,3,2,3,2,3,3
P005894,0.75,padrao_1,moderado,48,3,2,3,2,3,2,3,3,2,3,2,3,2,3,2,3,2,3,3,2
P004130,0.75,padrao_1,moderado,49,3,2,3,2,3,2,3,2,3,2,3,2,3,2,3,2,3,2,3,2
P000387,0.75,padrao_1,moderado,50,3,2,3,2,3,2,4,2,3,3,2,3,2,4,3,3,2,2,4,3
P004314,0.75,padrao_1,ativo,51,3,3,2,2,3,3,2,2,3,3,2,3,2,2,3,2,3,3,2,4
P004131,0.75,padrao_1,moderado,49,3,3,2,3,3,2,2,3,2,3,2,3,3,2,3,2,3,3,2,3
P004324,0.75,padrao_1,moderado,51,3,3,2,3,2,3,2,2,3,2,3,4,3,2,3,2,3,2,3,2
P004657,0.75,padrao_1,ativo,53,3,4,3,2,3,4,3,2,3,4,3,2,4,3,3,2,4,3,3,4
P002497,0.75,padrao_1,moderado,48,3,2,3,3,2,3,2,3,2,4,3,2,3,3,2,4,3,2,3,3
P008022,0.75,padrao_1,moderado,47,3,3,2,3,2,3,3,2,2,4,2,3,3,2,3,4,3,2,3,2
P002199,0.75,padrao_1,moderado,50,3,3,2,3,2,3,3,2,2,3,2,3,2,3,2,3,3,2,3,2
P002769,0.75,padrao_1,moderado,48,3,3,2,2,3,2,3,2,3,2,4,3,2,2,3,3,2,3,2,4
P004093,0.75,padrao_1,moderado,50,3,3,2,3,2,3,2,3,2,3,2,3,2,3,2,3,2,3,2,3
P008289,0.75,padrao_1,moderado,48,3,3,2,3,2,3,2,3,2,3,2,3,2,3,3,2,3,2,3,2
P000916,0.75,padrao_1,sedentário,44,3,3,2,3,2,3,1,2,2,3,4,3,2,3,2,3,1,2,3,2
P004591,0.75,padrao_1,moderado,47,3,3,2,3,2,3,2,3,2,3,2,3,2,2,3,2,3,2,3,2
P001711,0.75,padrao_1,moderado,49,3,2,3,2,3,2,3,2,3,2,3,2,3,2,3,2,3,2,3,2
P006234,0.75,padrao_1,moderado,49,3,3,2,3,3,2,3,2,4,2,3,3,2,3,2,3,2,3,4,2
P003925,0.75,padrao_1,moderado,52,3,3,2,4,2,3,2,3,4,2,3,3,2,3,4,2,3,2,3,4
P010564,0.75,padrao_1,moderado,49,3,3,2,3,2,2,3,2,3,2,4,3,2,3,2,3,2,3,4,3
P001261,0.75,padrao_1,ativo,52,3,3,4,2,4,3,2,3,4,3,2,3,4,2,3,3,4,2,3,4
P010299,0.75,padrao_1,moderado,50,3,3,2,3,2,3,2,3,2,3,2,3,3,2,3,2,2,3,2,3
P001628,0.75,padrao_1,moderado,47,3,3,2,2,3,2,3,2,3,2,3,2,3,2,3,2,3,2,3,2
P009412,0.75,padrao_1,moderado,55,3,2,3,4,3,2,3,4,3,2,3,3,2,4,3,2,3,4,3,4
P006257,0.75,padrao_1,moderado,49,3,2,3,2,3,2,3,2,3,2,3,2,3,2,3,2,3,2,3,2
P007918,0.75,padrao_1,moderado,54,3,2,3,3,2,2,3,2,3,2,3,3,2,3,2,3,2,3,2,3
P007196,0.75,padrao_1,ativo,39,3,4,3,2,3,2,1,3,2,4,3,2,3,2,4,3,4,2,3,1
P001395,0.75,padrao_1,moderado,53,3,3,2,4,3,4,2,3,4,2,3,2,4,3,2,4,3,2,3,4
P010427,0.75,padrao_1,ativo,48,3,4,3,2,4,3,2,3,2,4,3,2,4,3,3,2,4,3,2,3
P006973,0.75,padrao_1,moderado,47,3,3,2,2,3,2,2,3,2,3,2,3,2,3,2,3,2,3,2,3
P000444,0.75,padrao_1,moderado,49,3,2,3,2,3,2,3,2,3,2,3,2,3,2,3,2,3,2,3,2
P005893,0.75,padrao_1,ativo,52,3,3,2,4,3,2,4,2,3,2,3,2,3,4,3,3,2,4,3,2
P000923,0.75,padrao_1,moderado,50,3,3,2,3,2,3,2,3,2,3,2,3,2,3,2,3,2,3,2,3
P005675,0.75,padrao_1,moderado,49,3,3,2,3,2,3,2,3,2,3,2,3,2,3,2,2,3,2,3,2
P008659,0.75,padrao_1,moderado,48,3,2,3,2,3,3,2,3,2,3,2,3,3,2,3,2,3,2,3,2
P004262,0.75,padrao_1,moderado,49,3,3,2,3,3,2,3,2,3,2,3,3,2,3,2,3,2,3,3,2
P006199,0.75,padrao_1,moderado,50,3,3,2,3,2,3,2,3,4,3,2,3,2,3,2,3,2,3,3,2
P001791,0.75,padrao_1,moderado,52,3,2,3,3,2,3,2,3,2,3,2,3,2,3,2,3,2,3,2,3
P001159,0.75,padrao_1,moderado,46,2,3,2,3,3,2,2,3,2,3,2,3,2,3,2,4,3,2,3,2
P002785,0.75,padrao_1,moderado,47,3,3,2,2,3,3,2,2,3,2,3,2,2,3,3,2,2,3,3,2
P002447,0.75,padrao_1,ativo,47,3,4,3,2,3,2,4,3,2,3,2,4,3,2,4,3,2,4,3,2
P006558,0.75,padrao_1,moderado,51,3,3,4,2,3,3,4,2,3,3,2,4,3,2,3,4,3,2,4,3
P009547,0.75,padrao_1,moderado,50,3,2,3,4,2,3,2,3,2,4,3,2,3,4,3,2,3,2,4,3
P003585,0.75,padrao_1,sedentário,49,3,4,3,2,3,4,2,3,2,3,1,2,3,4,2,3,2,3,4,3
P000315,0.75,padrao_1,moderado,52,3,3,2,4,3,2,3,2,3,4,2,3,3,2,4,2,3,4,2,3
P003791,0.75,padrao_1,moderado,47,3,2,3,2,3,3,2,3,2,2,3,2,3,2,3,2,3,2,3,2
P000936,0.75,padrao_1,moderado,54,3,3,2,3,2,4,3,2,3,2,3,3,2,4,3,3,2,3,2,3
P005105,0.75,padrao_1,moderado,47,3,3,2,2,3,2,3,2,3,2,3,2,3,2,3,2,3,2,3,2
P000578,0.75,padrao_1,moderado,50,3,2,3,2,3,2,3,3,2,2,3,2,3,2,3,2,3,3,2,3
P000020,0.75,padrao_1,moderado,50,3,3,2,3,2,3,2,3,2,3,2,3,2,3,2,3,2,3,2,3
P001068,0.75,padrao_1,moderado,52,3,3,4,2,3,3,2,4,3,3,2,3,2,4,3,2,4,2,3,4
P009099,0.75,padrao_1,moderado,49,3,3,2,3,2,2,3,2,2,3,2,3,2,3,2,3,3,2,3,2
P005542,0.75,padrao_1,moderado,54,3,3,2,4,3,2,3,2,4,3,2,3,4,2,3,3,4,2,3,4
P003675,0.75,padrao_1,moderado,47,3,3,2,3,2,3,2,4,2,3,2,3,3,2,4,3,2,3,2,3
P003517,0.75,padrao_1,moderado,49,3,3,2,2,4,3,3,2,3,2,3,4,2,3,3,2,4,1,3,2
P000302,0.75,padrao_1,moderado,45,3,3,2,3,4,2,3,2,3,4,2,3,2,3,4,3,3,2,3,2
P007097,0.75,padrao_1,moderado,48,3,3,2,3,2,3,3,2,3,2,3,2,3,2,4,3,2,3,4,3
P004103,0.75,padrao_1,moderado,52,3,3,2,3,2,3,3,2,2,3,2,3,3,2,2,3,2,3,2,3
P007157,0.75,padrao_1,moderado,49,3,3,2,3,2,3,2,2,3,2,3,2,3,2,3,2,3,2,3,2
P004216,0.75,padrao_1,moderado,51,2,3,2,3,2,3,2,3,2,3,2,3,2,3,2,3,2,3,2,3
P004127,0.75,padrao_1,moderado,52,3,3,2,3,2,3,2,3,2,2,3,2,3,3,2,2,3,3,2,3
P010341,0.75,padrao_1,moderado,50,3,3,2,3,2,3,2,3,2,3,2,3,2,3,2,3,2,3,2,3
P007789,0.75,padrao_1,moderado,52,3,2,3,3,2,2,3,2,3,4,2,3,3,2,3,2,3,2,3,3
P010108,0.75,padrao_1,sedentário,44,3,3,2,4,3,2,3,4,2,3,4,2,3,2,3,4,3,2,3,4
P010241,0.75,padrao_1,moderado,49,3,3,2,2,3,2,3,2,3,2,3,2,2,3,2,3,2,3,2,3
P009959,0.75,padrao_1,moderado,50,3,3,2,3,2,3,2,2,3,3,2,2,3,2,3,2,3,3,3,2
P006591,0.75,padrao_1,ativo,51,3,2,2,3,2,3,2,3,2,3,2,3,2,3,2,3,2,3,2,3
P008054,0.75,padrao_1,moderado,52,3,4,3,2,3,4,2,3,3,2,4,3,2,4,3,2,3,4,2,3
P000332,0.75,padrao_1,moderado,51,3,3,2,4,3,2,3,2,3,4,2,3,3,4,2,3,2,3,4,3
P001598,0.75,padrao_1,moderado,48,3,3,2,2,4,3,2,3,2,3,2,4,3,2,3,2,3,2,3,4
P001838,0.75,padrao_1,moderado,50,3,3,2,3,2,3,2,2,3,3,2,3,2,3,2,3,3,2,3,2
P008130,0.75,padrao_1,sedentário,50,3,3,2,4,2,3,2,3,3,4,2,3,4,3,2,4,3,2,4,3
P009064,0.75,padrao_1,moderado,50,3,2,3,2,3,3,2,3,2,3,2,3,4,2,3,2,3,2,3,3
P010120,0.75,padrao_1,moderado,48,3,3,2,3,2,2,3,3,2,2,3,2,3,3,2,3,2,3,3,2
P009960,0.75,padrao_1,moderado,49,3,2,3,2,3,2,3,2,3,2,3,2,3,2,3,2,3,2,3,2
P000646,0.75,padrao_1,moderado,49,3,2,3,2,3,2,3,2,3,2,3,2,3,2,3,2,3,2,3,2
P001544,0.75,padrao_1,moderado,54,3,3,2,4,3,2,3,2,3,4,2,3,4,3,2,3,4,2,3,4
P009098,0.75,padrao_1,sedentário,53,3,3,2,3,2,4,3,2,3,2,3,3,2,4,3,2,3,2,4,3
P006946,0.75,padrao_1,moderado,50,3,2,3,2,3,2,3,2,3,3,2,3,2,3,2,3,2,3,3,2
P001624,0.75,padrao_1,ativo,43,3,3,2,3,3,2,2,3,2,3,4,2,3,2,3,2,3,2,3,2
P001458,0.75,padrao_1,moderado,50,3,3,2,3,2,3,2,3,2,2,3,2,3,4,3,2,3,2,3,3
P005769,0.75,padrao_1,moderado,50,3,3,2,3,2,3,2,3,2,3,2,3,2,3,2,3,2,3,2,3
P008886,0.75,padrao_1,moderado,50,3,3,2,3,2,3,2,3,2,3,2,3,2,3,3,2,3,2,2,3
P006476,0.75,padrao_1,moderado,49,3,3,2,3,2,3,2,3,2,3,2,3,2,3,2,2,3,2,3,2
P010544,0.75,padrao_1,moderado,50,3,4,2,3,3,2,4,2,3,4,3,2,3,4,2,3,4,2,3,3
P006814,0.75,padrao_1,moderado,48,3,2,3,2,3,3,2,3,2,3,2,3,3,2,3,2,3,2,3,2
P010386,0.75,padrao_1,sedentário,47,3,3,4,2,3,3,2,4,2,3,4,3,2,3,3,2,4,2,3,3
P002452,0.75,padrao_1,moderado,49,3,3,2,3,4,2,3,2,3,2,3,4,3,2,3,3,2,4,3,2
P003652,0.75,padrao_1,moderado,51,3,2,3,2,3,2,3,2,2,3,2,3,2,3,2,3,2,3,2,3
P009731,0.75,padrao_1,moderado,49,3,3,2,2,3,3,2,2,3,2,3,2,3,2,3,2,3,2,2,3
P001464,0.75,padrao_1,moderado,48,3,3,2,3,2,3,2,3,2,3,2,3,2,3,3,2,3,2,3,2
P005231,0.75,padrao_1,moderado,49,3,3,2,2,3,2,3,2,2,3,2,3,2,4,3,3,2,3,2,3
P005157,0.75,padrao_1,moderado,48,3,3,2,2,3,3,2,3,3,2,3,2,2,4,2,3,3,2,3,3
P006858,0.75,padrao_1,moderado,57,3,3,4,2,3,3,4,2,3,2,3,4,3,2,3,2,4,3,2,3
P006380,0.75,padrao_1,moderado,49,3,3,2,2,3,2,3,2,3,2,3,2,3,2,2,3,2,3,2,3
P008534,0.75,padrao_1,moderado,52,3,3,2,3,2,3,2,2,3,3,2,3,2,3,2,3,2,3,2,3
P005593,0.75,padrao_1,moderado,54,3,3,2,4,2,3,3,2,3,4,2,3,4,2,3,2,3,4,3,2
P006816,0.75,padrao_1,moderado,55,3,3,2,3,2,3,3,2,4,3,2,3,2,3,1,3,2,3,2,3
P003006,0.75,padrao_1,moderado,46,3,2,3,2,4,3,2,3,3,2,4,3,2,3,2,4,3,2,4,3
P003128,0.75,padrao_1,moderado,53,3,2,3,2,3,2,3,2,3,2,2,3,2,3,2,3,2,3,2,3
P006942,0.75,padrao_1,moderado,50,3,3,2,3,2,3,2,3,2,3,2,3,2,3,2,3,2,3,2,3
P004390,0.75,padrao_1,moderado,49,3,2,3,4,3,2,3,4,2,3,2,3,3,2,3,4,3,2,3,4
P000676,0.75,padrao_1,moderado,49,3,2,3,2,3,2,3,2,3,2,3,2,3,2,3,2,3,2,3,2
P006965,0.75,padrao_1,ativo,51,3,3,2,2,4,3,3,2,3,2,4,3,2,3,2,3,4,3,2,3
P007806,0.75,padrao_1,moderado,50,3,3,2,3,2,3,2,3,2,3,2,3,2,3,2,3,2,3,2,3
P003461,0.75,padrao_1,moderado,52,3,3,2,4,3,2,3,2,3,4,2,3,4,3,2,4,3,2,3,4
P005271,0.75,padrao_1,moderado,49,3,3,2,3,2,3,2,2,3,2,3,2,3,2,3,2,3,2,3,2
P000288,0.75,padrao_1,moderado,55,3,3,4,2,3,3,2,3,4,2,3,2,4,3,2,3,4,3,2,3
P009680,0.75,padrao_1,ativo,52,3,4,3,2,4,3,3,2,4,3,2,3,4,2,3,3,2,4,3,4
P009629,0.75,padrao_1,moderado,53,2,3,2,3,2,3,3,2,2,3,3,2,3,3,2,2,2,3,2,3
P001985,0.75,padrao_1,moderado,50,3,3,2,3,2,3,2,3,2,3,2,3,2,3,2,3,2,3,2,3
P002289,0.75,padrao_1,moderado,50,3,3,2,3,2,3,2,3,2,3,2,3,2,3,2,3,2,3,2,3
P001270,0.75,padrao_1,moderado,49,3,2,3,2,3,2,3,2,3,2,3,2,3,2,3,2,3,2,3,2
P007882,0.75,padrao_1,moderado,51,3,2,3,4,2,3,3,2,3,4,2,3,3,2,4,3,2,3,4,3
P005315,0.75,padrao_1,moderado,49,3,2,3,2,3,2,3,2,2,3,2,3,2,3,2,3,3,2,3,2
P007452,0.75,padrao_1,moderado,55,3,2,3,3,2,3,2,3,4,2,3,2,3,2,3,2,3,3,2,4
P002737,0.75,padrao_1,moderado,53,3,3,4,2,3,2,3,3,4,2,3,2,4,3,3,2,3,4,3,2
P006723,0.75,padrao_1,moderado,50,3,3,2,3,2,3,2,3,2,3,2,3,2,3,2,3,2,3,2,3
P000423,0.75,padrao_1,ativo,42,3,4,2,3,2,3,1,4,2,3,3,2,4,3,2,4,2,1,3,2
P005488,0.75,padrao_1,moderado,50,3,3,2,4,2,3,2,3,2,3,2,4,3,2,3,3,2,4,3,2
P005217,0.75,padrao_1,ativo,52,3,3,4,2,3,2,3,2,4,3,2,3,4,2,3,3,4,2,3,2
P010792,0.75,padrao_1,ativo,48,3,4,3,2,3,4,2,3,4,3,2,4,3,2,3,4,2,3,4,3
P009133,0.75,padrao_1,moderado,48,3,3,2,3,2,3,2,2,3,3,2,2,3,2,3,3,2,2,3,3
P003399,0.75,padrao_1,moderado,47,3,3,2,3,2,3,2,3,2,3,2,3,2,2,3,2,3,2,3,2
P006184,0.75,padrao_1,moderado,46,3,3,2,3,4,3,2,3,2,3,4,3,2,3,3,2,3,4,3,2
P006500,0.75,padrao_1,moderado,49,3,2,3,2,3,2,3,2,3,2,3,2,3,2,3,2,3,2,3,2
P008930,0.75,padrao_1,moderado,55,3,4,2,3,2,4,3,2,3,4,2,3,2,4,3,2,3,4,2,3
P002081,0.75,padrao_1,moderado,49,3,2,3,2,4,2,3,2,3,2,3,2,4,3,2,3,2,3,4,2
P004100,0.75,padrao_1,moderado,48,3,3,2,3,2,3,2,3,2,3,2,3,3,2,3,2,3,2,3,2
P000037,0.75,padrao_1,moderado,47,3,3,2,2,3,2,3,2,3,2,3,2,3,2,3,2,3,2,3,2
P001682,0.75,padrao_1,moderado,52,3,3,2,3,2,3,2,3,3,2,4,3,2,3,2,3,4,3,2,3
P000840,0.75,padrao_1,moderado,48,3,3,2,3,2,3,2,3,2,3,2,3,2,3,2,3,2,3,3,2
P002983,0.75,padrao_1,ativo,58,3,2,3,4,2,3,3,2,4,3,3,2,4,2,3,2,4,3,2,3
P008439,0.75,padrao_1,moderado,50,3,3,2,3,2,3,2,3,2,3,2,3,2,3,2,3,2,3,2,3
P002961,0.75,padrao_1,moderado,50,3,3,2,3,2,2,3,2,2,3,2,3,3,2,3,3,2,3,2,3
P001789,0.75,padrao_1,moderado,53,3,3,2,4,3,2,3,2,3,2,4,3,2,3,2,3,4,3,2,3
P005905,0.75,padrao_1,moderado,57,3,3,2,3,2,4,3,2,3,2,3,4,3,2,3,2,3,4,2,3
P001670,0.75,padrao_1,moderado,52,3,2,3,4,2,3,2,3,3,2,4,3,2,3,4,3,2,3,2,4
P006563,0.75,padrao_1,sedentário,52,3,3,2,3,2,3,2,2,3,2,3,3,2,3,2,3,2,3,2,3
P009132,0.75,padrao_1,moderado,51,3,3,2,4,3,3,2,3,2,4,3,2,4,3,2,3,4,3,2,3
P003393,0.75,padrao_1,sedentário,48,3,3,2,3,2,3,2,3,2,3,2,3,4,2,3,3,2,3,3,2
P009373,0.75,padrao_1,moderado,50,3,3,2,3,2,3,3,2,3,2,3,2,3,2,3,2,3,2,3,2
P000226,0.75,padrao_1,sedentário,48,3,2,3,2,4,3,2,3,3,2,4,3,2,3,2,4,3,2,3,4
P001558,0.75,padrao_1,moderado,48,3,3,2,3,2,3,2,3,2,3,2,3,3,2,3,2,3,2,3,2
P004964,0.75,padrao_1,moderado,53,3,3,2,4,3,2,3,2,3,4,3,2,3,4,2,3,3,4,2,3
P007191,0.75,padrao_1,moderado,52,3,3,2,3,2,3,3,2,2,3,2,3,2,3,2,3,2,3,2,3
P000539,0.75,padrao_1,moderado,51,3,3,2,2,3,2,3,2,3,2,3,3,2,3,2,2,3,3,2,2
P008674,0.75,padrao_1,moderado,49,3,3,2,3,2,3,2,3,2,2,3,3,2,4,3,2,3,2,3,2
P000703,0.75,padrao_1,moderado,47,3,3,2,3,4,2,3,2,4,2,3,3,2,3,4,3,2,3,4,3
P008382,0.75,padrao_1,moderado,49,3,3,2,3,2,3,2,3,2,2,3,3,2,4,3,2,3,2,3,2
P006387,0.75,padrao_1,moderado,58,3,3,4,3,2,3,3,2,4,3,2,3,4,3,3,2,4,3,3,2
P004357,0.75,padrao_1,moderado,55,3,3,2,4,3,2,4,3,2,3,2,3,4,3,2,3,3,4,2,3
P003389,0.75,padrao_1,moderado,50,2,3,2,3,2,3,2,3,2,3,2,4,3,2,3,2,3,2,3,2
P006486,0.75,padrao_1,sedentário,53,3,3,2,3,2,4,3,2,2,3,4,3,2,3,3,2,4,3,2,3
P006230,0.75,padrao_1,moderado,52,3,2,3,2,3,2,3,2,3,2,3,2,3,3,2,3,2,3,2,3
P005674,0.75,padrao_1,moderado,49,3,3,2,2,3,2,3,2,3,2,3,2,2,3,2,3,2,3,2,3
P009506,0.75,padrao_1,moderado,50,3,2,3,2,3,2,3,2,3,2,3,2,3,2,3,3,2,3,2,3
P009179,0.75,padrao_1,moderado,52,3,3,2,4,2,3,2,3,2,4,2,3,2,3,3,2,4,3,2,3
P009657,0.75,padrao_1,moderado,46,3,3,2,2,3,2,4,3,2,3,2,3,4,2,3,3,2,2,4,3
P008613,0.75,padrao_1,moderado,52,3,3,3,2,2,3,2,3,2,3,2,3,2,3,1,2,2,3,2,3
P009077,0.75,padrao_1,moderado,43,3,3,2,3,3,2,3,3,2,3,3,2,3,2,4,3,2,3,4,3
P004790,0.75,padrao_1,moderado,50,3,3,2,4,3,2,3,2,3,4,2,3,2,4,3,3,2,4,3,2
P005462,0.75,padrao_1,sedentário,57,3,2,4,3,2,3,4,2,3,4,3,2,3,4,2,3,4,2,3,4
P000941,0.75,padrao_1,moderado,48,3,3,2,2,3,2,3,2,3,3,2,3,3,2,3,2,2,3,3,2
P001057,0.75,padrao_1,sedentário,51,3,3,2,4,3,2,3,3,2,4,3,2,3,4,2,3,4,3,2,3
P002405,0.75,padrao_1,moderado,50,2,3,2,3,2,2,3,2,3,2,3,2,3,2,3,2,3,2,3,2
P008001,0.75,padrao_1,moderado,49,3,3,2,2,3,3,2,2,3,2,4,3,3,2,3,2,3,3,2,2
P001909,0.75,padrao_1,moderado,45,3,3,2,2,3,2,3,2,3,2,3,2,3,2,3,3,2,2,3,2
P001994,0.75,padrao_1,ativo,40,3,4,3,2,3,2,3,4,2,3,4,3,2,3,4,3,2,3,4,2
P009078,0.75,padrao_1,moderado,52,3,3,2,3,2,4,3,3,2,3,2,3,2,3,2,3,4,3,3,2
P005051,0.75,padrao_1,ativo,47,3,3,2,3,2,3,2,3,2,4,2,3,2,3,2,3,3,2,3,2
P006988,0.75,padrao_1,sedentário,49,3,4,2,3,4,2,3,4,3,2,4,3,2,4,3,2,3,4,2,3
P007291,0.75,padrao_1,moderado,50,3,3,2,3,2,3,2,3,2,3,2,3,2,3,2,3,2,3,2,3
P009439,0.75,padrao_1,ativo,58,3,3,2,4,2,3,3,2,4,3,2,4,3,4,2,3,3,2,3,4
P003578,0.75,padrao_1,moderado,49,3,3,2,4,2,3,3,2,3,2,4,3,3,2,3,4,3,2,4,3
P003908,0.75,padrao_1,moderado,53,3,3,4,3,2,3,4,2,3,2,3,4,3,2,3,4,2,3,4,3
P007601,0.75,padrao_1,moderado,49,3,2,3,2,3,2,3,2,3,2,3,2,3,2,3,2,3,2,3,2
P010242,0.75,padrao_1,moderado,50,3,3,2,3,2,3,2,3,2,3,2,3,2,3,2,3,2,3,2,3
P005571,0.75,padrao_1,moderado,52,3,2,3,3,2,3,2,3,3,2,2,3,2,3,2,3,3,2,3,2
P003637,0.75,padrao_1,moderado,50,3,3,2,3,2,3,2,3,2,3,2,3,2,3,2,3,2,3,2,3
P002126,0.75,padrao_1,moderado,47,3,4,3,2,3,4,3,2,3,2,4,3,2,3,4,3,2,3,4,3
P003726,0.75,padrao_1,moderado,50,3,3,2,3,2,3,2,3,2,3,2,3,2,3,2,3,2,3,2,3
P001116,0.75,padrao_1,ativo,52,3,2,4,3,2,1,4,3,2,3,2,4,3,1,4,3,2,3,2,4
P002608,0.75,padrao_1,moderado,48,3,3,2,3,2,3,2,3,2,3,2,3,3,2,3,2,3,2,3,2
P008769,0.75,padrao_1,sedentário,53,3,2,4,3,2,3,3,2,4,3,2,4,3,2,3,4,2,3,4,2
P007596,0.75,padrao_1,ativo,42,3,3,2,2,4,3,2,3,3,2,4,2,3,2,3,4,3,2,3,2
P002596,0.75,padrao_1,sedentário,49,3,2,3,2,3,4,2,3,2,3,4,2,3,1,3,2,3,4,2,3
P000960,0.75,padrao_1,moderado,49,3,3,2,3,2,3,2,3,3,2,3,2,3,2,3,2,3,2,3,3
P006702,0.75,padrao_1,moderado,50,3,3,2,3,2,2,3,2,3,2,3,2,3,3,2,3,2,2,3,3
P010167,0.75,padrao_1,moderado,53,3,2,3,3,2,3,2,3,4,2,3,3,2,3,2,4,2,3,2,3
P005528,0.75,padrao_1,moderado,44,3,3,2,3,2,3,2,3,2,3,4,2,3,2,3,4,3,2,3,3
P007383,0.75,padrao_1,ativo,44,3,4,3,3,4,2,3,4,2,3,4,3,2,3,4,2,3,4,3,2
P003225,0.75,padrao_1,moderado,50,3,3,2,3,2,3,2,3,2,3,2,3,2,3,2,3,2,3,2,3
P005269,0.75,padrao_1,ativo,47,3,4,3,2,4,3,2,3,2,4,3,2,4,1,3,2,4,3,2,4
P004744,0.75,padrao_1,ativo,48,3,2,3,2,4,3,2,3,2,3,4,2,3,2,3,2,4,3,2,3
P006245,0.75,padrao_1,moderado,48,3,3,2,3,2,3,2,3,2,3,2,3,3,2,3,2,3,2,3,2
P008875,0.75,padrao_1,muito ativo,53,3,2,4,3,2,3,2,4,3,2,3,2,4,3,2,3,4,2,3,2
P010326,0.75,padrao_1,moderado,47,3,3,2,3,2,2,3,1,3,2,3,2,3,1,2,3,2,1,3,2
P004719,0.75,padrao_1,moderado,50,3,3,2,3,2,3,3,2,3,2,3,2,3,2,3,2,3,2,3,2
P010719,0.75,padrao_1,moderado,51,3,3,2,3,2,2,3,2,3,2,4,2,3,3,2,3,2,3,2,3
P000545,0.75,padrao_1,moderado,53,3,2,2,3,2,3,3,2,2,3,2,3,2,3,2,3,2,3,2,3
P001965,0.75,padrao_1,moderado,50,2,3,2,3,2,2,3,2,3,2,3,2,3,2,3,2,3,2,3,2
P002736,0.75,padrao_1,moderado,49,3,3,2,3,2,3,2,4,3,3,2,3,2,3,2,4,3,2,3,4
P003937,0.75,padrao_1,moderado,52,3,3,2,3,2,2,3,2,3,2,2,3,3,2,3,2,3,2,3,3
P002729,0.75,padrao_1,moderado,49,3,3,2,3,2,3,2,3,2,3,2,3,2,3,3,2,3,2,3,3
P009623,0.75,padrao_1,ativo,52,3,3,2,4,3,2,4,3,2,3,4,2,3,4,3,2,4,3,2,3
P009635,0.75,padrao_1,moderado,57,3,3,2,4,2,3,4,2,3,2,3,4,2,3,4,2,3,4,2,3
P007290,0.75,padrao_1,sedentário,46,3,4,3,2,4,3,2,3,4,3,2,3,4,2,3,4,3,2,4,3
P005567,0.75,padrao_1,ativo,51,3,2,3,2,3,2,4,2,3,2,3,2,3,2,4,3,2,3,2,4
P005068,0.75,padrao_1,ativo,56,3,3,4,3,3,2,4,3,2,3,2,3,4,3,3,2,4,3,3,4
P000174,0.75,padrao_1,sedentário,45,3,4,3,2,3,4,2,3,3,2,4,3,4,2,3,4,2,3,4,2
P000900,0.75,padrao_1,moderado,53,3,3,2,3,2,3,2,4,3,2,3,2,4,3,3,2,4,3,2,3
P008455,0.75,padrao_1,sedentário,48,3,2,3,2,3,3,2,3,2,3,2,3,3,2,3,2,3,2,3,2
P004495,0.75,padrao_1,moderado,49,3,2,3,2,3,2,3,2,3,2,3,2,3,2,3,2,3,2,3,2
P000141,0.75,padrao_1,moderado,48,3,3,2,3,3,2,3,2,3,2,3,2,3,2,3,2,3,2,3,2
P005527,0.75,padrao_1,sedentário,54,3,2,4,3,2,3,2,4,3,2,3,1,4,2,3,2,4,3,2,3
P007059,0.75,padrao_1,ativo,56,3,2,3,4,2,3,3,2,4,2,3,2,3,4,2,3,3,2,4,3
P007786,0.75,padrao_1,moderado,55,3,3,2,4,3,2,3,3,4,2,3,2,3,4,2,3,4,3,2,3
P001758,0.75,padrao_1,sedentário,53,3,3,2,3,2,3,4,2,3,2,3,2,3,4,3,3,2,4,3,2
P004301,0.75,padrao_1,moderado,50,3,3,2,3,2,3,2,3,2,3,2,3,2,3,2,3,2,3,2,3
P000502,0.75,padrao_1,moderado,52,3,2,3,3,2,3,2,3,3,2,2,3,3,2,3,2,3,2,3,2
P006293,0.75,padrao_1,moderado,43,3,4,3,2,3,4,2,3,2,3,4,3,2,3,4,3,2,3,4,3
P005091,0.75,padrao_1,moderado,50,3,3,2,3,2,3,2,3,2,3,2,3,2,3,2,3,2,3,2,3
P008717,0.75,padrao_1,sedentário,58,3,2,4,3,2,3,2,3,4,2,3,2,4,3,2,3,4,3,2,3
P000029,0.75,padrao_1,moderado,51,3,2,3,2,3,2,3,1,3,2,3,2,3,2,3,1,3,2,3,2
P010096,0.75,padrao_1,ativo,52,3,2,3,3,2,4,2,3,3,2,3,2,4,2,3,3,2,4,3,2
P007981,0.75,padrao_1,ativo,49,3,3,2,3,2,3,2,4,2,3,2,3,4,3,2,3,2,3,4,3
P002115,0.75,padrao_1,ativo,48,3,4,3,2,3,2,4,3,3,2,4,3,2,3,4,2,3,4,3,2
P003227,0.75,padrao_1,moderado,50,3,3,2,3,2,3,2,3,2,3,2,3,2,3,2,3,2,3,2,3
P004654,0.75,padrao_1,moderado,50,3,3,2,3,2,3,2,3,2,3,2,3,2,3,2,3,2,3,2,3
P007208,0.75,padrao_1,moderado,50,3,2,3,2,3,2,3,2,3,2,3,2,3,1,2,3,2,3,2,3
P005545,0.75,padrao_1,moderado,47,3,4,3,2,3,4,2,3,3,2,3,4,3,2,4,3,2,3,4,3
P005799,0.75,padrao_1,moderado,49,3,3,4,2,3,3,4,2,3,4,2,3,3,2,3,4,2,3,4,3
P003614,0.75,padrao_1,moderado,48,3,4,3,2,4,3,2,3,4,3,2,3,4,2,3,4,3,2,3,4
P004151,0.75,padrao_1,moderado,52,3,3,2,3,2,3,2,2,3,2,3,2,3,2,3,2,3,3,2,3
P000353,0.75,padrao_1,moderado,50,3,3,2,3,2,3,2,3,2,3,2,2,3,3,2,3,2,3,2,3
P005525,0.75,padrao_1,moderado,49,3,3,2,2,2,3,2,3,2,3,2,3,2,3,2,3,2,3,2,3
P008753,0.75,padrao_1,moderado,49,3,3,2,3,2,2,3,2,3,3,2,2,3,2,3,2,3,2,3,2
P001813,0.75,padrao_1,moderado,45,3,3,2,2,3,3,2,4,2,3,2,3,2,3,2,4,3,2,3,3
P003408,0.75,padrao_1,moderado,48,3,3,2,2,3,2,3,2,3,2,3,2,3,2,3,1,3,2,3,2
P010357,0.75,padrao_1,moderado,49,3,3,2,4,3,2,3,4,3,2,3,4,3,2,3,3,2,4,3,2
P008833,0.75,padrao_1,moderado,51,3,3,2,3,2,3,2,2,4,3,2,3,3,2,3,2,3,2,3,2
P004032,0.75,padrao_1,moderado,46,3,3,2,2,3,3,2,3,2,2,3,3,2,2,3,3,2,3,2,3
P006239,0.75,padrao_1,ativo,50,3,3,2,4,3,2,3,2,3,4,2,3,2,4,3,2,3,2,4,3
P001144,0.75,padrao_1,moderado,51,3,3,2,4,3,2,3,2,3,4,2,3,3,4,2,3,3,2,4,3
P003714,0.75,padrao_1,moderado,50,3,3,2,3,4,3,2,3,2,3,2,3,4,3,2,3,2,3,3,4
P002615,0.75,padrao_1,moderado,48,3,3,2,3,2,3,2,3,2,3,1,2,3,2,3,2,3,2,3,2
P009174,0.75,padrao_1,moderado,48,3,3,2,3,2,3,2,3,2,3,3,2,3,2,2,3,2,3,2,3
P001805,0.75,padrao_1,moderado,44,3,4,2,3,3,2,4,3,2,3,4,2,3,2,3,4,3,2,3,4
P001336,0.75,padrao_1,moderado,49,3,3,2,3,2,3,2,2,3,2,4,3,2,3,2,3,2,3,3,2
P010773,0.75,padrao_1,moderado,49,3,3,2,3,2,3,2,3,3,2,3,2,3,3,1,3,2,2,3,2
P008637,0.75,padrao_1,moderado,52,3,3,2,4,3,3,2,3,3,2,4,3,2,4,3,2,3,3,2,3
P004099,0.75,padrao_1,moderado,49,3,3,4,2,3,3,4,2,3,2,4,3,2,3,3,4,2,3,4,3
P010363,0.75,padrao_1,moderado,51,3,3,4,3,2,3,4,3,2,3,4,2,3,3,2,4,3,2,3,4
P003509,0.75,padrao_1,moderado,50,3,3,2,3,2,3,2,3,2,3,2,3,2,3,2,3,2,3,2,3
P008805,0.75,padrao_1,moderado,52,3,3,2,3,2,3,2,3,2,3,2,4,3,2,3,2,3,3,2,3
P002693,0.75,padrao_1,moderado,51,2,3,2,3,2,3,2,3,2,3,2,3,2,3,2,3,2,3,2,3
P007289,0.75,padrao_1,moderado,50,3,3,2,3,2,3,2,3,2,3,2,3,2,3,2,3,2,3,2,3
P004607,0.75,padrao_1,moderado,47,3,3,2,3,2,3,2,3,2,4,2,3,3,2,3,2,3,2,3,2
P003814,0.75,padrao_1,ativo,50,3,3,2,3,2,3,2,3,2,3,2,3,2,3,2,3,2,3,2,3
P003188,0.75,padrao_1,moderado,50,3,3,2,3,2,3,2,3,2,3,2,3,2,3,2,3,2,3,2,3
P004033,0.75,padrao_1,moderado,50,3,3,2,3,2,3,2,3,2,3,2,3,2,3,2,3,2,3,2,3
P000699,0.75,padrao_1,moderado,50,3,3,2,3,2,3,2,3,2,3,2,3,2,3,2,3,2,3,2,3
P008452,0.75,padrao_1,ativo,56,3,3,4,3,2,3,2,4,3,3,2,3,4,3,2,3,4,3,2,3
P008848,0.75,padrao_1,moderado,50,3,3,2,4,3,2,3,2,3,4,2,3,2,4,3,3,2,4,3,2
P000745,0.75,padrao_1,moderado,49,3,3,2,3,2,2,3,2,3,2,3,2,3,2,3,2,3,2,3,2
P009581,0.75,padrao_1,moderado,44,3,4,3,2,3,2,3,4,2,3,4,2,3,3,2,4,3,2,3,4
P001818,0.75,padrao_1,moderado,52,3,3,2,4,3,2,3,2,3,4,2,3,3,2,4,2,3,3,2,4
P008822,0.75,padrao_1,ativo,53,3,2,2,3,2,3,2,3,3,2,2,3,3,2,2,3,2,3,2,3
P010677,0.75,padrao_1,moderado,49,3,2,3,2,3,2,3,2,3,2,3,2,3,2,3,2,3,2,3,2
P006131,0.75,padrao_1,moderado,45,3,3,2,4,3,2,3,3,2,4,3,2,3,2,4,3,3,2,3,4
P003159,0.75,padrao_1,sedentário,44,3,2,3,2,4,3,2,3,2,4,3,2,3,2,4,3,2,3,2,3
P007419,0.75,padrao_1,sedentário,54,4,3,4,2,3,4,4,2,3,4,3,4,2,3,4,2,3,4,3,4
P000843,0.75,padrao_1,moderado,54,3,3,2,4,2,3,2,3,4,3,2,4,3,2,3,2,3,4,3,2
P006572,0.75,padrao_1,moderado,51,3,3,2,4,3,3,2,3,4,2,3,3,2,3,4,2,3,4,3,2
P006077,0.75,padrao_1,moderado,50,3,2,3,2,3,2,3,3,2,3,2,3,2,3,2,1,3,2,3,2
P006081,0.75,padrao_1,sedentário,49,3,2,4,2,3,3,2,4,3,2,4,3,2,3,4,2,3,4,3,2
P010264,0.75,padrao_1,ativo,51,3,2,3,2,3,3,2,3,2,3,2,4,3,2,3,3,2,3,2,4
P001333,0.75,padrao_1,moderado,52,3,2,2,3,3,2,3,2,3,2,3,3,2,3,2,3,2,3,2,3
P010513,0.75,padrao_1,moderado,49,3,2,3,2,3,2,3,2,3,2,3,2,3,2,3,2,3,2,3,2
P002547,0.75,padrao_1,sedentário,53,3,2,3,3,2,3,2,2,3,2,4,3,2,3,2,3,2,3,2,3
P001240,0.75,padrao_1,moderado,49,3,3,2,2,3,2,3,2,3,2,3,2,3,4,2,3,2,3,4,3
P003562,0.75,padrao_1,moderado,47,3,3,2,2,3,2,3,2,3,2,3,2,3,2,2,3,2,3,3,2
P004872,0.75,padrao_1,moderado,50,3,2,3,2,4,3,2,3,4,2,3,2,4,3,2,3,4,1,3,2
P003755,0.75,padrao_1,moderado,52,3,2,3,2,3,2,3,2,3,2,3,3,2,3,2,3,2,3,2,3
P010597,0.75,padrao_1,sedentário,49,3,2,2,3,3,2,3,2,3,2,3,2,3,2,3,2,3,2,3,2
P000732,0.75,padrao_1,ativo,47,3,3,2,4,3,2,3,2,3,4,2,3,2,3,4,3,2,3,4,3
P009752,0.75,padrao_1,moderado,50,3,3,2,3,2,3,2,3,2,3,2,3,2,3,2,3,2,3,2,3
P003975,0.75,padrao_1,ativo,48,3,3,2,4,3,3,2,4,3,2,4,3,2,4,3,3,2,4,3,2
P004244,0.75,padrao_1,moderado,48,3,3,2,3,2,3,2,2,3,2,3,2,3,2,3,3,2,2,3,3
P007936,0.75,padrao_1,ativo,50,3,3,2,3,2,3,2,3,2,3,2,3,2,3,3,2,2,3,2,3
P002046,0.75,padrao_1,ativo,52,3,2,3,3,2,3,3,2,3,2,3,3,2,2,3,2,3,2,3,2
P005490,0.75,padrao_1,moderado,50,3,3,2,3,2,3,2,3,2,3,2,3,2,3,2,3,2,3,2,3
P010560,0.75,padrao_1,moderado,47,3,3,2,2,4,3,2,3,3,2,4,2,3,3,2,3,1,3,2,4
P000661,0.75,padrao_1,moderado,49,3,3,2,3,2,3,2,2,3,3,2,3,2,2,3,4,2,3,2,3
P009268,0.75,padrao_1,moderado,52,2,3,2,3,2,3,2,2,3,2,3,2,3,2,3,2,2,3,2,3
P000422,0.75,padrao_1,ativo,52,3,2,3,2,4,2,3,3,4,2,3,2,4,3,2,3,4,2,3,3
P003161,0.75,padrao_1,sedentário,49,3,3,2,3,3,2,3,2,2,3,3,2,3,2,3,2,3,3,2,3
P003760,0.75,padrao_1,moderado,49,3,3,4,2,3,3,4,2,3,2,4,3,3,2,4,3,2,3,4,3
P004175,0.75,padrao_1,moderado,50,3,3,2,3,2,3,2,3,2,3,2,3,2,3,2,3,2,3,2,3
P006393,0.75,padrao_1,ativo,52,3,3,4,2,3,2,4,3,3,2,4,3,2,4,3,3,2,3,2,4
P007673,0.75,padrao_1,moderado,48,3,2,2,3,3,2,3,2,2,3,4,2,3,2,3,2,3,2,2,3
P008541,0.75,padrao_1,sedentário,53,3,2,3,2,3,3,2,3,4,2,3,2,3,4,2,3,3,2,3,4
P010670,0.75,padrao_1,sedentário,52,3,2,3,2,3,2,3,2,3,2,3,3,2,3,2,3,2,3,2,3
P003307,0.75,padrao_1,ativo,50,3,3,2,3,2,3,3,2,3,2,3,2,3,2,3,2,3,2,3,2
P003954,0.75,padrao_1,moderado,52,3,3,2,3,2,2,3,2,3,2,3,2,3,2,3,2,3,3,2,3
P002591,0.75,padrao_1,moderado,48,3,2,3,3,2,3,2,3,2,2,3,2,3,2,3,3,2,2,3,3
P003367,0.75,padrao_1,moderado,47,3,3,2,4,3,3,2,3,2,3,4,2,3,3,2,4,3,2,3,4
P007862,0.75,padrao_1,ativo,52,3,2,3,2,3,3,2,2,3,2,3,2,3,3,2,3,2,3,2,3
P006289,0.75,padrao_1,moderado,47,3,3,2,3,2,3,2,4,3,2,3,2,3,2,4,3,2,3,2,3
P008639,0.75,padrao_1,moderado,50,3,2,3,3,2,3,2,3,2,3,2,3,3,2,3,2,3,2,3,2
P000573,0.75,padrao_1,moderado,48,3,4,3,3,4,3,4,3,2,3,3,4,3,2,3,4,2,3,3,4
P006210,0.75,padrao_1,moderado,52,3,3,2,4,3,2,3,2,3,4,2,3,4,2,3,3,4,2,3,4
P006589,0.75,padrao_1,moderado,49,3,3,2,2,3,2,3,2,3,3,2,3,2,4,3,2,3,2,3,2
P007424,0.75,padrao_1,sedentário,54,3,4,3,2,3,4,3,2,3,4,2,3,4,3,2,3,4,2,3,4
P004586,0.75,padrao_1,moderado,52,3,2,3,2,3,2,3,2,3,2,3,3,2,3,2,3,2,3,2,3
P000954,0.75,padrao_1,moderado,53,3,3,2,4,3,3,2,4,3,2,3,4,2,3,3,2,4,3,2,3
P009788,0.75,padrao_1,moderado,57,3,3,2,4,2,3,3,2,2,3,3,4,2,3,1,2,3,4,2,3
P006698,0.75,padrao_1,sedentário,61,3,2,4,3,2,4,3,2,4,3,2,3,2,4,3,2,3,4,2,3
P004782,0.75,padrao_1,sedentário,55,3,2,4,3,3,2,4,3,2,3,4,3,2,4,3,2,4,3,2,4
P008603,0.75,padrao_1,sedentário,51,3,2,3,2,3,3,2,3,2,3,1,3,2,3,2,3,2,3,2,3
P008353,0.75,padrao_1,moderado,43,3,4,2,3,2,3,2,4,2,3,4,2,3,2,3,4,2,3,2,3
P004897,0.75,padrao_1,moderado,44,3,4,3,2,3,4,2,3,2,3,4,2,3,2,3,4,3,2,2,3
P007982,0.75,padrao_1,moderado,51,3,2,3,2,4,2,3,2,4,3,2,3,2,3,4,2,3,2,3,4
P000733,0.75,padrao_1,ativo,49,2,2,3,2,3,3,1,2,3,2,2,3,1,2,3,2,3,2,3,2
P009964,0.75,padrao_1,ativo,50,3,3,2,3,2,3,2,3,2,3,2,3,2,3,2,3,2,3,2,3
P004895,0.75,padrao_1,moderado,52,3,3,2,3,2,2,3,2,3,2,3,2,3,3,2,3,2,3,2,3
P006562,0.75,padrao_1,sedentário,51,3,2,3,4,2,3,2,3,4,2,3,4,3,2,3,4,2,3,4,2
P008431,0.75,padrao_1,sedentário,55,3,3,2,4,3,3,2,3,4,2,3,4,3,3,2,3,4,2,3,4
P002103,0.75,padrao_1,moderado,46,3,3,2,3,2,3,2,3,2,3,2,1,3,2,3,2,3,2,3,2
P006429,0.75,padrao_1,moderado,45,3,3,2,2,3,2,3,2,3,2,3,2,3,2,4,3,2,3,3,2
P009797,0.75,padrao_1,moderado,51,3,3,2,3,2,3,3,2,3,2,3,2,3,2,3,2,3,2,3,3
P000396,0.75,padrao_1,moderado,47,3,3,2,4,3,2,3,4,3,2,3,4,3,2,4,3,2,3,4,3
P002812,0.75,padrao_1,moderado,50,3,3,2,3,2,3,2,3,2,3,2,3,2,3,2,3,2,3,2,3
P001382,0.75,padrao_1,ativo,52,3,3,2,2,3,2,4,3,3,2,2,3,4,2,3,2,3,4,3,2
P002490,0.75,padrao_1,moderado,49,3,3,2,3,2,3,2,2,3,2,3,2,3,2,3,2,3,2,3,2
P007005,0.75,padrao_1,sedentário,51,3,3,4,2,3,3,2,3,4,2,3,4,3,2,3,4,3,2,3,4
P005471,0.75,padrao_1,moderado,52,3,3,2,2,2,3,4,3,2,3,2,3,4,2,3,2,3,4,3,2
P009865,0.75,padrao_1,moderado,49,3,3,2,4,3,2,3,2,4,3,2,3,3,2,4,3,2,3,3,2
P001439,0.75,padrao_1,sedentário,46,3,3,4,2,3,2,4,3,2,4,3,2,4,3,4,3,2,3,4,3
P003375,0.75,padrao_1,moderado,55,3,3,2,4,3,2,3,2,4,3,2,3,3,4,2,3,3,2,3,4
P008634,0.75,padrao_1,ativo,48,3,3,2,3,4,2,3,2,3,4,2,3,3,1,3,2,3,4,3,2
P001888,0.75,padrao_1,moderado,49,3,2,3,2,3,2,3,2,3,2,3,2,3,2,3,2,3,2,3,2
P007384,0.75,padrao_1,ativo,49,3,3,2,3,2,3,2,3,3,2,3,2,3,2,3,3,2,3,2,3
P004967,0.75,padrao_1,moderado,51,3,2,3,2,3,2,3,2,3,2,3,2,3,3,2,4,2,3,2,3
P000183,0.75,padrao_1,moderado,50,3,3,2,3,2,3,2,3,4,3,2,3,2,3,2,3,2,3,3,2
P008853,0.75,padrao_1,moderado,45,3,3,2,3,4,3,2,3,2,4,3,2,3,3,2,4,3,2,3,4
P001052,0.75,padrao_1,moderado,51,3,3,2,2,3,2,3,2,3,2,2,3,2,3,2,3,2,3,2,3
P008952,0.75,padrao_1,moderado,52,3,2,2,3,3,2,3,2,3,2,3,2,3,3,2,3,2,3,2,3
P010030,0.75,padrao_1,sedentário,60,3,2,3,4,2,3,3,2,4,3,2,3,4,2,3,2,3,4,2,3
P003529,0.75,padrao_1,moderado,52,3,3,2,3,2,3,3,2,2,3,2,3,3,2,2,3,2,3,2,3
P007881,0.75,padrao_1,moderado,49,3,3,2,3,2,2,3,2,3,2,3,2,3,2,3,2,3,2,3,2
P004231,0.75,padrao_1,ativo,45,3,4,2,3,4,2,3,2,3,4,2,3,4,2,3,4,2,3,4,3
P010319,0.75,padrao_1,sedentário,47,3,2,4,3,3,2,4,3,2,3,4,3,2,3,4,3,2,3,4,3
P005930,0.75,padrao_1,moderado,50,3,3,2,3,2,3,2,3,2,3,2,3,3,2,2,3,2,3,2,3
P002428,0.75,padrao_1,moderado,49,3,4,3,2,3,3,2,4,3,2,3,2,3,4,3,2,3,4,3,2
P010667,0.75,padrao_1,moderado,50,3,2,3,2,3,2,3,2,3,2,4,3,2,3,2,3,2,4,3,2
P008490,0.75,padrao_1,muito ativo,48,3,3,2,3,2,4,3,2,4,3,2,3,1,2,4,3,2,3,4,2
P001283,0.75,padrao_1,moderado,53,3,3,2,3,2,4,3,2,3,2,3,3,2,4,2,3,3,2,4,3
P008825,0.75,padrao_1,moderado,54,3,3,2,3,2,3,4,3,2,3,2,3,4,2,3,3,4,3,2,3
P005390,0.75,padrao_1,moderado,49,3,3,2,2,3,2,3,2,3,2,3,2,2,3,2,3,2,3,2,3
P010016,0.75,padrao_1,ativo,47,3,4,2,3,4,3,2,4,3,2,3,4,2,3,4,3,4,2,3,4
P008779,0.75,padrao_1,ativo,47,2,3,2,3,2,3,2,3,1,3,2,3,2,3,2,4,3,2,3,2
P009294,0.75,padrao_1,moderado,52,2,3,2,3,2,2,3,3,2,3,2,2,3,3,2,2,3,3,2,2
P000666,0.75,padrao_1,moderado,50,3,3,2,3,2,2,3,2,3,2,3,3,2,2,3,2,3,2,3,3
P010181,0.75,padrao_1,moderado,51,3,3,2,2,3,4,3,2,2,3,2,3,3,2,3,2,4,2,3,3
P004917,0.75,padrao_1,moderado,51,3,3,2,3,4,2,3,3,4,2,3,2,4,3,2,3,4,3,4,3
P007270,0.75,padrao_1,moderado,43,3,3,2,2,3,2,3,3,2,2,3,2,3,2,3,3,2,2,3,2
P003939,0.75,padrao_1,moderado,46,3,3,2,3,3,2,2,3,2,3,3,2,3,2,3,2,3,4,3,2
P006536,0.75,padrao_1,moderado,51,3,4,2,3,2,4,3,2,3,4,3,2,4,3,2,4,3,2,3,4
P010642,0.75,padrao_1,moderado,51,3,3,2,3,2,2,3,2,3,2,3,2,2,3,2,3,2,3,2,3
P004411,0.75,padrao_1,ativo,51,3,2,3,4,3,2,3,4,2,3,3,2,3,4,2,3,3,2,3,4
P006732,0.75,padrao_1,moderado,52,3,2,2,3,2,3,2,3,2,3,2,3,2,3,2,2,3,2,2,3
P003678,0.75,padrao_1,moderado,50,3,3,2,3,2,3,2,3,2,3,2,3,2,3,2,3,2,3,2,3
P010722,0.75,padrao_1,ativo,52,3,3,2,3,2,2,3,2,3,2,3,2,3,2,3,2,3,3,2,3
P001661,0.75,padrao_1,moderado,55,3,3,2,3,2,4,3,2,3,2,3,4,2,3,2,3,2,3,2,3
P009367,0.75,padrao_1,ativo,48,3,3,2,2,3,4,2,3,2,4,3,3,2,4,3,2,3,2,3,4
P004454,0.75,padrao_1,moderado,52,3,3,2,2,3,2,4,3,2,3,2,3,4,2,3,2,3,4,2,3
P001540,0.75,padrao_1,moderado,51,3,3,2,2,3,2,3,2,3,2,2,3,2,3,2,3,2,3,2,3
P009842,0.75,padrao_1,moderado,51,3,2,3,3,2,3,2,2,3,2,3,2,3,2,3,2,3,2,3,2
P004098,0.75,padrao_1,moderado,47,3,3,2,2,3,2,3,2,3,2,3,2,3,2,3,2,3,2,3,2
P004069,0.75,padrao_1,moderado,55,3,4,3,4,3,4,2,3,4,3,2,3,4,2,3,3,4,3,2,3
P007649,0.75,padrao_1,sedentário,53,3,3,2,3,2,3,3,2,3,2,3,3,2,3,2,3,2,3,2,3
P006396,0.75,padrao_1,moderado,50,3,2,3,2,3,2,3,3,2,3,2,3,2,3,2,3,2,3,2,3
P002358,0.75,padrao_1,moderado,47,3,3,2,3,4,2,3,2,3,4,2,3,3,2,4,3,2,3,3,4
P009451,0.75,padrao_1,moderado,48,3,3,4,2,3,2,4,3,2,3,2,3,3,2,4,3,2,4,3,2
P005278,0.75,padrao_1,moderado,48,3,3,2,3,2,3,2,3,2,2,3,2,3,3,2,3,2,3,3,2
P008065,0.75,padrao_1,moderado,44,3,2,2,3,4,3,2,3,2,3,4,2,3,2,4,3,2,3,2,3
P005585,0.75,padrao_1,moderado,48,2,3,2,3,2,3,2,3,2,2,3,2,3,2,3,2,3,2,3,2
P005801,0.75,padrao_1,moderado,53,3,2,3,2,3,2,3,2,3,2,3,2,4,3,2,3,2,3,2,3
P003875,0.75,padrao_1,sedentário,51,3,3,2,3,4,2,3,3,4,2,3,2,3,4,3,2,4,3,4,3
P008123,0.75,padrao_1,moderado,49,3,3,3,2,4,3,2,3,4,3,2,3,2,3,4,2,3,2,3,4
P007292,0.75,padrao_1,moderado,48,3,2,3,2,3,3,2,3,2,3,2,3,3,2,3,2,3,2,3,2
P004186,0.75,padrao_1,ativo,46,3,3,2,2,3,4,2,3,2,3,3,2,4,3,2,3,2,3,4,2
P005392,0.75,padrao_1,moderado,52,3,3,2,3,2,3,2,2,3,2,3,3,2,3,2,3,2,3,2,3
P006936,0.75,padrao_1,moderado,48,2,3,2,2,3,2,3,2,3,2,3,2,3,2,3,2,3,2,3,2
P000833,0.75,padrao_1,moderado,47,3,3,2,3,2,3,2,3,2,2,3,2,2,3,2,3,2,3,3,2
P010422,0.75,padrao_1,ativo,49,3,2,3,2,3,2,4,3,2,3,2,3,4,2,3,3,2,2,3,3
P006611,0.75,padrao_1,moderado,52,3,3,2,3,2,4,3,2,3,2,4,3,2,3,2,3,2,4,3,2
P001467,0.75,padrao_1,moderado,52,3,3,2,3,2,3,3,2,3,2,2,3,2,3,3,2,3,2,3,2
P006280,0.75,padrao_1,moderado,50,3,3,2,3,2,3,2,3,3,2,3,2,2,3,2,2,3,2,3,3
P002228,0.75,padrao_1,ativo,48,3,3,2,3,2,3,2,3,2,4,3,2,3,3,2,3,2,3,2,3
P009212,0.75,padrao_1,ativo,50,3,3,2,3,2,3,2,3,2,3,2,3,2,3,2,3,2,3,2,3
P007402,0.75,padrao_1,moderado,52,2,3,2,3,2,3,2,3,2,3,2,3,2,4,2,3,2,3,2,3
P010028,0.75,padrao_1,moderado,54,3,3,2,3,4,2,3,2,4,3,2,3,2,4,3,2,4,3,2,3
P004803,0.75,padrao_1,moderado,48,3,2,2,3,2,3,2,3,2,4,3,2,3,2,3,3,2,3,2,4
P002275,0.75,padrao_1,moderado,55,3,3,4,2,3,3,4,2,4,3,2,3,4,2,3,3,4,2,3,3
P007180,0.75,padrao_1,moderado,50,3,3,2,3,2,3,2,3,2,3,2,3,2,3,2,3,2,3,2,3
P009435,0.75,padrao_1,moderado,51,3,2,3,3,2,2,3,2,3,3,2,2,3,2,3,2,2,3,3,2
P002929,0.75,padrao_1,moderado,51,3,2,3,2,3,2,3,2,3,2,4,3,2,3,2,3,2,3,2,3
P000522,0.75,padrao_1,moderado,51,3,2,3,2,4,3,2,3,4,2,3,2,4,3,2,3,4,2,3,2
P005963,0.75,padrao_1,ativo,46,3,4,2,3,4,3,2,3,4,3,2,3,4,2,3,4,2,3,4,3
P003057,0.75,padrao_1,moderado,51,3,3,2,2,4,3,3,2,3,2,4,3,3,2,3,2,4,3,2,3
P010496,0.75,padrao_1,moderado,49,3,2,2,3,2,3,2,3,2,3,2,3,2,3,2,3,2,2,3,3
P008714,0.75,padrao_1,moderado,50,3,3,2,3,2,3,3,2,2,3,2,3,2,3,3,2,2,3,3,2
P004487,0.75,padrao_1,ativo,53,3,2,4,3,3,2,4,3,2,4,3,2,4,3,2,3,4,2,3,4
P008350,0.75,padrao_1,ativo,54,3,2,3,3,2,2,3,2,3,3,2,3,2,3,2,3,2,3,2,3
P001008,0.75,padrao_1,moderado,48,3,3,2,3,2,3,2,3,2,3,2,3,2,3,3,2,3,2,3,2
P001002,0.75,padrao_1,moderado,50,3,3,2,3,2,3,2,3,2,3,2,3,2,3,2,3,2,3,2,3
P009007,0.75,padrao_1,moderado,56,3,3,2,4,3,2,3,2,4,3,2,3,4,3,2,3,4,2,3,4
P000108,0.75,padrao_1,moderado,50,3,3,2,3,2,3,2,3,2,3,2,3,2,3,2,3,2,3,2,3
P009009,0.75,padrao_1,moderado,50,3,3,2,4,3,2,3,2,3,4,2,3,2,3,1,3,2,3,4,3
P003052,0.75,padrao_1,ativo,47,3,4,3,2,4,3,2,3,4,2,3,4,2,3,4,3,2,4,3,2
P009790,0.75,padrao_1,ativo,56,3,3,4,3,2,3,4,2,3,3,2,3,4,2,3,3,4,2,3,3
P001189,0.75,padrao_1,moderado,45,3,3,2,2,3,2,2,3,3,2,3,2,2,3,2,3,3,2,3,2
P008381,0.75,padrao_1,sedentário,55,3,2,4,3,2,3,4,2,4,3,2,3,4,2,3,4,3,2,4,3
P002724,0.75,padrao_1,moderado,48,3,3,2,3,2,3,2,3,2,3,2,3,3,2,3,2,3,2,3,2
P003435,0.75,padrao_1,ativo,47,3,4,2,3,4,3,2,4,3,2,3,4,3,2,4,3,2,4,3,4
P003289,0.75,padrao_1,ativo,51,3,4,3,2,3,4,3,3,2,3,2,4,3,3,2,4,3,2,3,4
P009371,0.75,padrao_1,moderado,48,3,3,2,2,3,2,3,2,3,3,2,3,2,3,2,3,2,3,3,2
P006832,0.75,padrao_1,moderado,48,3,3,2,4,3,2,4,3,2,3,4,3,2,3,4,2,3,4,3,2
P003516,0.75,padrao_1,moderado,50,3,3,2,3,2,3,3,2,3,2,3,2,2,3,3,2,3,2,3,2
P004612,0.75,padrao_1,moderado,50,3,3,2,3,2,3,2,3,2,3,2,3,2,3,2,3,2,3,2,3
P007997,0.75,padrao_1,sedentário,49,3,3,2,3,2,3,2,4,3,2,3,2,4,3,2,3,2,3,4,3
P003475,0.75,padrao_1,moderado,50,3,3,2,3,2,2,3,3,2,3,2,3,2,3,2,3,2,3,2,3
P007597,0.75,padrao_1,moderado,51,3,2,2,3,2,3,2,3,2,3,2,3,2,3,2,3,2,3,2,3
P009372,0.75,padrao_1,moderado,52,3,3,2,3,2,3,2,3,4,3,2,3,2,4,3,2,3,2,3,3
P001679,0.75,padrao_1,moderado,56,3,2,3,2,4,3,3,2,4,3,2,3,4,2,3,2,3,4,2,3
P006716,0.75,padrao_1,moderado,51,3,3,2,3,2,3,3,2,3,2,3,2,3,2,3,3,2,3,2,3
P007756,0.75,padrao_1,moderado,50,3,3,2,3,2,3,2,3,2,3,2,3,2,3,2,3,2,3,2,3
P002604,0.75,padrao_1,moderado,51,3,2,3,2,3,3,2,3,2,3,2,3,3,2,3,2,3,3,2,3
P003409,0.75,padrao_1,moderado,47,3,3,2,3,2,3,2,3,2,3,2,2,3,2,3,2,3,2,3,2
P008841,0.75,padrao_1,moderado,43,3,3,2,4,3,2,3,4,2,3,4,3,3,2,4,3,2,3,4,3
P007758,0.75,padrao_1,moderado,48,3,3,2,3,2,3,2,3,2,3,3,2,3,2,2,3,2,3,2,3
P006368,0.75,padrao_1,moderado,49,3,4,3,2,3,3,4,2,3,2,3,4,3,2,4,3,2,3,4,3
P009073,0.75,padrao_1,ativo,53,3,3,2,3,2,4,3,2,3,4,2,3,4,3,2,3,3,2,4,3
P008448,0.75,padrao_1,moderado,50,3,2,3,2,4,3,3,2,4,3,2,3,4,2,3,4,3,2,3,2
P001218,0.75,padrao_1,moderado,44,3,3,2,3,4,3,2,2,3,4,3,3,2,3,4,3,2,3,4,3
P008980,0.75,padrao_1,moderado,46,3,2,3,2,3,4,2,3,2,3,4,3,2,3,2,4,3,2,3,2
P003460,0.75,padrao_1,moderado,52,3,3,2,3,4,2,3,2,3,2,3,4,2,3,2,3,2,4,2,3
P004121,0.75,padrao_1,moderado,51,3,2,3,2,3,2,3,2,3,2,2,3,2,3,3,2,3,2,3,2
P009587,0.75,padrao_1,moderado,48,3,3,2,3,2,3,2,3,2,3,2,3,2,3,2,3,3,2,3,2
P000447,0.75,padrao_1,sedentário,51,3,3,2,3,2,4,3,2,3,4,2,3,3,2,4,2,3,3,4,3
P006156,0.75,padrao_1,ativo,59,3,2,4,3,2,3,4,2,3,2,3,4,2,3,4,2,3,4,2,3
P009714,0.75,padrao_1,moderado,50,3,3,2,3,2,3,2,3,3,2,2,3,2,3,2,3,2,3,3,2
P005619,0.75,padrao_1,ativo,51,3,4,3,2,3,2,3,4,2,3,1,3,4,2,3,2,3,4,2,3
P003101,0.75,padrao_1,sedentário,50,3,3,2,3,2,3,2,4,3,2,3,2,4,3,2,3,4,2,4,3
P002825,0.75,padrao_1,sedentário,55,3,3,4,3,3,4,3,2,3,4,2,3,4,3,2,4,3,2,3,4
P007934,0.75,padrao_1,moderado,50,3,3,2,3,2,3,2,3,2,3,2,3,2,3,2,3,2,3,2,3
P006123,0.75,padrao_1,moderado,50,3,3,2,2,2,3,3,2,1,3,2,3,2,2,3,1,2,3,2,3
P003949,0.75,padrao_1,moderado,51,3,3,2,3,2,3,3,2,3,2,3,3,2,3,2,3,2,3,3,2
P006079,0.75,padrao_1,moderado,50,3,3,2,2,3,3,2,3,4,2,3,2,4,3,2,3,2,4,3,2
P004860,0.75,padrao_1,moderado,50,3,2,3,2,3,2,3,2,3,2,4,3,2,3,2,3,3,2,3,3
P000971,0.75,padrao_1,moderado,52,3,3,2,3,2,3,2,4,2,3,2,4,3,2,3,2,3,4,2,3
P002164,0.75,padrao_1,moderado,50,3,3,2,3,2,3,2,3,2,3,2,3,2,3,2,3,2,3,2,3
P005652,0.75,padrao_1,moderado,51,3,2,3,3,2,3,2,3,2,2,2,3,2,3,3,2,3,2,3,2
P010052,0.75,padrao_1,moderado,52,3,3,2,3,2,2,3,2,3,3,2,2,3,2,3,2,3,3,2,3
P004887,0.75,padrao_1,moderado,50,3,3,2,3,2,3,2,3,2,3,2,3,2,3,2,3,2,3,2,3
P004368,0.75,padrao_1,moderado,46,3,3,2,3,2,3,2,3,2,3,3,2,3,2,3,2,3,2,3,2
P002062,0.75,padrao_1,moderado,51,2,3,3,2,3,2,3,2,3,2,2,3,2,3,2,3,3,2,3,2
P002759,0.75,padrao_1,moderado,48,3,3,2,3,2,3,2,3,2,3,2,3,2,3,3,2,3,2,3,2
P009052,0.75,padrao_1,moderado,55,3,4,3,2,3,4,3,2,4,3,2,3,4,3,3,2,4,3,4,3
P008387,0.75,padrao_1,moderado,48,3,3,2,3,2,3,2,3,3,2,3,2,3,2,3,2,3,2,3,2
P010431,0.75,padrao_1,moderado,49,3,3,2,2,3,2,3,2,2,3,2,3,2,3,2,3,2,3,2,3
P001168,0.75,padrao_1,moderado,46,3,4,3,2,4,3,2,3,4,3,2,4,3,2,3,4,2,3,4,3
P010656,0.75,padrao_1,moderado,49,3,2,3,2,3,4,3,2,3,4,2,3,2,3,4,3,2,3,4,3
P002217,0.75,padrao_1,ativo,46,3,3,4,2,3,2,4,3,2,3,4,2,3,2,3,4,2,3,2,3
P010593,0.75,padrao_1,muito ativo,52,3,3,4,2,3,2,4,3,2,4,3,2,4,3,3,2,4,3,2,3
P006132,0.75,padrao_1,ativo,53,3,3,2,2,3,2,3,2,4,3,2,3,2,3,2,3,4,3,2,3
P010550,0.75,padrao_1,ativo,54,3,3,4,2,3,4,3,2,3,4,3,2,4,3,2,3,4,2,3,4
P006721,0.75,padrao_1,moderado,50,3,3,2,3,2,3,2,3,2,3,2,3,2,3,2,3,2,3,2,3
P004235,0.75,padrao_1,moderado,50,3,3,2,3,2,3,2,3,2,3,2,3,4,3,2,3,2,3,3,2
P005740,0.75,padrao_1,muito ativo,52,3,2,3,3,2,2,3,2,3,2,3,2,3,2,3,3,2,3,2,3
P006456,0.75,padrao_1,moderado,45,3,4,3,3,4,2,3,4,3,2,3,4,3,2,3,4,3,2,4,3
P007026,0.75,padrao_1,moderado,50,3,3,2,3,2,3,2,3,2,3,2,3,2,3,2,3,2,3,2,3
P002341,0.75,padrao_1,moderado,46,3,2,3,2,4,3,2,3,2,3,3,2,4,3,2,4,3,2,3,2
P007439,0.75,padrao_1,moderado,52,3,2,3,2,3,2,3,2,3,2,3,2,3,3,2,3,2,3,2,3
P001871,0.75,padrao_1,moderado,51,3,2,2,3,2,3,2,4,2,3,2,3,2,3,1,3,2,3,2,3
P002874,0.75,padrao_1,moderado,48,3,3,2,2,3,4,3,2,3,2,4,3,2,2,3,3,4,2,3,2
P008449,0.75,padrao_1,moderado,48,3,3,2,2,4,3,2,3,2,3,2,4,3,2,3,3,2,4,2,3
P009667,0.75,padrao_1,moderado,46,3,2,3,2,4,3,2,3,2,3,4,2,3,3,4,2,3,4,3,2
P004767,0.75,padrao_1,moderado,48,3,3,2,3,2,3,2,3,3,2,3,2,3,2,3,2,3,2,3,2
P010266,0.75,padrao_1,ativo,55,3,3,2,4,3,2,3,2,4,3,2,3,2,3,3,2,4,3,2,3
P000853,0.75,padrao_1,moderado,49,3,3,2,3,2,3,2,3,2,3,2,3,2,3,2,2,3,2,3,2
P009880,0.75,padrao_1,moderado,51,3,3,2,3,2,3,3,2,3,2,3,2,3,2,3,3,2,3,2,3
P008052,0.75,padrao_1,moderado,50,3,3,2,3,2,3,2,3,2,3,2,3,2,3,2,3,2,3,2,3
P010062,0.75,padrao_1,moderado,46,3,4,3,2,3,3,4,2,3,2,4,3,2,3,4,3,2,3,4,2
P007797,0.75,padrao_1,moderado,52,3,2,3,2,3,2,3,2,3,2,3,3,2,3,2,3,2,3,2,3
P006177,0.75,padrao_1,moderado,53,3,3,2,3,2,3,4,2,3,2,3,2,3,4,2,3,2,3,3,2
P009080,0.75,padrao_1,moderado,50,3,3,2,3,2,3,2,3,2,3,2,3,2,3,2,3,2,3,2,3
P010613,0.75,padrao_1,moderado,49,3,2,3,2,3,2,3,2,3,2,3,2,3,2,3,2,3,2,3,2
P004747,0.75,padrao_1,moderado,49,3,3,2,3,2,3,2,3,1,3,2,3,2,3,2,3,2,3,2,3
P002004,0.75,padrao_1,moderado,48,3,3,2,3,2,3,2,3,2,3,2,3,2,2,3,3,2,3,2,3
P001268,0.75,padrao_1,sedentário,47,3,3,2,2,3,3,2,2,3,2,3,3,2,2,3,2,3,2,3,2
P000583,0.75,padrao_1,ativo,49,3,2,3,2,3,2,3,2,3,2,3,2,3,2,3,2,3,2,3,2
P001417,0.75,padrao_1,moderado,47,3,3,2,2,4,3,2,3,4,2,3,4,2,3,2,4,3,2,3,2
P006109,0.75,padrao_1,moderado,47,3,3,2,2,3,2,3,3,2,2,3,2,3,3,2,2,3,2,3,2
P005072,0.75,padrao_1,moderado,51,2,3,2,3,2,2,3,2,3,2,3,2,3,2,3,3,2,3,2,3
P009021,0.75,padrao_1,moderado,50,3,3,2,3,2,3,2,3,2,3,2,3,2,3,2,3,2,3,2,3
P009391,0.75,padrao_1,moderado,52,3,3,2,3,2,3,3,2,3,2,3,2,2,3,2,3,2,3,2,3
P009322,0.75,padrao_1,ativo,54,3,2,3,3,2,3,4,2,3,3,2,4,3,2,3,4,3,2,3,3
P010025,0.75,padrao_1,moderado,53,3,3,4,2,3,2,3,2,4,2,3,2,4,3,2,3,4,2,3,2
P002329,0.75,padrao_1,moderado,51,3,2,3,3,2,3,2,3,3,2,3,2,3,2,3,3,2,3,2,3
P002849,0.75,padrao_1,moderado,49,3,3,2,3,2,3,2,4,3,2,3,2,4,3,2,3,2,3,4,3
P009176,0.75,padrao_1,sedentário,48,3,2,3,2,3,2,3,2,3,2,4,2,3,2,3,2,3,2,3,2
P000126,0.75,padrao_1,moderado,52,3,3,2,3,2,2,3,2,3,3,2,3,2,3,2,3,2,3,2,3
P000001,0.75,padrao_1,moderado,48,3,2,3,2,3,2,3,3,2,2,3,2,3,3,2,3,2,3,3,2
P003050,0.75,padrao_1,moderado,47,3,3,2,4,3,2,3,3,2,1,4,3,2,3,2,4,3,2,3,2
P007855,0.75,padrao_1,moderado,48,3,2,2,3,3,2,3,2,3,2,3,2,3,2,3,3,2,3,3,2
P010050,0.75,padrao_1,muito ativo,58,2,3,2,3,2,4,3,2,3,2,3,2,4,3,2,3,4,3,2,3
P007506,0.75,padrao_1,sedentário,47,3,3,2,3,4,3,2,3,2,4,3,2,3,4,2,3,3,2,3,4
P003710,0.75,padrao_1,moderado,49,3,4,2,3,4,3,2,3,4,2,3,4,2,3,4,2,3,4,3,2
P009164,0.75,padrao_1,moderado,50,3,3,2,3,4,2,3,2,3,3,2,3,4,3,2,3,3,2,3,2
P008685,0.75,padrao_1,moderado,53,3,3,2,4,3,2,3,2,3,4,2,3,3,4,2,3,2,4,3,3
P007333,0.75,padrao_1,ativo,56,3,4,3,2,3,4,3,2,4,3,2,3,4,3,2,3,4,2,3,4
P009407,0.75,padrao_1,moderado,50,3,3,2,4,3,2,3,2,3,2,4,3,2,4,3,3,2,4,3,2
P003745,0.75,padrao_1,ativo,50,3,3,2,2,3,2,3,2,3,3,2,3,2,3,2,3,2,3,2,3
P007896,0.75,padrao_1,moderado,49,3,2,3,2,3,4,3,3,2,2,4,3,2,3,4,3,2,3,2,3
P006889,0.75,padrao_1,moderado,49,3,3,2,2,2,3,2,3,2,3,2,3,2,3,2,3,2,3,2,3
P001005,0.75,padrao_1,moderado,50,3,3,2,3,2,3,2,3,2,2,3,3,2,3,2,3,2,3,2,3
P001432,0.75,padrao_1,moderado,47,3,3,2,3,2,3,2,4,2,3,2,3,3,2,4,3,2,3,2,3
P002010,0.75,padrao_1,moderado,52,3,2,3,2,3,2,3,1,3,2,2,3,1,3,2,3,2,4,3,2
P003541,0.75,padrao_1,moderado,50,3,4,3,2,3,4,3,2,3,4,2,3,3,2,4,3,4,2,3,4
P000375,0.75,padrao_1,moderado,50,3,3,2,3,2,3,2,3,3,2,3,2,4,3,2,3,3,2,4,3
P002233,0.75,padrao_1,ativo,47,3,3,2,2,3,2,2,3,2,3,1,3,2,3,2,2,3,2,3,2
P008118,0.75,padrao_1,moderado,47,3,3,2,3,2,3,2,3,2,3,2,2,3,2,3,2,3,2,3,2
P003131,0.75,padrao_1,moderado,49,3,3,2,4,2,3,4,3,2,3,2,3,4,2,3,4,2,3,4,2
P005124,0.75,padrao_1,ativo,44,3,4,2,3,4,3,2,3,1,4,3,2,4,3,2,4,3,2,3,4
P002795,0.75,padrao_1,moderado,49,3,3,2,2,3,2,3,2,3,2,3,2,2,3,2,3,2,3,2,3
P006903,0.75,padrao_1,moderado,57,3,2,4,3,2,3,4,2,3,4,3,2,4,3,2,3,4,2,3,4
P008526,0.75,padrao_1,moderado,49,3,3,2,3,2,2,3,2,2,3,2,3,3,2,3,2,3,2,3,2
P007121,0.75,padrao_1,ativo,47,3,3,2,3,2,3,2,4,3,2,3,2,3,1,2,3,2,4,3,2
P005400,0.75,padrao_1,moderado,50,3,3,2,3,2,3,2,3,2,3,2,3,2,3,2,3,2,3,2,3
P007280,0.75,padrao_1,moderado,50,3,3,2,3,2,3,2,3,2,3,2,3,2,3,2,3,2,3,2,3
P001864,0.75,padrao_1,moderado,50,3,3,2,3,2,2,3,3,2,3,2,3,2,3,2,3,2,3,2,3
P002715,0.75,padrao_1,moderado,50,3,3,2,4,2,3,2,3,2,3,2,3,4,3,2,3,2,3,4,2
P003955,0.75,padrao_1,ativo,50,3,4,3,2,3,2,3,2,3,4,2,3,4,3,2,4,3,2,3,4
P001198,0.75,padrao_1,moderado,45,3,3,2,2,3,2,3,2,3,2,3,2,3,2,3,3,2,2,3,2
P006452,0.75,padrao_1,moderado,52,3,3,2,3,2,2,4,2,3,2,3,2,3,4,3,2,3,2,4,3
P006708,0.75,padrao_1,moderado,48,3,3,2,2,3,3,2,3,2,3,2,2,3,3,2,3,2,3,2,3
P003923,0.75,padrao_1,moderado,50,3,3,2,3,2,3,2,3,2,3,2,3,2,3,2,3,2,3,2,3
P007102,0.75,padrao_1,moderado,49,3,2,3,2,3,2,3,2,3,2,3,2,3,2,3,2,3,2,3,2
P002711,0.75,padrao_1,sedentário,50,3,2,3,2,3,2,3,2,3,2,3,2,4,2,3,2,3,2,3,2
P008362,0.75,padrao_1,moderado,51,2,3,2,3,2,3,2,3,2,3,2,3,2,3,2,3,2,3,2,3
P004819,0.75,padrao_1,moderado,46,3,3,2,4,3,2,3,4,2,3,2,4,3,2,3,4,2,3,4,3
P003183,0.75,padrao_1,moderado,49,3,3,2,3,2,2,3,2,3,2,3,2,3,2,3,2,3,2,3,2
P001465,0.75,padrao_1,moderado,46,3,3,2,3,2,3,2,3,2,3,3,2,3,2,3,2,3,2,3,2
P008503,0.75,padrao_1,moderado,46,3,3,2,3,2,3,2,3,2,3,3,2,3,2,3,2,3,2,3,2
P010353,0.75,padrao_1,moderado,55,3,3,2,3,2,3,4,2,3,3,2,3,2,4,3,2,3,2,3,4
P007514,0.75,padrao_1,moderado,52,3,2,4,3,2,3,2,3,3,2,4,3,2,3,2,4,3,2,3,4
P005253,0.75,padrao_1,moderado,49,3,3,2,2,3,2,3,2,2,3,2,3,3,2,3,2,2,3,2,3
P010048,0.75,padrao_1,ativo,49,3,3,2,2,3,2,3,2,3,2,2,3,2,3,2,3,2,3,3,2
P004110,0.75,padrao_1,moderado,45,3,3,2,2,3,3,2,3,2,3,2,2,2,3,2,3,3,2,3,2
P004505,0.75,padrao_1,moderado,55,3,3,2,4,2,3,2,3,3,2,3,4,2,3,3,2,4,3,2,3
P001233,0.75,padrao_1,moderado,48,3,3,2,2,3,3,2,3,2,2,3,3,2,3,2,3,2,3,2,3
P005167,0.75,padrao_1,moderado,55,3,3,2,4,3,2,3,2,4,3,2,3,4,2,3,3,4,3,2,3
P002832,0.75,padrao_1,moderado,49,3,3,2,3,2,2,4,3,2,3,3,2,4,3,2,3,3,2,4,3
P008276,0.75,padrao_1,moderado,49,3,3,2,3,2,3,2,2,4,3,2,3,2,3,4,3,2,3,3,2
P003848,0.75,padrao_1,moderado,50,3,3,2,3,2,3,2,3,2,3,2,3,2,3,2,3,2,3,2,3
P008317,0.75,padrao_1,ativo,51,3,3,4,3,2,3,4,2,3,2,4,3,3,2,4,3,2,3,4,3
P007274,0.75,padrao_1,moderado,49,3,2,3,2,3,2,3,2,3,2,3,2,3,2,3,2,3,2,3,2
P000407,0.75,padrao_1,moderado,45,3,3,2,3,2,3,2,3,2,4,3,2,3,2,3,4,2,3,2,3
P002344,0.75,padrao_1,moderado,55,3,3,2,3,2,4,3,2,3,3,2,3,4,2,3,3,2,4,2,3
P000695,0.75,padrao_1,moderado,51,3,2,4,3,2,3,2,4,3,2,3,4,2,3,2,4,3,2,4,3
P010501,0.75,padrao_1,sedentário,49,3,4,2,3,2,3,3,2,4,2,3,4,3,2,3,4,2,3,4,2
P001631,0.75,padrao_1,moderado,50,3,3,2,3,2,3,2,3,4,3,2,2,3,2,3,3,4,2,3,3
P004222,0.75,padrao_1,moderado,49,3,2,3,2,3,2,3,2,3,2,3,2,3,2,3,2,3,2,3,2
P003347,0.75,padrao_1,moderado,50,3,3,2,3,4,2,3,2,3,4,2,3,2,3,4,2,3,3,2,4
P002499,0.75,padrao_1,moderado,52,3,3,2,3,2,4,3,2,3,2,3,2,1,3,2,3,2,3,2,3
P007070,0.75,padrao_1,moderado,49,3,3,2,3,2,3,2,3,2,3,2,3,2,3,2,2,3,2,3,2
P008140,0.75,padrao_1,moderado,50,3,3,2,3,2,3,2,4,3,3,2,3,2,4,3,2,3,2,3,3
P008584,0.75,padrao_1,moderado,49,3,3,2,2,3,2,2,3,3,2,2,3,3,2,3,2,3,4,3,2
P010240,0.75,padrao_1,moderado,49,3,2,3,2,3,2,3,2,3,2,3,2,3,2,3,2,3,2,3,2
P004243,0.75,padrao_1,moderado,53,3,3,2,3,3,2,3,2,3,2,3,2,3,3,2,2,3,3,2,3
P003792,0.75,padrao_1,moderado,46,3,3,2,2,3,3,2,3,2,3,4,3,3,2,2,3,2,3,2,3
P008828,0.75,padrao_1,moderado,48,3,3,2,2,3,3,2,2,3,2,3,3,2,2,3,3,2,3,2,3
P002304,0.75,padrao_1,moderado,48,3,3,2,3,2,3,2,3,2,3,2,3,3,2,3,2,3,2,3,2
P002530,0.75,padrao_1,moderado,49,3,3,2,3,2,3,2,3,2,3,2,3,3,2,3,3,2,3,2,3
P008543,0.75,padrao_1,moderado,52,3,2,3,2,3,2,3,2,3,3,2,3,2,3,2,3,2,3,2,3
P007042,0.75,padrao_1,moderado,50,3,3,2,3,2,3,2,3,2,3,2,3,2,3,2,3,2,3,2,3
P008195,0.75,padrao_1,moderado,47,3,3,2,2,3,3,2,3,2,2,3,2,3,3,2,2,3,2,3,2
P005335,0.75,padrao_1,moderado,47,3,3,2,2,3,2,3,2,3,2,4,2,3,2,3,3,2,3,2,3
P006043,0.75,padrao_1,moderado,47,3,3,2,3,2,3,2,3,2,3,3,2,3,2,3,2,3,2,3,3
P007326,0.75,padrao_1,moderado,49,3,2,3,2,3,2,3,2,3,2,3,2,3,2,3,2,3,2,3,2
P003531,0.75,padrao_1,ativo,47,3,3,2,2,3,3,2,3,2,3,2,3,3,2,3,3,2,3,2,3
P003236,0.75,padrao_1,moderado,47,3,3,2,2,3,2,3,2,3,2,3,2,3,2,3,2,3,2,3,2
P007495,0.75,padrao_1,moderado,52,3,3,2,3,2,2,3,2,3,2,3,2,3,2,3,2,3,3,2,3
P006340,0.75,padrao_1,ativo,45,3,3,2,2,3,2,4,3,3,2,4,3,2,2,3,3,2,3,4,3
P008883,0.75,padrao_1,sedentário,50,3,3,2,4,3,2,3,4,2,3,4,2,3,4,3,2,3,4,2,3
P002425,0.75,padrao_1,moderado,50,3,3,2,3,2,3,2,2,3,3,2,3,2,3,3,2,3,2,3,2
P003910,0.75,padrao_1,moderado,49,3,2,3,2,3,2,3,2,3,2,3,2,3,2,3,2,3,2,3,2
P003340,0.75,padrao_1,moderado,48,3,3,2,4,3,2,3,4,2,3,4,3,2,3,4,2,3,3,2,4
P008337,0.75,padrao_1,moderado,47,3,3,2,4,3,2,3,2,3,4,2,3,3,2,4,3,2,3,4,3
P001810,0.75,padrao_1,ativo,59,3,3,4,3,2,3,4,2,3,4,2,3,3,4,2,3,4,3,2,3
P007200,0.75,padrao_1,ativo,55,3,3,2,3,2,4,3,2,3,2,4,3,2,3,3,2,4,3,2,3
P002423,0.75,padrao_1,moderado,48,3,3,2,3,2,3,2,3,2,3,2,3,3,2,3,2,3,2,3,2
P003133,0.75,padrao_1,ativo,51,3,3,2,2,3,2,3,2,3,2,2,3,3,2,2,3,2,3,2,3
P004558,0.75,padrao_1,ativo,50,3,4,3,2,3,4,2,3,4,3,2,3,4,2,3,4,3,2,3,4
P005486,0.75,padrao_1,moderado,44,3,3,2,2,3,4,3,2,2,3,4,2,3,2,3,4,2,3,3,2
P001594,0.75,padrao_1,moderado,54,3,3,2,4,3,2,3,2,4,3,2,3,4,3,2,3,2,4,3,2
P002882,0.75,padrao_1,ativo,60,3,3,2,4,2,3,3,2,4,3,2,4,3,4,2,3,4,3,2,3
P008658,0.75,padrao_1,ativo,53,3,3,4,2,3,3,2,3,4,3,2,3,4,2,3,2,3,4,3,2
P006474,0.75,padrao_1,moderado,51,3,3,4,3,2,3,2,3,2,3,4,3,3,2,2,3,3,4,3,3
P000481,0.75,padrao_1,moderado,50,3,3,2,3,2,3,3,2,3,2,3,2,3,2,3,2,3,2,3,2
P002577,0.75,padrao_1,moderado,50,3,3,2,3,2,3,2,3,2,3,2,3,2,3,2,3,2,3,2,3
P003733,0.75,padrao_1,moderado,48,3,3,2,3,2,3,2,3,2,3,2,3,2,3,3,2,3,2,3,2
P010545,0.75,padrao_1,moderado,49,3,2,3,2,3,2,3,2,3,2,3,2,3,2,3,2,3,2,3,2
P008642,0.75,padrao_1,moderado,54,3,2,3,3,2,4,3,2,3,2,4,2,3,2,3,3,2,3,2,4
P004740,0.75,padrao_1,moderado,48,3,3,2,3,2,3,2,3,2,3,2,3,3,2,3,2,3,2,3,2
P000028,0.75,padrao_1,ativo,48,3,2,3,2,3,2,3,2,3,2,4,2,3,2,3,2,3,2,3,2
P005034,0.75,padrao_1,moderado,51,3,3,2,3,2,3,2,3,3,2,3,3,2,3,2,3,2,3,2,3
P006025,0.75,padrao_1,moderado,48,3,3,2,3,2,3,2,3,2,3,3,2,3,4,2,3,2,3,3,2
P003737,0.75,padrao_1,moderado,50,3,3,2,3,4,2,3,2,3,3,2,3,3,2,4,2,3,3,2,3
P004371,0.75,padrao_1,moderado,48,3,3,2,4,3,2,3,4,3,2,3,4,3,2,4,3,2,4,3,2
P006549,0.75,padrao_1,moderado,49,3,3,2,2,3,3,2,2,3,2,3,2,3,3,2,2,3,2,3,2
P002804,0.75,padrao_1,moderado,48,3,3,2,3,2,3,2,3,2,3,2,3,2,3,3,2,3,2,3,2
P004587,0.75,padrao_1,sedentário,48,3,3,2,4,3,2,3,4,2,3,3,2,4,3,4,2,3,2,3,4
P000094,0.75,padrao_1,moderado,50,3,3,2,3,2,3,2,3,2,3,2,3,2,3,2,3,2,3,2,3
P001784,0.75,padrao_1,moderado,50,3,4,3,4,2,3,4,3,2,3,4,2,3,3,2,4,3,4,3,2
P004261,0.75,padrao_1,moderado,45,3,3,2,3,2,3,2,3,2,3,2,2,3,2,3,3,2,2,3,2
P000018,0.75,padrao_1,ativo,49,3,3,2,4,3,2,3,4,2,3,2,4,3,2,3,4,2,3,1,3
P001677,0.75,padrao_1,moderado,48,3,3,2,2,3,3,2,3,4,2,3,2,2,3,2,3,2,4,3,2
P003036,0.75,padrao_1,moderado,50,3,3,2,3,2,3,2,3,2,3,2,3,2,3,2,3,2,3,2,3
P009978,0.75,padrao_1,sedentário,52,3,3,2,3,4,2,3,2,4,3,2,3,4,3,2,3,2,4,3,2
P000393,0.75,padrao_1,moderado,53,3,3,2,3,2,2,3,2,3,2,3,2,2,3,2,2,3,3,2,3
P009527,0.75,padrao_1,moderado,50,3,3,2,3,2,3,2,3,2,3,2,3,2,3,2,3,2,3,2,3
P008889,0.75,padrao_1,ativo,50,3,3,2,3,2,3,2,4,2,3,2,3,2,4,3,3,2,3,2,4
P001535,0.75,padrao_1,ativo,51,3,3,2,4,2,3,4,2,3,4,2,3,4,2,3,4,3,2,4,3
P003639,0.75,padrao_1,moderado,50,3,3,2,3,2,3,2,3,2,3,2,3,2,3,2,3,2,3,2,3
P004606,0.75,padrao_1,moderado,49,2,3,3,2,2,3,2,3,3,2,3,2,2,3,2,3,3,2,3,2
P008438,0.75,padrao_1,moderado,51,3,2,3,2,3,2,3,2,3,2,2,3,3,2,3,2,3,2,3,2
P002192,0.75,padrao_1,moderado,52,3,2,3,3,2,3,2,3,2,3,2,3,2,3,2,3,2,3,2,3
P002301,0.75,padrao_1,sedentário,46,3,3,2,3,2,3,2,4,2,3,1,2,3,2,3,3,2,2,3,3
P003157,0.75,padrao_1,ativo,56,3,3,4,3,2,4,3,2,4,3,3,2,4,3,2,4,3,2,3,4
P007183,0.75,padrao_1,ativo,52,3,3,2,3,2,4,3,3,2,3,2,4,3,3,2,3,3,2,3,2
P004461,0.75,padrao_1,moderado,52,3,2,3,2,3,3,2,3,2,2,3,2,3,3,2,2,3,3,2,3
P002177,0.75,padrao_1,moderado,49,3,4,3,2,4,3,2,3,4,3,2,3,4,3,2,3,3,2,4,3
P009008,0.75,padrao_1,moderado,50,3,3,2,4,2,3,4,3,2,3,2,4,3,2,3,4,3,2,4,3
P010452,0.75,padrao_1,ativo,50,3,3,2,3,2,3,2,3,2,3,2,3,2,3,2,3,2,3,2,3
P000887,0.75,padrao_1,moderado,48,3,3,2,3,2,3,2,3,3,2,4,2,3,2,3,2,3,2,3,3
P010479,0.75,padrao_1,moderado,51,3,2,3,3,2,3,2,3,2,3,3,2,3,3,2,3,2,3,2,3
P004416,0.75,padrao_1,moderado,48,3,3,4,2,3,3,4,3,2,3,4,3,2,3,4,3,2,3,3,4
P009542,0.75,padrao_1,moderado,51,3,2,3,2,3,2,3,2,2,3,2,3,2,3,2,3,2,3,2,3
P000823,0.75,padrao_1,moderado,47,3,2,3,2,2,3,2,3,2,4,2,3,2,3,2,4,3,2,3,2
P001286,0.75,padrao_1,sedentário,49,3,3,2,3,2,3,2,3,2,3,2,3,2,4,3,2,3,2,3,2
P005407,0.75,padrao_1,moderado,50,3,3,2,3,2,3,2,3,2,3,2,3,2,3,2,3,2,3,2,3
P001604,0.75,padrao_1,moderado,51,3,3,2,3,2,3,2,2,3,2,4,3,2,3,2,3,2,3,2,3
P008137,0.75,padrao_1,moderado,49,3,2,3,2,3,2,3,2,3,2,3,2,3,2,3,2,3,2,3,2
P009188,0.75,padrao_1,moderado,51,3,2,3,2,3,2,3,2,3,2,4,3,2,3,2,3,2,3,2,3
P001356,0.75,padrao_1,ativo,52,3,2,3,2,3,2,4,3,2,3,2,4,3,2,3,2,4,3,3,2
P004551,0.75,padrao_1,moderado,47,3,2,3,2,4,3,2,3,4,3,2,3,3,2,4,3,2,3,4,3
P007829,0.75,padrao_1,moderado,56,3,3,2,4,3,2,3,2,4,3,2,3,4,3,2,3,4,2,3,4
P010391,0.75,padrao_1,moderado,49,3,2,3,2,3,2,3,2,3,2,3,2,3,2,3,2,3,2,3,2
P002937,0.75,padrao_1,moderado,50,3,3,2,3,2,3,2,3,2,3,2,3,2,3,2,3,2,3,2,3
P002895,0.75,padrao_1,sedentário,49,3,2,3,2,3,2,3,2,3,2,3,2,3,2,3,2,3,2,3,2
P006755,0.75,padrao_1,moderado,51,3,2,3,2,3,2,3,2,3,2,4,3,2,3,2,3,2,3,2,3
P010626,0.75,padrao_1,moderado,51,3,2,3,2,3,2,3,2,2,3,2,3,2,3,2,3,2,3,2,3
P001564,0.75,padrao_1,moderado,50,3,3,2,3,2,3,2,3,2,3,2,3,2,3,2,3,2,3,2,3
P002327,0.75,padrao_1,moderado,47,3,3,2,2,3,3,2,2,3,2,3,2,3,2,3,2,3,2,3,2
P004749,0.75,padrao_1,ativo,49,3,3,2,3,4,2,3,2,3,3,2,3,4,2,3,3,2,4,3,2
P006228,0.75,padrao_1,sedentário,47,3,3,2,3,2,3,2,4,3,3,2,3,2,3,2,4,2,3,3,2
P000594,0.75,padrao_1,moderado,52,3,3,2,4,3,2,3,2,4,3,2,4,3,2,3,3,4,2,3,2
P010523,0.75,padrao_1,ativo,50,3,4,3,2,4,3,2,3,4,2,3,3,4,2,3,3,4,2,3,4
P000680,0.75,padrao_1,moderado,51,2,3,3,2,2,3,2,3,2,3,1,2,3,2,3,2,3,2,2,3
P010285,0.75,padrao_1,ativo,51,2,3,2,3,2,3,2,3,2,2,3,3,2,3,2,3,2,3,2,3
P007014,0.75,padrao_1,moderado,47,3,3,2,4,3,2,3,2,3,4,2,3,2,3,4,3,2,3,4,3
P009299,0.75,padrao_1,moderado,48,3,3,2,4,2,3,3,2,3,4,2,3,2,3,4,3,2,3,4,2
P003156,0.75,padrao_1,moderado,48,3,3,2,3,2,3,2,3,2,3,2,3,3,2,3,2,3,2,3,2
P008957,0.75,padrao_1,ativo,46,3,4,3,2,3,4,2,3,2,4,3,2,3,2,4,3,4,3,2,3
P009251,0.75,padrao_1,moderado,49,3,2,3,2,3,2,3,2,3,2,3,2,3,2,3,2,3,2,3,2
P004201,0.75,padrao_1,moderado,51,3,3,2,3,2,3,2,2,3,2,4,3,2,3,2,3,2,3,2,3
P009574,0.75,padrao_1,moderado,48,2,3,2,3,2,3,2,3,2,3,2,2,3,2,3,2,3,2,3,2
P003003,0.75,padrao_1,moderado,44,3,3,2,3,2,3,2,3,2,3,3,2,3,2,3,4,3,2,3,2
P010563,0.75,padrao_1,moderado,50,3,3,2,3,2,3,2,3,2,3,2,3,2,3,2,3,2,3,2,3
P004365,0.75,padrao_1,moderado,47,3,3,2,4,3,3,2,3,2,4,3,2,3,4,3,2,3,2,4,3
P009481,0.75,padrao_1,moderado,52,3,3,2,3,2,3,2,2,3,3,2,3,2,3,2,3,2,3,2,3
P003414,0.75,padrao_1,ativo,50,3,2,4,3,3,2,4,3,2,3,4,2,3,3,2,4,3,2,3,4
P010483,0.75,padrao_1,ativo,50,3,3,2,2,3,4,2,3,4,2,3,3,2,4,3,2,3,2,4,3
P008944,0.75,padrao_1,sedentário,48,3,3,4,2,3,3,4,3,2,3,4,3,2,3,4,2,3,3,4,3
P004812,0.75,padrao_1,moderado,51,3,2,2,3,2,3,2,3,2,3,2,3,2,3,2,3,2,3,2,3
P008530,0.75,padrao_1,ativo,54,3,3,4,3,2,3,2,3,4,3,2,3,4,2,3,3,4,2,3,3
P007913,0.75,padrao_1,moderado,51,3,2,2,3,2,3,2,3,2,3,2,3,2,3,2,3,2,3,2,3
P001778,0.75,padrao_1,moderado,51,3,2,3,2,3,2,3,2,2,3,2,3,2,3,2,3,2,3,2,3
P006895,0.75,padrao_1,moderado,51,3,3,2,3,2,3,2,3,4,3,2,3,2,3,3,2,3,2,3,3
P005061,0.75,padrao_1,moderado,52,3,2,3,2,3,2,3,2,3,2,3,2,3,3,2,3,2,3,2,3
P009291,0.75,padrao_1,ativo,44,3,4,3,2,4,2,3,2,3,4,2,3,4,2,3,4,2,3,4,2
P000153,0.75,padrao_1,moderado,49,3,2,3,2,3,2,3,2,3,2,3,2,3,2,3,2,3,2,3,2
P000008,0.75,padrao_1,moderado,50,3,3,2,3,2,3,2,3,2,3,2,3,2,3,2,3,2,3,2,3
P005850,0.75,padrao_1,moderado,51,3,3,2,3,4,2,3,2,4,3,2,3,4,2,3,3,2,4,3,3
P004748,0.75,padrao_1,moderado,50,3,3,2,3,2,3,2,3,2,3,2,3,2,3,2,3,2,3,2,3
P006074,0.75,padrao_1,moderado,50,3,3,2,2,3,3,2,3,2,2,3,3,2,3,2,2,3,3,2,3
P010525,0.75,padrao_1,sedentário,49,2,3,2,3,2,3,2,4,2,3,2,3,2,3,2,4,2,3,2,3
P005939,0.75,padrao_1,ativo,50,3,3,2,3,2,3,2,3,2,3,2,3,2,3,2,3,2,3,2,3
P001844,0.75,padrao_1,sedentário,49,3,3,2,3,2,3,2,3,2,3,2,3,3,2,3,2,3,2,3,3
P002181,0.75,padrao_1,moderado,50,3,3,2,4,3,2,3,2,4,3,2,3,2,4,3,3,2,3,4,2
P000409,0.75,padrao_1,ativo,49,3,3,2,3,2,3,2,3,2,3,2,3,2,3,3,3,2,3,2,3
P005354,0.75,padrao_1,moderado,46,3,3,2,4,3,3,2,2,3,4,2,3,3,2,4,3,2,3,4,2
P007449,0.75,padrao_1,moderado,50,3,3,2,3,2,3,2,3,2,3,2,3,2,3,2,3,2,3,2,3
P010732,0.75,padrao_1,ativo,54,3,3,2,3,2,4,3,2,3,3,2,4,3,2,3,2,3,2,3,3
P001169,0.75,padrao_1,moderado,49,3,2,3,2,3,2,3,2,3,2,3,2,3,2,3,2,3,2,3,2
P009172,0.75,padrao_1,moderado,46,3,3,2,3,2,3,2,3,2,2,3,2,3,2,3,3,2,3,3,2
P002396,0.75,padrao_1,sedentário,49,3,2,3,2,3,2,3,2,3,3,2,2,3,2,3,2,3,2,3,2
P008945,0.75,padrao_1,moderado,51,3,3,2,4,3,2,3,2,4,3,2,3,2,3,4,2,3,3,4,3
P005835,0.75,padrao_1,moderado,53,3,3,2,4,3,3,2,4,3,2,3,2,4,3,2,3,4,3,2,3
P000892,0.75,padrao_1,sedentário,49,3,3,2,4,3,2,3,2,4,3,2,3,2,3,4,3,2,3,4,3
P005559,0.75,padrao_1,moderado,51,3,2,3,2,3,2,4,3,2,3,2,3,2,3,2,3,2,3,2,3
P005818,0.75,padrao_1,moderado,48,3,3,2,3,2,3,2,3,2,3,2,2,3,3,2,3,2,3,3,2
P008646,0.75,padrao_1,moderado,54,3,4,3,2,3,4,3,2,4,3,2,4,3,3,4,2,3,4,3,2
P002001,0.75,padrao_1,moderado,51,3,2,3,2,3,2,3,2,2,3,3,2,4,3,2,3,2,3,2,3
P007287,0.75,padrao_1,moderado,49,3,4,2,3,3,4,2,3,4,2,3,4,2,3,4,3,2,4,3,2
P006153,0.75,padrao_1,moderado,52,3,2,3,2,3,2,3,2,3,2,3,2,3,3,2,3,2,3,2,3
P005548,0.75,padrao_1,moderado,48,3,3,2,3,2,3,2,3,2,3,2,3,2,3,2,3,2,3,3,2
P007504,0.75,padrao_1,moderado,48,3,3,2,3,2,3,2,3,2,3,2,3,3,3,2,3,2,2,3,2
P002251,0.75,padrao_1,moderado,48,3,3,2,3,2,3,2,3,2,3,2,3,2,3,2,3,2,3,3,2
P008307,0.75,padrao_1,moderado,46,3,2,3,2,4,3,2,3,3,2,4,3,2,3,2,4,3,2,3,2
P003803,0.75,padrao_1,moderado,46,3,3,2,3,2,3,2,3,2,3,3,2,2,3,2,3,2,2,3,3
P010637,0.75,padrao_1,sedentário,49,3,3,2,3,2,3,4,2,3,4,3,2,3,2,4,3,2,3,2,3
P009544,0.75,padrao_1,moderado,51,2,3,2,3,2,3,2,3,2,3,2,3,2,3,2,3,2,3,2,3
P002778,0.75,padrao_1,moderado,50,3,3,2,4,3,3,2,2,3,4,2,3,3,2,4,2,3,2,3,4
P008085,0.75,padrao_1,moderado,47,3,3,2,4,3,2,3,3,2,4,3,2,3,3,2,3,3,2,3,3
P010230,0.75,padrao_1,moderado,50,3,3,2,3,2,3,2,3,2,3,2,3,2,3,2,3,2,3,2,3
P008649,0.75,padrao_1,moderado,56,3,3,2,4,3,2,3,2,4,3,2,3,2,4,3,2,3,4,2,3
P009106,0.75,padrao_1,moderado,49,3,2,3,2,3,2,2,3,3,2,3,2,3,2,3,2,2,3,2,3
P000706,0.75,padrao_1,moderado,47,3,3,2,2,3,2,3,2,3,2,3,2,3,2,3,2,3,2,3,2
P002750,0.75,padrao_1,ativo,48,3,3,2,2,3,2,3,4,3,2,3,2,2,3,4,2,3,3,2,4
P008561,0.75,padrao_1,sedentário,51,3,3,2,3,2,3,2,3,2,2,3,2,3,4,2,3,2,3,2,3
P007655,0.75,padrao_1,moderado,50,3,3,2,3,3,2,3,4,2,3,2,3,4,3,2,3,2,3,2,3
P009051,0.75,padrao_1,moderado,52,3,3,2,3,2,3,2,2,3,2,3,2,3,3,3,2,2,3,2,3
P007510,0.75,padrao_1,moderado,50,3,3,4,2,3,2,4,3,2,3,4,2,3,4,3,2,3,4,3,2
P000421,0.75,padrao_1,moderado,50,3,3,2,3,2,3,2,3,2,2,3,3,2,3,2,3,2,3,2,3
P005549,0.75,padrao_1,moderado,47,3,3,2,3,2,2,3,3,2,3,2,2,3,2,3,2,3,2,3,2
P010058,0.75,padrao_1,ativo,50,2,3,3,2,2,3,2,3,2,3,2,2,3,3,2,3,2,3,2,2
P006259,0.75,padrao_1,sedentário,45,3,3,2,3,2,3,2,3,2,4,3,2,3,2,3,2,3,2,4,3
P004431,0.75,padrao_1,moderado,49,3,2,2,3,3,2,2,3,2,3,2,3,2,3,2,3,2,3,2,3
P005538,0.75,padrao_1,moderado,53,3,2,3,4,2,3,2,3,4,3,2,3,2,4,3,3,2,3,4,3
P001451,0.75,padrao_1,moderado,53,3,3,2,3,2,4,3,2,3,2,3,3,2,4,3,2,3,2,4,3
P006799,0.75,padrao_1,moderado,47,3,4,4,3,2,3,4,3,2,3,4,3,2,3,4,3,2,3,4,3
P008645,0.75,padrao_1,moderado,47,3,3,2,3,2,2,2,3,3,2,3,3,2,3,2,3,2,2,3,2
P009944,0.75,padrao_1,moderado,48,3,2,3,2,3,2,3,2,3,2,3,2,3,1,3,2,3,2,3,2
P009245,0.75,padrao_1,moderado,49,3,3,2,3,3,2,3,2,3,2,3,3,2,3,2,3,2,3,3,2
P008716,0.75,padrao_1,moderado,49,3,2,3,2,3,2,3,2,3,2,3,2,3,2,3,2,3,2,3,2
P010573,0.75,padrao_1,moderado,47,3,3,2,3,2,3,2,3,1,2,3,3,2,3,2,3,3,2,3,2
P001328,0.75,padrao_1,moderado,44,3,3,2,2,4,3,2,3,2,3,3,2,4,2,3,4,3,2,3,4
P004282,0.75,padrao_1,moderado,49,3,2,3,2,3,2,3,3,2,3,2,4,3,2,2,3,2,3,3,2
P002147,0.75,padrao_1,ativo,45,3,3,2,3,2,3,2,4,3,2,3,2,3,2,4,3,3,2,3,2
P001032,0.75,padrao_1,moderado,47,3,3,2,2,3,2,3,3,2,3,2,3,2,3,3,2,3,2,3,3
P007605,0.75,padrao_1,ativo,43,3,2,4,2,3,2,4,3,2,4,3,2,3,1,4,3,2,3,4,2
P001312,0.75,padrao_1,sedentário,43,3,3,2,3,4,2,3,3,2,4,3,2,3,3,4,2,3,3,4,2
P006818,0.75,padrao_1,moderado,51,3,3,2,4,3,3,2,3,2,4,3,2,3,4,3,2,3,3,2,4
P010312,0.75,padrao_1,moderado,46,3,2,3,2,4,3,2,3,3,2,4,3,2,3,2,4,3,2,3,2
P003940,0.75,padrao_1,ativo,48,3,3,3,2,3,2,3,2,3,2,3,2,3,2,3,2,3,2,3,2
P007876,0.75,padrao_1,moderado,49,3,2,3,2,3,2,3,2,3,2,3,2,3,2,3,2,3,2,3,2
P000688,0.75,padrao_1,sedentário,47,3,3,2,3,2,3,2,3,2,2,3,2,3,2,3,2,3,2,3,2
P010475,0.75,padrao_1,moderado,53,2,3,2,3,2,3,3,2,3,2,3,2,3,2,3,2,2,3,2,3
P001447,0.75,padrao_1,sedentário,53,3,3,4,3,4,3,3,2,4,3,4,3,2,3,4,2,3,4,3,4
P005025,0.75,padrao_1,moderado,48,2,3,2,2,3,2,3,2,3,2,3,2,3,2,3,2,3,2,3,2
P009970,0.75,padrao_1,ativo,50,3,3,2,3,2,3,2,3,2,3,2,3,2,3,2,3,2,3,2,3
P007691,0.75,padrao_1,moderado,48,3,3,2,3,2,3,2,3,2,3,2,3,2,3,2,3,2,3,3,2
P010519,0.75,padrao_1,sedentário,53,3,3,4,2,3,4,3,2,3,4,3,2,3,4,3,2,3,4,3,2
P008436,0.75,padrao_1,moderado,48,3,2,3,3,2,3,2,3,2,3,3,2,3,2,2,3,3,2,3,2
P002480,0.75,padrao_1,sedentário,48,3,3,2,2,3,3,2,2,3,3,4,3,2,2,3,2,3,3,2,3
P004494,0.75,padrao_1,moderado,48,3,3,3,2,4,3,3,2,3,3,4,3,2,3,2,4,3,2,3,4
P009339,0.75,padrao_1,ativo,53,3,3,2,3,2,4,3,2,3,2,3,4,2,3,2,4,3,1,2,3
P005988,0.75,padrao_1,moderado,49,3,3,2,2,3,2,3,2,2,3,2,3,2,3,2,3,2,3,2,3
P001146,0.75,padrao_1,moderado,48,3,3,2,3,2,3,2,2,3,2,3,2,2,3,2,3,2,2,3,2
P001743,0.75,padrao_1,ativo,53,3,2,3,2,3,2,3,2,3,2,2,3,2,3,2,3,2,3,2,3
P009045,0.75,padrao_1,moderado,52,3,2,3,3,2,3,2,3,2,3,2,3,2,3,2,3,2,3,2,3
P000301,0.75,padrao_1,moderado,46,3,3,2,2,3,3,2,3,2,3,2,3,2,3,2,3,2,3,3,2
P005117,0.75,padrao_1,moderado,49,3,2,3,2,3,2,3,2,3,2,3,2,3,2,3,2,3,2,3,2
P001235,0.75,padrao_1,moderado,49,3,3,2,3,2,3,2,3,2,3,2,3,2,3,2,3,2,3,3,3
P007776,0.75,padrao_1,moderado,51,3,3,2,3,2,3,2,3,3,2,3,2,3,2,3,2,3,3,2,3
P009703,0.75,padrao_1,ativo,55,3,2,3,2,3,4,3,2,3,2,3,2,4,3,2,3,2,3,2,3
P010280,0.75,padrao_1,moderado,49,3,3,2,3,2,3,2,3,3,2,3,2,3,2,3,3,2,3,2,3
P004545,0.75,padrao_1,moderado,52,3,3,2,3,2,2,3,2,3,3,2,2,3,3,2,2,3,2,3,3
P001736,0.75,padrao_1,moderado,51,3,3,2,2,3,2,3,2,3,2,3,2,3,4,2,3,2,3,2,3
P007769,0.75,padrao_1,moderado,51,3,3,2,3,2,2,3,2,2,3,2,3,3,2,3,2,3,3,2,2
P008166,0.75,padrao_1,moderado,49,3,3,2,3,2,3,2,3,3,2,3,2,3,2,3,3,2,3,2,3
P010527,0.75,padrao_1,moderado,50,3,3,2,3,2,3,2,3,2,3,2,3,2,3,2,3,2,3,2,3
P007909,0.75,padrao_1,moderado,50,3,4,3,2,4,3,2,3,4,3,2,3,4,3,2,4,3,2,3,4
P007184,0.75,padrao_1,moderado,53,3,3,2,3,2,4,3,2,3,2,4,3,2,3,1,3,2,4,3,2
P006519,0.75,padrao_1,moderado,50,3,3,2,3,2,3,2,3,2,3,2,3,2,3,2,3,2,3,2,3
P001243,0.75,padrao_1,moderado,49,3,3,2,2,4,3,3,2,3,2,4,3,2,3,3,2,3,2,3,4
P008227,0.75,padrao_1,moderado,53,3,3,2,3,2,3,4,3,2,3,2,3,4,3,2,3,3,2,3,3
P005687,0.75,padrao_1,sedentário,45,3,4,3,2,3,4,2,3,3,4,2,3,3,2,4,3,2,3,4,3
P005874,0.75,padrao_1,moderado,49,3,3,2,3,2,3,2,3,2,3,2,4,3,2,3,2,3,2,3,2
P000419,0.75,padrao_1,moderado,51,2,3,3,2,2,3,2,3,2,3,2,3,3,2,3,2,3,2,2,3
P007075,0.75,padrao_1,moderado,49,3,3,2,3,3,2,2,3,4,3,2,2,3,2,3,2,3,2,3,4
P002270,0.75,padrao_1,moderado,50,3,3,2,3,2,3,2,3,2,3,2,3,2,3,2,3,2,3,2,3
P006812,0.75,padrao_1,moderado,51,3,3,2,3,3,2,3,2,3,2,3,2,3,2,3,2,3,3,2,3
P008014,0.75,padrao_1,moderado,50,3,3,2,3,2,3,2,3,2,3,2,3,2,3,2,3,2,3,2,3
P010207,0.75,padrao_1,ativo,51,3,4,2,3,2,3,2,4,3,2,3,4,2,3,4,2,3,4,2,3
P008215,0.75,padrao_1,moderado,53,3,4,3,2,3,2,3,4,3,2,2,3,4,3,2,3,3,4,2,3
P003291,0.75,padrao_1,moderado,50,3,3,2,3,2,3,2,3,2,3,2,3,2,3,2,3,2,3,2,3
P000517,0.75,padrao_1,moderado,48,3,2,3,2,3,2,3,2,3,2,4,2,3,2,3,2,3,2,3,2
P005013,0.75,padrao_1,moderado,49,3,3,2,2,3,3,2,3,2,3,2,2,3,3,2,2,3,3,2,2
P006821,0.75,padrao_1,moderado,50,3,3,2,3,2,3,2,2,3,4,2,3,3,2,3,2,3,2,3,3
P006341,0.75,padrao_1,moderado,50,3,2,3,2,2,3,2,3,4,2,3,2,3,2,3,2,3,2,4,3
P005419,0.75,padrao_1,sedentário,50,3,3,2,3,2,3,2,3,2,3,2,3,2,3,2,3,2,3,2,3
P003250,0.75,padrao_1,moderado,54,3,3,2,4,3,2,3,2,3,4,2,3,4,3,2,3,4,2,3,4
P006770,0.75,padrao_1,moderado,50,3,3,2,3,2,3,2,3,2,3,2,3,2,3,2,3,2,3,2,3
P002709,0.75,padrao_1,moderado,52,3,2,3,4,2,3,3,2,3,4,2,3,3,2,4,2,3,3,4,2
P010190,0.75,padrao_1,moderado,56,3,2,2,3,2,3,4,2,3,2,3,3,2,4,3,2,3,2,2,3
P007179,0.75,padrao_1,sedentário,50,3,3,2,3,2,3,2,3,2,3,2,3,2,3,2,3,2,3,2,3
P000623,0.75,padrao_1,sedentário,53,3,2,3,2,3,2,3,2,3,2,2,3,2,3,2,3,2,3,2,3
P001831,0.75,padrao_1,moderado,52,3,3,2,3,2,4,3,2,3,2,3,4,2,3,2,4,2,3,3,2
P004730,0.75,padrao_1,moderado,53,3,3,2,3,2,3,2,4,3,2,3,2,4,3,2,3,4,3,2,3
P000616,0.75,padrao_1,moderado,51,3,4,3,2,3,3,2,4,3,2,3,3,2,4,3,2,3,4,2,3
P004681,0.75,padrao_1,ativo,45,3,3,2,2,3,2,2,3,2,3,2,3,3,2,3,2,3,2,3,2
P002265,0.75,padrao_1,moderado,49,3,2,3,2,3,2,3,2,3,2,3,2,3,2,3,2,3,2,3,2
P007503,0.75,padrao_1,moderado,52,3,3,4,3,2,3,3,4,2,3,3,2,3,4,3,2,3,2,3,4
P004814,0.75,padrao_1,moderado,48,3,3,2,3,2,3,2,3,3,2,3,2,3,2,3,2,3,2,3,2
P002078,0.75,padrao_1,moderado,45,3,3,2,3,2,3,2,3,2,3,3,2,3,2,3,3,2,3,3,2
P010111,0.75,padrao_1,moderado,43,3,3,2,2,3,2,3,2,2,3,4,2,3,1,3,2,3,2,3,2
P009384,0.75,padrao_1,sedentário,55,3,2,4,3,2,4,3,2,4,3,2,3,4,2,3,4,2,3,4,3
P006516,0.75,padrao_1,ativo,50,3,3,2,3,2,3,2,3,3,2,4,3,2,3,2,3,2,3,2,3
P007422,0.75,padrao_1,moderado,50,3,3,2,2,3,2,4,2,3,4,2,3,2,3,2,3,2,3,2,3
P008951,0.75,padrao_1,sedentário,52,3,2,3,2,4,2,3,2,3,2,4,3,3,2,3,2,4,3,2,3
P002141,0.75,padrao_1,moderado,48,3,3,2,3,2,3,2,3,2,3,2,3,3,2,3,2,3,2,3,2
P006664,0.75,padrao_1,sedentário,51,3,3,4,2,3,4,2,3,4,2,3,4,2,3,4,3,2,4,3,2
P006652,0.75,padrao_1,moderado,51,2,3,2,3,2,3,2,3,2,3,2,3,2,3,2,3,2,3,2,3
P003051,0.75,padrao_1,moderado,50,3,3,2,3,2,3,2,3,2,3,2,3,2,3,2,3,2,3,2,3
P002732,0.75,padrao_1,moderado,49,3,4,2,3,4,3,2,4,3,2,3,4,2,3,4,2,3,4,2,3
P007502,0.75,padrao_1,sedentário,51,3,2,3,2,3,2,3,2,3,2,3,4,3,2,3,3,2,4,3,2
P007573,0.75,padrao_1,moderado,50,3,2,3,3,2,3,2,3,2,3,2,3,3,2,2,3,2,3,3,2
P003780,0.75,padrao_1,sedentário,53,3,4,3,2,3,4,3,2,3,4,3,2,3,4,2,3,4,3,2,3
P008836,0.75,padrao_1,ativo,50,3,4,3,4,2,3,4,3,2,4,3,3,2,4,3,3,2,4,3,2
P001045,0.75,padrao_1,ativo,48,3,3,2,2,3,2,3,2,4,3,3,2,4,2,3,2,3,2,4,3
P003170,0.75,padrao_1,moderado,50,3,2,3,3,2,3,2,3,2,3,2,3,3,2,3,2,3,2,3,2
P009135,0.75,padrao_1,moderado,50,3,3,2,3,2,3,2,3,2,3,2,3,2,3,2,3,2,3,2,3
P002838,0.75,padrao_1,moderado,50,3,3,2,3,2,3,2,3,2,3,2,3,2,3,2,3,2,3,2,3
P005666,0.75,padrao_1,moderado,49,3,2,3,2,3,2,3,2,3,2,3,2,3,2,3,2,3,2,3,2
P009566,0.75,padrao_1,ativo,46,3,4,3,2,3,4,3,4,2,3,3,4,2,3,4,3,2,4,3,2
P004146,0.75,padrao_1,ativo,49,3,3,3,2,3,2,2,3,3,3,2,2,3,2,3,2,3,3,2,3
P010787,0.75,padrao_1,moderado,49,2,3,3,2,4,2,3,2,3,2,4,3,2,3,2,3,4,2,3,2
P006205,0.75,padrao_1,ativo,47,3,4,3,2,3,3,2,3,4,2,3,4,3,2,4,3,2,3,4,3
P006656,0.75,padrao_1,moderado,48,3,4,3,2,3,2,4,3,2,3,2,3,4,2,3,3,2,4,3,2
P008745,0.75,padrao_1,moderado,52,3,3,2,4,3,3,2,3,3,2,4,3,2,3,2,3,4,3,2,3
P008399,0.75,padrao_1,ativo,48,3,3,2,4,3,3,2,4,2,3,3,2,4,3,2,3,4,3,4,2
P008654,0.75,padrao_1,ativo,49,3,3,3,2,2,3,2,3,2,3,2,3,3,1,2,3,3,2,2,3
P004504,0.75,padrao_1,moderado,50,3,3,2,3,2,3,2,3,2,3,2,3,2,3,2,3,2,3,2,3
P010516,0.75,padrao_1,moderado,48,2,3,2,3,2,3,2,3,2,3,2,3,2,2,3,2,3,2,3,2
P009849,0.75,padrao_1,moderado,49,3,3,3,2,3,2,3,2,1,2,3,2,3,3,2,3,2,3,2,3
P000585,0.75,padrao_1,sedentário,52,3,3,2,4,3,2,3,3,2,4,3,2,4,3,3,2,4,3,2,4
P006584,0.75,padrao_1,moderado,44,3,3,2,3,2,3,2,3,2,3,3,2,3,2,3,3,2,2,3,2
P010782,0.75,padrao_1,sedentário,56,3,3,2,4,2,3,3,2,4,3,2,3,2,3,4,2,3,3,2,4
P007202,0.75,padrao_1,sedentário,52,3,3,2,3,2,3,2,3,4,3,2,3,2,3,2,3,2,4,3,3
P000405,0.75,padrao_1,sedentário,53,3,2,3,3,2,2,3,2,3,2,3,2,3,3,2,2,3,2,3,2
P004713,0.75,padrao_1,moderado,50,3,3,2,3,2,3,2,3,2,3,2,3,2,3,2,3,2,3,2,3
P003165,0.75,padrao_1,moderado,50,3,3,2,4,3,2,3,4,2,3,2,3,4,3,2,4,3,2,3,4
P006653,0.75,padrao_1,ativo,48,3,3,2,4,3,2,4,3,2,3,2,4,3,2,3,4,3,2,4,3
P009741,0.75,padrao_1,moderado,49,3,2,3,2,3,2,3,2,3,2,3,2,3,2,3,2,3,2,3,2
P001392,0.75,padrao_1,moderado,52,3,3,2,4,3,2,3,2,4,3,2,3,4,2,3,3,4,2,3,2
P003834,0.75,padrao_1,moderado,53,3,2,3,2,4,3,3,2,3,2,4,3,2,3,3,2,4,3,2,3
P009871,0.75,padrao_1,moderado,50,3,3,2,4,3,2,3,2,3,4,2,3,2,4,3,4,2,3,2,3
P004543,0.75,padrao_1,moderado,49,3,3,2,4,2,3,3,2,3,2,4,3,3,2,4,3,3,2,4,3
P010068,0.75,padrao_1,moderado,47,3,4,3,2,3,4,2,3,2,3,4,3,2,3,2,3,4,2,3,3
P002575,0.75,padrao_1,moderado,48,3,4,3,2,3,4,2,3,2,3,4,3,2,4,3,2,3,4,3,2
P009759,0.75,padrao_1,moderado,49,3,3,2,4,2,3,2,3,4,2,3,3,2,2,3,4,2,3,3,3
P003387,0.75,padrao_1,moderado,49,3,3,2,3,2,2,3,2,3,2,3,2,3,2,3,2,3,2,3,2
P002433,0.75,padrao_1,moderado,51,3,2,3,2,4,3,2,3,1,2,3,4,3,2,3,2,4,3,2,3
P010711,0.75,padrao_1,sedentário,47,3,3,2,3,3,2,3,2,3,2,3,2,3,2,3,3,2,3,3,2
P005517,0.75,padrao_1,moderado,46,3,3,2,3,4,2,3,3,2,3,4,2,3,3,2,3,4,2,3,3
P004060,0.75,padrao_1,sedentário,48,3,3,2,3,2,3,2,3,3,2,4,3,2,3,2,3,3,2,3,2
P005050,0.75,padrao_1,moderado,51,3,3,2,4,3,2,3,3,2,4,3,2,3,4,3,2,3,3,2,4
P009002,0.75,padrao_1,moderado,50,3,2,3,3,3,2,3,2,3,3,2,3,2,2,3,3,3,2,3,3
P008053,0.75,padrao_1,moderado,50,3,3,2,3,2,3,2,3,2,3,2,3,2,3,2,3,2,3,2,3
P006207,0.75,padrao_1,moderado,48,3,3,2,3,2,3,2,3,2,3,2,3,2,3,2,3,3,2,3,2
P010247,0.75,padrao_1,moderado,52,3,3,2,3,4,2,3,2,3,4,2,3,4,3,2,3,4,2,3,4
P007798,0.75,padrao_1,moderado,48,3,3,2,3,2,3,2,3,2,3,2,3,3,2,2,3,2,3,3,2
P004977,0.75,padrao_1,moderado,58,3,3,4,3,2,3,4,3,2,3,2,4,3,3,2,3,4,3,2,3
P002209,0.75,padrao_1,moderado,43,3,3,2,3,4,2,3,2,3,4,3,2,3,2,4,3,2,3,4,3
P006197,0.75,padrao_1,moderado,49,3,3,2,3,2,3,3,2,3,2,3,2,2,3,3,3,2,3,3,2
P001708,0.75,padrao_1,moderado,51,3,3,2,3,2,3,3,2,4,2,3,2,2,3,3,2,2,3,3,2
P002546,0.75,padrao_1,moderado,48,3,4,3,2,4,3,2,3,4,2,3,3,2,4,3,3,2,4,3,2
P003097,0.75,padrao_1,ativo,55,3,3,2,3,2,4,3,2,3,3,2,4,3,2,3,2,3,4,3,2
P002683,0.75,padrao_1,moderado,48,3,3,2,2,3,2,3,4,2,3,2,3,2,3,1,3,2,3,2,3
P003823,0.75,padrao_1,moderado,48,3,3,2,2,3,2,3,2,3,2,3,3,2,3,2,3,2,3,3,2
P000142,0.75,padrao_1,moderado,54,3,3,2,3,2,2,3,3,2,2,3,4,3,3,2,3,4,3,2,3
P000659,0.75,padrao_1,moderado,47,3,3,2,2,3,2,3,2,3,2,3,2,3,2,3,2,3,2,3,2
P004725,0.75,padrao_1,moderado,50,3,3,2,3,2,3,2,3,2,3,2,3,2,3,2,3,2,3,2,3
P010542,0.75,padrao_1,sedentário,55,3,2,4,3,2,3,4,2,3,2,4,3,2,3,4,2,3,4,3,2
P006705,0.75,padrao_1,sedentário,52,3,2,3,3,2,3,2,3,2,3,2,3,2,3,2,3,2,3,2,3
P009806,0.75,padrao_1,moderado,53,3,3,2,3,2,3,2,2,3,3,2,3,2,3,2,2,3,2,2,3
P001129,0.75,padrao_1,moderado,55,3,3,2,4,3,2,3,2,4,3,2,3,4,3,2,3,4,2,3,3
P001777,0.75,padrao_1,moderado,52,3,4,3,2,3,4,3,2,3,4,2,3,4,3,2,4,3,2,3,4
P006149,0.75,padrao_1,sedentário,52,3,4,3,3,2,2,4,3,2,3,1,2,4,3,3,2,1,3,2,3
P009260,0.75,padrao_1,sedentário,56,3,4,3,3,2,4,3,2,4,3,2,3,4,2,3,2,4,3,4,3
P001488,0.75,padrao_1,moderado,50,3,3,2,3,2,3,2,3,2,3,2,3,2,4,3,3,2,3,2,3
P009234,0.75,padrao_1,moderado,55,3,4,3,2,3,4,3,2,3,4,2,3,4,3,2,3,4,3,2,3
P002611,0.75,padrao_1,moderado,46,3,3,2,3,4,2,3,3,2,3,4,2,3,3,2,3,4,2,3,3
P002029,0.75,padrao_1,moderado,54,3,3,2,4,3,2,3,2,4,3,2,3,4,2,3,2,3,4,3,2
P008722,0.75,padrao_1,moderado,53,3,3,4,3,4,3,3,2,3,2,3,4,3,3,4,3,4,2,3,3
P004280,0.75,padrao_1,ativo,48,3,4,3,2,4,3,2,3,4,3,2,3,4,3,2,4,3,2,4,3
P009701,0.75,padrao_1,moderado,52,3,3,2,3,4,3,2,3,2,3,2,3,4,3,2,3,4,3,2,3
P010726,0.75,padrao_1,moderado,48,3,2,3,4,2,3,2,3,2,3,4,2,3,3,2,4,2,3,4,3
P004288,0.75,padrao_1,sedentário,50,3,2,3,2,4,3,3,2,4,2,3,3,2,3,2,4,2,3,3,2
P010716,0.75,padrao_1,moderado,52,3,2,3,3,2,3,2,3,2,3,2,3,2,3,2,3,2,3,2,3
P004823,0.75,padrao_1,moderado,48,3,3,2,3,2,3,2,3,2,3,2,3,2,3,2,3,2,3,3,2
P002036,0.75,padrao_1,moderado,45,3,3,2,4,3,2,3,3,2,4,2,3,3,2,4,3,2,3,3,2
P000862,0.75,padrao_1,moderado,56,3,4,3,2,3,4,2,3,4,3,2,3,4,3,2,3,4,3,2,4
P002014,0.75,padrao_1,moderado,50,3,3,2,3,2,3,2,3,2,3,2,3,2,3,2,3,2,3,2,3
P000990,0.75,padrao_1,moderado,49,3,3,2,2,3,2,3,2,3,2,2,3,3,2,3,2,2,3,3,2
P004367,0.75,padrao_1,moderado,59,3,2,3,3,1,2,3,2,3,2,1,3,2,3,2,1,2,3,2,3
P000841,0.75,padrao_1,ativo,52,3,4,3,2,3,3,2,4,3,2,3,4,3,2,3,2,4,3,2,4
P006413,0.75,padrao_1,sedentário,59,3,2,4,3,2,3,4,2,3,2,4,3,2,4,3,2,4,3,2,3
P005327,0.75,padrao_1,moderado,49,3,3,2,2,3,4,2,3,3,2,4,3,2,3,4,2,3,3,2,3
P004891,0.75,padrao_1,moderado,50,3,3,2,3,2,2,3,2,1,3,2,3,2,3,2,3,2,3,2,3
P008314,0.75,padrao_1,ativo,50,3,3,2,3,2,4,3,2,3,2,4,3,2,3,2,4,3,2,3,2
P004370,0.75,padrao_1,moderado,48,3,3,2,3,2,3,3,2,2,3,2,3,1,2,3,2,2,3,3,2
P001832,0.75,padrao_1,sedentário,50,3,3,2,3,2,2,3,3,2,3,2,3,2,3,2,3,2,3,2,3
P007306,0.75,padrao_1,moderado,54,3,2,3,2,3,2,3,2,4,3,2,3,4,3,2,3,2,4,3,2
P010594,0.75,padrao_1,moderado,49,3,3,2,4,3,2,3,2,3,2,4,3,2,3,2,3,2,3,4,3
P003319,0.75,padrao_1,ativo,54,3,3,2,4,3,2,4,2,3,3,2,4,3,2,3,2,4,3,3,2
P005384,0.75,padrao_1,moderado,48,3,3,2,3,2,3,2,3,3,2,3,2,2,3,2,3,3,2,3,2
P007650,0.75,padrao_1,moderado,47,3,3,2,4,2,3,4,2,3,3,4,2,3,2,3,4,2,3,4,2
P008358,0.75,padrao_1,moderado,47,3,3,2,2,3,2,3,2,3,2,3,2,3,2,3,2,3,2,3,2
P007368,0.75,padrao_1,moderado,53,3,2,3,2,3,2,3,3,2,2,3,2,3,3,2,2,3,4,2,3
P002805,0.75,padrao_1,moderado,47,3,2,2,3,2,3,2,3,1,2,3,2,3,2,3,2,3,2,3,2
P008489,0.75,padrao_1,moderado,47,3,3,2,4,3,3,2,4,3,2,3,2,4,3,4,3,2,3,4,3
P001219,0.75,padrao_1,moderado,50,3,3,2,2,3,2,3,2,3,2,2,3,2,2,3,2,3,3,2,2
P003599,0.75,padrao_1,sedentário,56,3,3,4,3,2,3,4,3,2,2,3,3,4,3,2,3,3,4,3,2
P005566,0.75,padrao_1,moderado,52,3,2,3,3,2,3,2,3,2,3,2,3,2,3,2,3,2,3,2,3
P005744,0.75,padrao_1,moderado,49,3,3,2,4,2,3,2,3,3,2,4,3,2,3,2,4,3,2,3,3
P000233,0.75,padrao_1,sedentário,53,3,3,2,4,3,2,3,2,3,4,2,3,2,4,3,2,3,3,2,3
P003635,0.75,padrao_1,moderado,49,3,3,2,3,2,2,3,2,2,3,2,3,3,2,3,2,3,2,3,2
P009755,0.75,padrao_1,moderado,49,3,2,3,2,3,2,3,2,3,2,3,2,3,2,3,2,3,2,3,2
P006201,0.75,padrao_1,moderado,51,3,3,2,3,2,2,3,2,3,2,3,3,2,3,2,2,3,2,3,2
P003815,0.75,padrao_1,moderado,48,3,3,2,3,2,3,2,3,2,3,2,3,3,2,3,2,3,2,3,2
P001981,0.75,padrao_1,moderado,50,3,3,2,3,2,3,2,3,2,3,2,3,2,3,2,3,2,3,2,3
P009753,0.75,padrao_1,sedentário,48,3,3,2,2,3,3,2,3,2,3,2,3,4,3,2,3,2,3,3,2
P006458,0.75,padrao_1,sedentário,56,3,2,4,3,2,3,4,2,3,4,3,2,3,4,2,3,4,2,3,3
P003538,0.75,padrao_1,moderado,49,3,2,3,2,3,2,3,2,3,2,3,2,3,2,3,2,3,2,3,2
P009517,0.75,padrao_1,moderado,47,3,3,2,3,2,3,2,4,2,3,2,3,3,2,3,2,3,2,3,2
P009485,0.75,padrao_1,moderado,49,3,3,2,3,2,3,2,2,4,3,4,2,3,2,3,3,2,4,3,3
P006706,0.75,padrao_1,ativo,51,3,3,2,4,3,2,3,2,3,4,2,3,4,3,2,3,2,3,4,3
P006078,0.75,padrao_1,moderado,48,3,3,2,3,4,3,2,3,2,3,2,3,2,4,3,3,2,3,2,3
P001860,0.75,padrao_1,moderado,51,3,4,3,2,4,3,3,2,3,2,3,4,3,2,4,3,4,3,2,3
P005427,0.75,padrao_1,moderado,48,3,3,2,3,2,3,2,3,2,2,3,3,2,3,2,3,3,2,3,2
P007248,0.75,padrao_1,moderado,49,3,3,2,3,2,3,2,3,3,2,3,2,3,2,3,3,2,3,2,3
P003151,0.75,padrao_1,muito ativo,54,3,2,3,3,2,2,3,2,3,3,2,3,2,3,2,3,2,3,2,3
P004788,0.75,padrao_1,moderado,49,3,2,3,2,3,2,2,3,2,3,2,3,2,3,2,3,2,3,2,3
P003249,0.75,padrao_1,moderado,57,3,3,4,2,3,3,4,2,3,2,3,4,2,3,3,2,4,3,2,3
P003448,0.75,padrao_1,moderado,54,3,3,2,3,2,4,3,2,3,2,3,2,4,2,3,2,3,4,3,2
P009466,0.75,padrao_1,moderado,57,3,2,3,4,2,3,3,2,4,3,2,3,3,4,2,3,3,2,4,3
P003333,0.75,padrao_1,ativo,54,3,4,3,2,3,2,4,3,2,3,2,4,3,4,3,2,3,4,2,3
P005126,0.75,padrao_1,moderado,54,3,3,4,2,3,3,4,2,3,2,3,3,2,3,4,2,3,3,2,3
P000511,0.75,padrao_1,ativo,53,3,2,4,3,2,3,4,2,3,2,4,3,2,3,4,3,2,4,3,2
P001824,0.75,padrao_1,moderado,48,2,3,2,3,2,3,2,3,2,3,2,2,3,2,3,2,3,2,3,2
P002687,0.75,padrao_1,moderado,51,3,2,4,2,3,3,2,4,3,2,3,4,2,3,2,3,4,2,3,2
P003868,0.75,padrao_1,moderado,48,3,3,2,2,3,4,2,3,2,3,2,3,2,4,2,3,2,3,3,2
P001172,0.75,padrao_1,moderado,49,3,2,3,2,3,2,2,3,2,3,2,3,2,3,2,3,2,3,2,3
P007000,0.75,padrao_1,moderado,52,3,2,3,2,3,2,3,2,3,2,3,2,3,3,2,3,2,3,2,3
P004741,0.75,padrao_1,moderado,50,3,3,2,3,2,3,2,3,2,3,2,3,2,3,2,3,2,3,2,3
P008621,0.75,padrao_1,moderado,49,3,3,2,3,3,2,3,2,2,3,2,3,2,3,3,2,3,2,3,3
P003446,0.75,padrao_1,moderado,52,3,3,2,3,2,3,2,4,3,2,3,3,2,3,2,2,3,3,2,3
P007662,0.75,padrao_1,moderado,47,3,2,3,2,3,2,2,3,3,2,3,2,3,2,3,2,3,2,3,2
P009335,0.75,padrao_1,ativo,47,2,3,3,2,2,3,2,3,1,2,3,2,3,2,3,2,3,2,3,2
P008928,0.75,padrao_1,sedentário,48,2,3,2,3,2,3,2,3,1,2,3,4,2,3,2,3,1,2,3,3
P004079,0.75,padrao_1,moderado,49,3,3,2,4,3,2,4,3,2,4,3,3,2,4,3,3,2,4,3,3
P004582,0.75,padrao_1,moderado,49,3,3,2,3,2,2,3,2,3,2,3,2,3,2,3,2,3,2,3,2
P008887,0.75,padrao_1,sedentário,55,3,4,3,2,3,4,3,2,3,4,2,3,4,3,2,3,4,3,2,3
P008272,0.75,padrao_1,moderado,50,3,3,2,3,2,2,3,2,3,3,2,3,2,3,2,3,2,3,3,2
P003395,0.75,padrao_1,moderado,47,3,3,2,3,3,2,3,2,2,3,2,3,3,1,2,3,2,3,3,2
P008095,0.75,padrao_1,ativo,53,3,2,3,4,2,3,2,3,3,4,2,3,3,4,2,3,3,2,4,3
P009034,0.75,padrao_1,moderado,46,3,3,2,2,3,3,2,3,2,3,3,2,2,3,2,3,2,3,2,3
P010702,0.75,padrao_1,moderado,50,3,2,3,3,2,3,2,3,2,3,2,3,2,3,2,3,2,3,3,2
P001173,0.75,padrao_1,moderado,50,3,3,2,3,2,3,2,3,2,3,2,3,2,3,2,3,2,3,2,3
P006676,0.75,padrao_1,moderado,52,3,3,2,4,3,2,3,2,3,2,4,3,2,3,4,2,3,3,2,4
P004837,0.75,padrao_1,ativo,50,3,3,2,3,2,3,2,4,3,3,3,2,3,2,3,2,4,3,2,3
P002488,0.75,padrao_1,moderado,50,3,2,3,2,3,3,2,3,2,3,2,2,3,3,2,3,2,3,2,3
P005263,0.75,padrao_1,ativo,52,3,2,3,2,4,2,3,3,2,3,2,4,3,2,3,2,3,4,2,3
P002875,0.75,padrao_1,moderado,47,3,3,2,3,2,3,2,3,2,2,3,2,3,2,3,3,2,3,2,2
P003296,0.75,padrao_1,sedentário,50,3,3,2,4,3,2,3,2,3,3,2,3,4,2,3,3,2,3,4,3
P009609,0.75,padrao_1,moderado,54,3,4,2,3,2,4,3,2,3,3,2,4,3,3,2,4,3,2,3,4
P010057,0.75,padrao_1,ativo,54,3,3,4,3,2,4,3,2,3,3,2,4,3,2,3,4,3,2,3,3
P006612,0.75,padrao_1,moderado,48,3,2,3,2,3,3,2,3,3,2,3,2,3,2,3,2,3,2,3,2
P005949,0.75,padrao_1,moderado,49,3,2,2,3,3,2,3,2,3,2,3,2,3,2,3,2,3,2,3,2
P004379,0.75,padrao_1,ativo,49,3,2,3,2,3,2,3,1,3,2,3,2,3,1,3,2,3,2,3,2
P002756,0.75,padrao_1,moderado,50,3,3,2,3,2,3,3,2,2,3,2,3,2,3,2,3,3,2,3,2
P010693,0.75,padrao_1,moderado,50,3,3,2,3,2,3,2,3,2,3,2,3,2,3,2,3,2,3,2,3
P010079,0.75,padrao_1,moderado,47,3,3,2,3,2,2,3,2,2,3,3,2,3,2,2,3,2,3,3,2
P009876,0.75,padrao_1,moderado,56,3,2,3,4,2,3,2,4,3,2,3,1,4,3,2,2,3,4,2,3
P010253,0.75,padrao_1,moderado,54,3,4,3,2,2,3,4,3,2,3,3,4,2,3,2,3,4,3,2,4
P005281,0.75,padrao_1,moderado,50,3,3,2,3,2,3,2,3,2,3,2,3,2,3,2,3,2,3,2,3
P008261,0.75,padrao_1,ativo,46,3,4,3,2,4,3,2,3,4,3,2,3,4,2,3,4,2,3,4,3
P002107,0.75,padrao_1,moderado,49,3,3,2,3,2,4,2,3,2,3,2,3,3,2,4,3,3,2,3,4
P008311,0.75,padrao_1,moderado,48,3,3,2,3,2,3,2,3,2,3,2,3,2,3,2,3,3,2,3,2
P002933,0.75,padrao_1,moderado,50,3,3,2,3,2,3,2,3,2,3,2,3,2,3,2,3,2,3,2,3
P005899,0.75,padrao_1,moderado,49,3,2,3,2,3,2,3,2,3,2,3,2,3,2,3,2,3,2,3,2
P009226,0.75,padrao_1,moderado,53,3,3,2,3,2,3,2,3,3,2,3,3,2,3,2,2,3,3,2,3
P008569,0.75,padrao_1,moderado,49,3,2,2,3,3,2,3,2,3,2,2,3,3,2,3,4,3,2,3,2
P006202,0.75,padrao_1,moderado,47,3,3,2,2,3,2,3,2,3,2,3,2,3,2,3,2,3,2,3,2
P002096,0.75,padrao_1,moderado,48,3,4,2,3,3,4,2,3,4,3,2,3,4,2,3,4,2,3,4,3
P008635,0.75,padrao_1,moderado,50,3,3,2,3,2,3,2,3,2,2,3,3,2,3,2,4,3,3,2,3
P002909,0.75,padrao_1,sedentário,52,3,4,3,2,4,3,4,2,3,4,2,3,4,3,2,3,4,3,4,3
P001055,0.75,padrao_1,moderado,52,3,2,3,2,3,2,3,2,3,2,3,2,3,3,2,3,2,3,2,3
P004473,0.75,padrao_1,ativo,52,3,3,4,2,3,2,4,3,2,3,4,2,3,4,2,3,3,4,2,3
P001433,0.75,padrao_1,ativo,50,3,3,2,3,2,4,3,2,3,4,2,3,2,4,3,3,2,3,4,2
P004516,0.75,padrao_1,moderado,54,3,3,2,3,2,3,4,3,2,3,2,3,2,3,3,2,4,3,2,3
P004902,0.75,padrao_1,moderado,53,3,2,3,2,3,2,3,2,3,2,2,3,2,3,2,3,2,3,2,3
P007237,0.75,padrao_1,moderado,52,3,2,3,2,3,2,3,2,3,2,3,3,2,3,2,3,2,3,2,3
P000083,0.75,padrao_1,moderado,48,2,3,3,2,3,2,3,2,2,3,2,4,3,2,3,3,2,2,3,2
P002070,0.75,padrao_1,moderado,49,3,3,2,3,4,3,2,3,2,3,4,2,3,4,3,2,4,3,2,3
P004399,0.75,padrao_1,moderado,47,3,4,3,3,2,4,3,3,2,4,3,2,3,3,2,4,3,2,4,3
P000151,0.75,padrao_1,moderado,50,3,2,3,2,3,2,3,2,3,2,3,2,3,1,2,3,2,3,2,3
P010651,0.75,padrao_1,moderado,49,3,3,2,3,2,3,2,4,3,2,3,2,4,3,2,3,3,2,4,3
P004655,0.75,padrao_1,moderado,52,3,2,3,3,2,3,3,2,3,2,3,2,3,2,3,2,3,2,3,2
P008201,0.75,padrao_1,sedentário,55,3,3,4,2,3,4,3,2,3,4,3,2,3,4,2,3,4,3,2,3
P003061,0.75,padrao_1,moderado,50,3,4,3,3,2,3,3,2,3,4,3,2,3,3,2,4,3,2,3,4
P000558,0.75,padrao_1,moderado,48,3,2,3,2,2,3,3,2,2,3,4,2,3,2,3,2,3,2,3,2
P006220,0.75,padrao_1,muito ativo,48,3,4,3,2,3,3,2,4,3,2,3,2,3,4,2,3,2,4,3,2
P008900,0.75,padrao_1,moderado,54,3,2,4,3,2,3,2,4,3,2,3,2,3,4,3,2,3,4,3,2
P002016,0.75,padrao_1,moderado,48,3,3,2,3,2,3,2,3,2,3,2,3,2,3,2,3,3,2,3,2
P008012,0.75,padrao_1,moderado,55,3,3,2,3,2,3,2,2,4,3,2,3,2,3,3,2,3,4,2,3
P001311,0.75,padrao_1,moderado,50,3,3,2,3,2,3,3,2,2,3,1,2,3,2,3,2,3,2,3,2
P008545,0.75,padrao_1,moderado,52,3,3,2,3,2,3,3,2,2,3,2,3,2,3,2,3,2,3,2,3
P007225,0.75,padrao_1,moderado,50,3,4,3,2,3,4,3,2,3,2,4,3,2,3,4,3,2,3,2,4
P005938,0.75,padrao_1,sedentário,48,3,2,3,2,3,2,3,2,3,2,3,1,3,2,3,2,3,2,3,2
P010047,0.75,padrao_1,moderado,48,3,3,2,3,4,3,2,3,2,3,3,2,4,3,2,3,2,4,3,3
P004724,0.75,padrao_1,ativo,50,3,2,3,2,3,2,3,2,3,2,3,3,2,3,2,3,3,2,3,2
P002505,0.75,padrao_1,moderado,52,3,3,2,2,3,3,2,2,3,3,2,2,3,3,2,2,3,3,2,3
P004478,0.75,padrao_1,moderado,54,3,2,3,2,4,3,2,3,4,2,3,2,3,4,3,2,3,4,2,3
P009969,0.75,padrao_1,moderado,49,3,2,3,2,3,2,3,2,3,2,3,2,3,2,3,2,3,2,3,2
P004038,0.75,padrao_1,moderado,48,3,3,2,3,2,3,2,3,2,3,2,3,3,2,2,3,2,3,3,2
P008785,0.75,padrao_1,sedentário,50,3,4,3,2,3,4,2,3,4,3,2,4,3,2,3,4,3,2,3,4
P005985,0.75,padrao_1,sedentário,52,3,2,3,2,3,3,2,3,2,3,2,4,3,2,3,2,3,3,2,3
P009475,0.75,padrao_1,moderado,47,3,3,2,2,3,3,2,3,2,3,2,3,2,3,3,2,2,3,2,2
P002542,0.75,padrao_1,moderado,47,3,3,2,2,3,3,2,3,2,3,4,2,3,2,3,2,3,4,2,3
P005918,0.75,padrao_1,moderado,53,2,3,2,3,2,3,1,2,3,2,3,4,2,3,2,1,3,2,3,2
P002211,0.75,padrao_1,sedentário,46,3,4,3,2,3,4,2,3,2,3,4,2,3,3,4,2,3,2,3,4
P001633,0.75,padrao_1,moderado,50,3,3,2,3,2,3,2,3,2,3,2,3,2,3,2,3,2,3,2,3
P010768,0.75,padrao_1,moderado,50,3,3,2,3,2,3,2,3,2,3,2,3,2,3,2,3,2,3,2,3
P006806,0.75,padrao_1,ativo,49,3,4,2,3,2,4,3,2,3,2,4,3,2,3,4,3,2,4,3,2
P000168,0.75,padrao_1,moderado,59,3,3,4,3,2,3,4,2,3,2,3,4,2,3,2,3,4,3,2,3
P006200,0.75,padrao_1,moderado,45,3,3,2,3,4,3,2,3,2,4,3,4,2,3,3,2,3,3,4,2
P001667,0.75,padrao_1,moderado,48,3,3,2,2,3,2,3,2,3,2,3,2,3,2,3,2,3,2,3,3
P007968,0.75,padrao_1,moderado,54,3,3,2,4,2,3,3,2,3,2,4,3,2,3,4,2,3,3,2,4
P006010,0.75,padrao_1,moderado,50,3,3,2,4,2,3,3,2,3,4,2,3,2,3,4,3,2,4,3,2
P005454,0.75,padrao_1,ativo,57,3,3,2,3,2,4,3,2,3,3,2,4,3,2,3,2,3,4,2,3
P005726,0.75,padrao_1,moderado,49,3,3,2,3,2,3,2,2,3,2,3,2,3,2,3,2,3,2,3,2
P005088,0.75,padrao_1,moderado,52,3,2,3,3,2,3,2,3,2,3,2,3,2,3,2,3,2,3,2,3
P008446,0.75,padrao_1,moderado,48,3,3,2,3,3,2,2,3,2,3,2,3,2,3,2,3,2,3,2,3
P009232,0.75,padrao_1,moderado,45,3,4,3,2,3,4,3,2,3,3,4,2,3,2,3,4,3,2,4,3
P004839,0.75,padrao_1,moderado,49,3,3,2,4,3,2,3,2,4,3,2,3,2,3,4,3,2,3,4,3
P010532,0.75,padrao_1,moderado,58,3,2,4,3,2,3,4,3,2,3,2,3,4,3,2,2,3,4,3,2
P007448,0.75,padrao_1,moderado,56,3,4,3,3,2,3,4,3,2,3,2,3,3,4,2,3,4,3,2,3
P001264,0.75,padrao_1,sedentário,50,3,3,2,3,2,3,2,3,2,3,2,3,2,3,2,3,2,3,2,3
P008869,0.75,padrao_1,moderado,50,3,3,4,3,2,3,4,2,3,3,4,3,2,3,4,3,2,3,4,3
P004061,0.75,padrao_1,moderado,50,3,3,2,3,2,3,2,3,2,3,2,3,2,3,2,3,2,3,2,3
P008134,0.75,padrao_1,moderado,50,3,3,2,3,3,2,4,3,2,3,2,3,2,4,3,3,2,3,2,3
P001402,0.75,padrao_1,ativo,49,3,3,2,4,3,2,4,3,2,3,3,4,3,2,3,3,2,4,3,2
P010314,0.75,padrao_1,moderado,52,3,2,3,3,2,3,2,3,2,3,2,3,2,3,2,3,2,3,2,3
P000214,0.75,padrao_1,moderado,49,3,3,2,2,3,2,3,2,2,3,2,3,2,3,2,3,2,3,2,3
P010010,0.75,padrao_1,sedentário,50,3,3,4,2,3,2,4,3,3,2,4,3,2,3,4,2,3,2,3,4
P003831,0.75,padrao_1,moderado,50,3,3,2,3,2,3,2,3,2,3,2,3,2,3,2,2,3,2,3,3
P009859,0.75,padrao_1,moderado,50,3,4,3,2,3,2,4,3,3,2,3,2,4,3,3,3,2,3,2,3
P006541,0.75,padrao_1,moderado,50,3,3,2,3,2,3,3,2,2,4,3,3,2,3,2,3,2,3,3,4
P003738,0.75,padrao_1,moderado,46,3,3,2,3,4,3,2,3,2,3,3,2,3,4,2,3,3,2,4,3
P009830,0.75,padrao_1,moderado,52,3,3,2,4,2,3,2,4,3,3,2,4,2,3,3,2,4,3,3,2
P005803,0.75,padrao_1,moderado,45,3,3,2,3,2,3,2,4,2,3,3,2,3,2,3,2,3,2,4,3
P003686,0.75,padrao_1,ativo,49,3,3,2,2,3,3,2,3,2,1,3,2,3,2,3,2,2,3,1,3
P007947,0.75,padrao_1,sedentário,55,3,4,3,2,3,4,2,3,4,3,2,3,4,3,2,3,4,3,2,3
P006249,0.75,padrao_1,sedentário,52,3,3,2,3,2,3,2,3,4,2,3,2,3,3,2,3,2,3,2,3
P009287,0.75,padrao_1,sedentário,49,3,3,2,4,3,2,3,2,2,3,4,3,2,3,4,2,3,3,2,3
P005299,0.75,padrao_1,moderado,48,3,3,2,3,2,3,2,3,2,3,2,2,3,2,3,3,2,3,2,3
P010318,0.75,padrao_1,sedentário,51,3,4,3,3,4,2,3,4,3,2,4,3,4,3,2,3,4,3,2,3
P008493,0.75,padrao_1,ativo,51,3,4,3,2,3,4,2,3,4,3,2,3,1,3,4,2,3,4,2,3
P009365,0.75,padrao_1,moderado,51,3,3,2,2,3,4,3,2,3,2,3,4,2,3,2,3,2,3,3,2
P008955,0.75,padrao_1,sedentário,59,3,3,2,4,2,3,3,2,4,1,3,4,2,3,3,2,4,3,2,3
P001290,0.75,padrao_1,moderado,50,3,3,2,3,2,3,2,3,2,3,2,4,3,2,3,3,2,3,2,3
P001790,0.75,padrao_1,ativo,48,3,3,2,4,3,3,2,4,2,3,3,2,4,3,2,4,3,2,3,4
P000987,0.75,padrao_1,moderado,49,3,3,2,3,2,3,2,2,3,2,3,2,3,2,3,2,3,2,3,2
P004840,0.75,padrao_1,moderado,54,3,2,3,3,2,3,2,4,3,2,2,3,4,2,3,3,2,3,2,4
P001306,0.75,padrao_1,sedentário,49,3,2,3,2,3,2,3,2,3,2,3,2,3,2,3,2,3,2,3,2
P006737,0.75,padrao_1,moderado,55,3,3,2,4,3,2,4,3,2,3,2,3,4,3,2,3,4,3,2,3
P006694,0.75,padrao_1,moderado,51,2,3,2,3,2,3,2,3,2,2,3,3,2,3,2,3,2,3,2,3
P009981,0.75,padrao_1,moderado,49,3,3,2,3,2,3,2,3,2,3,2,3,2,4,3,2,3,2,3,2
P000362,0.75,padrao_1,moderado,48,3,2,3,2,3,2,3,2,2,3,3,2,3,2,3,3,2,3,2,3
P000223,0.75,padrao_1,moderado,55,3,3,2,3,2,4,3,2,3,2,3,3,2,4,3,2,3,2,3,4
P002312,0.75,padrao_1,ativo,48,3,3,2,2,3,3,2,3,2,3,2,3,2,3,2,3,2,3,2,3
P007905,0.75,padrao_1,sedentário,50,3,3,2,3,2,3,2,4,2,3,2,3,2,3,2,3,4,2,3,4
P003370,0.75,padrao_1,moderado,46,3,2,3,2,4,3,2,3,2,4,3,3,2,3,2,4,3,2,3,4
P007921,0.75,padrao_1,moderado,49,3,3,2,4,3,2,3,2,3,3,4,2,3,3,2,4,3,2,3,4
P004000,0.75,padrao_1,moderado,52,3,2,3,3,2,3,2,3,2,3,2,3,2,3,2,3,2,3,2,3
P009639,0.75,padrao_1,moderado,49,3,3,2,3,2,3,2,3,3,2,3,2,3,3,2,3,2,3,3,2
P005085,0.75,padrao_1,ativo,49,3,2,3,2,3,2,3,2,3,2,3,2,3,2,3,2,3,2,3,2
P004908,0.75,padrao_1,moderado,47,3,2,3,2,4,2,3,2,3,2,4,2,3,3,2,4,2,3,4,3
P004067,0.75,padrao_1,moderado,50,3,2,3,3,2,2,3,3,2,2,3,3,3,2,2,3,3,2,3,2
P010034,0.75,padrao_1,moderado,51,2,3,2,3,2,3,2,3,2,3,2,3,2,3,2,3,2,3,2,3
P009588,0.75,padrao_1,sedentário,54,3,3,4,3,2,4,3,2,4,3,2,3,4,2,3,4,3,2,4,3
P009740,0.75,padrao_1,moderado,46,3,3,2,3,2,3,2,3,2,2,3,2,3,2,3,3,3,2,3,2
P008830,0.75,padrao_1,moderado,48,3,3,2,3,2,3,2,3,2,3,2,3,2,2,3,3,2,3,2,3
P004885,0.75,padrao_1,moderado,49,3,3,2,2,3,2,3,2,2,3,2,3,2,3,2,3,2,3,2,3
P001603,0.75,padrao_1,moderado,51,3,3,2,3,2,3,2,4,3,2,3,2,3,2,3,2,3,4,2,3
P003617,0.75,padrao_1,moderado,49,3,2,2,3,2,3,2,3,2,3,3,2,2,3,2,3,2,3,2,3
P001384,0.75,padrao_1,sedentário,53,3,3,2,4,2,3,3,2,4,2,3,2,4,2,3,3,4,2,3,2
P009833,0.75,padrao_1,moderado,49,3,2,3,2,3,3,2,4,2,3,2,3,2,3,2,3,3,2,2,3
P002765,0.75,padrao_1,ativo,50,3,4,3,2,3,3,4,2,3,2,4,3,2,3,4,2,3,4,3,2
P010756,0.75,padrao_1,ativo,46,3,4,3,2,3,2,4,3,2,3,4,3,2,3,2,4,3,2,3,4
P000450,0.75,padrao_1,moderado,53,3,2,2,3,3,2,3,2,3,2,3,2,3,2,3,2,4,3,2,3
P004914,0.75,padrao_1,moderado,51,3,3,2,3,2,3,2,2,3,2,2,3,3,2,3,2,3,2,3,2
P008020,0.75,padrao_1,moderado,53,3,3,2,4,3,2,3,3,2,3,2,4,2,3,2,3,4,3,2,3
P003638,0.75,padrao_1,moderado,48,3,4,3,2,3,4,2,3,2,3,4,2,3,4,2,3,3,4,3,2
P006240,0.75,padrao_1,moderado,48,3,3,2,3,2,3,2,3,2,3,2,3,3,2,3,2,3,2,3,2
P002119,0.75,padrao_1,ativo,47,3,4,3,2,3,2,4,3,2,3,4,2,3,4,2,3,2,4,3,2
P003769,0.75,padrao_1,moderado,52,3,2,3,3,2,3,2,3,2,3,2,3,2,3,2,3,2,3,2,3
P009084,0.75,padrao_1,sedentário,59,3,2,3,4,2,3,2,3,4,2,3,2,3,4,2,3,4,3,2,4
P006398,0.75,padrao_1,moderado,50,3,3,2,3,2,3,2,3,2,3,2,3,2,3,2,3,2,3,2,3
P003488,0.75,padrao_1,moderado,49,3,3,2,3,2,3,2,3,2,3,2,3,2,4,3,2,3,2,3,2
P010106,0.75,padrao_1,moderado,47,3,3,2,2,3,4,3,2,3,2,4,3,3,2,4,3,2,3,3,2
P009044,0.75,padrao_1,moderado,49,3,2,3,2,3,2,3,2,3,2,3,2,3,2,3,2,3,2,3,2
P009015,0.75,padrao_1,moderado,51,3,2,2,3,2,3,2,3,2,3,2,3,2,3,2,3,2,3,2,3
P004633,0.75,padrao_1,moderado,52,3,3,2,3,2,3,2,3,2,2,3,2,3,3,2,2,3,3,2,3
P006850,0.75,padrao_1,moderado,55,3,3,2,3,2,4,3,2,3,2,4,3,2,3,3,2,4,3,2,3
P003946,0.75,padrao_1,moderado,49,3,3,2,3,2,3,2,3,2,3,2,3,1,3,2,3,2,3,2,3
P000119,0.75,padrao_1,moderado,50,3,3,2,3,2,3,2,3,2,3,2,3,2,3,2,3,2,3,2,3
P008034,0.75,padrao_1,moderado,52,3,3,2,3,2,3,2,2,3,2,3,3,2,3,2,3,2,3,2,3
P009336,0.75,padrao_1,ativo,53,3,3,4,3,2,3,4,2,3,3,4,2,3,3,2,4,3,2,3,4
P010641,0.75,padrao_1,moderado,50,3,3,2,3,2,3,2,3,2,3,2,3,2,3,2,3,2,3,2,3
P007124,0.75,padrao_1,moderado,46,3,3,2,3,4,2,3,2,3,3,4,2,3,2,4,3,2,3,2,4
P009333,0.75,padrao_1,moderado,53,3,4,3,2,3,4,3,2,3,4,3,2,3,4,3,2,4,3,3,4
P007539,0.75,padrao_1,moderado,49,3,2,3,2,3,2,3,2,3,2,3,2,3,2,3,2,3,2,3,2
P007263,0.75,padrao_1,ativo,47,3,4,3,2,3,4,3,2,3,4,2,3,3,2,4,3,2,3,4,3
P007880,0.75,padrao_1,ativo,51,3,3,2,2,3,3,2,2,4,3,2,3,2,1,2,3,4,3,2,3
P007645,0.75,padrao_1,moderado,52,3,2,3,3,2,3,2,3,2,3,2,3,4,2,3,3,3,2,3,4
P009813,0.75,padrao_1,moderado,49,3,2,3,2,3,2,3,2,3,2,3,2,3,2,3,2,3,2,3,2
P002350,0.75,padrao_1,ativo,50,3,3,2,3,3,2,3,2,3,3,2,3,2,3,3,2,3,2,3,3
P004962,0.75,padrao_1,moderado,48,3,3,2,3,2,3,2,3,3,2,3,2,3,2,3,2,3,2,3,2
P002692,0.75,padrao_1,moderado,50,3,3,2,3,2,3,2,3,2,3,2,3,2,2,3,2,3,3,2,3
P000670,0.75,padrao_1,moderado,49,3,2,3,2,3,2,3,2,3,2,3,2,3,2,3,2,3,2,3,2
P006400,0.75,padrao_1,moderado,53,3,3,4,3,2,3,4,2,4,3,2,3,3,2,3,4,3,2,4,3
P003903,0.75,padrao_1,moderado,48,3,3,2,3,2,3,2,3,2,3,2,3,2,3,2,3,3,2,3,2
P008244,0.75,padrao_1,moderado,48,3,3,2,2,3,3,2,2,3,2,3,2,3,3,2,3,2,3,3,2
P006963,0.75,padrao_1,moderado,48,3,2,3,2,3,2,3,2,3,2,3,2,3,1,3,2,3,2,3,2
P008454,0.75,padrao_1,moderado,49,3,3,2,3,2,3,2,3,2,3,2,3,2,3,2,2,3,2,3,2
P007576,0.75,padrao_1,moderado,57,3,4,3,2,3,4,3,2,4,3,2,3,4,3,2,3,4,3,2,3
P002606,0.75,padrao_1,moderado,51,3,4,3,3,2,4,3,2,3,2,3,4,3,2,4,3,2,3,4,3
P006871,0.75,padrao_1,moderado,49,3,2,3,2,3,2,3,2,3,2,3,2,3,2,3,2,3,2,3,2
P002336,0.75,padrao_1,moderado,48,3,3,2,2,3,3,2,2,3,2,3,2,3,2,3,3,2,3,2,3
P001912,0.75,padrao_1,moderado,50,3,3,2,3,2,3,2,3,2,3,2,3,2,3,2,3,2,3,2,3
P007193,0.75,padrao_1,ativo,54,3,4,2,3,4,2,3,1,4,3,2,4,3,2,3,1,4,2,3,4
P001424,0.75,padrao_1,moderado,49,3,2,3,2,3,2,3,2,3,2,3,2,3,2,3,2,3,2,3,2
P010520,0.75,padrao_1,moderado,46,3,3,2,4,3,3,2,4,3,3,4,2,3,2,3,3,4,2,3,3
P005627,0.75,padrao_1,ativo,50,3,3,2,3,2,3,2,3,2,3,2,3,2,3,2,3,2,3,2,3
P000694,0.75,padrao_1,moderado,49,3,3,2,2,3,2,3,2,3,2,3,2,4,3,3,2,3,2,3,2
P000630,0.75,padrao_1,moderado,49,3,3,2,3,2,3,2,3,3,2,3,2,3,2,3,3,2,3,2,3
P002621,0.75,padrao_1,moderado,49,3,3,2,3,2,3,2,3,2,3,2,3,1,3,2,3,2,3,2,3
P008292,0.75,padrao_1,moderado,50,3,3,2,3,2,3,2,3,2,3,2,3,2,3,2,3,2,3,2,3
P008506,0.75,padrao_1,moderado,49,3,2,3,2,3,2,3,2,3,2,3,2,3,2,3,2,3,2,3,2
P006853,0.75,padrao_1,moderado,48,3,3,2,3,2,3,4,2,3,2,3,2,3,2,4,3,2,3,4,2
P008048,0.75,padrao_1,moderado,51,3,3,2,2,3,3,2,2,4,2,3,3,2,3,2,3,2,3,2,3
P000268,0.75,padrao_1,moderado,46,3,4,3,2,3,2,4,3,3,2,4,3,2,3,4,3,2,4,3,2
P010382,0.75,padrao_1,moderado,46,3,3,2,3,2,3,2,3,2,3,2,2,3,1,3,2,3,2,3,2
P010729,0.75,padrao_1,ativo,50,3,3,2,3,2,3,2,3,2,3,2,3,2,3,2,3,2,3,2,3
P005002,0.75,padrao_1,moderado,48,3,3,2,3,2,3,2,3,2,3,2,3,2,3,3,2,3,2,3,2
P000346,0.75,padrao_1,moderado,50,3,3,2,3,2,3,2,2,3,2,3,2,3,3,2,3,2,3,3,2
P003040,0.75,padrao_1,moderado,48,3,3,2,2,3,2,3,2,3,2,3,2,3,2,3,3,2,3,2,3
P006138,0.75,padrao_1,ativo,49,3,2,3,2,3,2,3,2,3,2,3,2,3,2,3,2,3,2,3,2
P007932,0.75,padrao_1,sedentário,51,3,3,2,3,2,3,4,3,2,2,3,4,3,2,3,3,2,4,3,2
P006885,0.75,padrao_1,moderado,49,3,3,2,2,3,2,3,2,4,2,3,3,2,3,2,3,2,2,3,3
P004825,0.75,padrao_1,moderado,51,3,3,2,3,2,3,3,2,2,3,3,2,3,2,3,2,3,3,2,3
P000878,0.75,padrao_1,moderado,48,3,3,2,3,2,3,2,3,2,3,2,3,2,3,2,3,2,3,3,2
P008860,0.75,padrao_1,ativo,53,3,3,2,2,3,4,2,3,2,3,2,4,3,4,2,3,2,3,2,4
P008499,0.75,padrao_1,moderado,48,3,3,2,3,2,3,2,3,2,3,2,3,2,3,3,2,3,2,3,2
P000805,0.75,padrao_1,moderado,51,3,2,3,3,2,3,2,4,3,2,3,4,2,3,2,3,2,3,3,2
P009221,0.75,padrao_1,moderado,48,3,3,2,2,3,3,2,3,2,3,2,3,2,3,2,3,2,3,2,3
P008953,0.75,padrao_1,ativo,54,3,3,4,3,3,2,3,2,4,3,2,3,3,4,2,3,3,2,4,3
P008266,0.75,padrao_1,moderado,53,3,3,2,3,2,3,3,2,3,2,3,2,3,2,3,2,3,3,2,3
P002319,0.75,padrao_1,moderado,48,3,3,2,3,2,3,2,4,2,3,2,3,2,3,2,4,2,3,2,3
P007484,0.75,padrao_1,moderado,46,3,4,3,2,3,2,4,3,3,2,4,2,3,3,2,4,3,2,4,3
P006385,0.75,padrao_1,ativo,47,3,3,2,2,3,2,3,2,3,2,3,2,3,2,3,2,2,3,3,2
P000162,0.75,padrao_1,sedentário,50,3,3,2,3,2,3,2,2,3,3,2,3,1,2,3,2,3,3,2,2
P002325,0.75,padrao_1,moderado,52,3,2,3,3,2,3,2,3,2,3,2,3,2,3,2,3,2,3,2,3
P005040,0.75,padrao_1,moderado,49,3,3,2,3,3,2,3,2,3,2,3,3,2,3,2,3,3,2,3,2
P006111,0.75,padrao_1,moderado,47,3,3,2,3,2,3,2,3,2,3,2,3,2,2,3,2,3,2,3,2
P000789,0.75,padrao_1,moderado,56,3,2,3,2,2,3,4,2,3,2,3,2,3,4,2,3,2,3,2,3
P001187,0.75,padrao_1,moderado,52,3,3,2,4,3,2,3,2,4,3,2,4,3,2,3,4,3,2,3,4
P006042,0.75,padrao_1,moderado,48,3,3,2,3,2,2,3,2,3,2,3,2,3,2,3,3,3,2,3,2
P009079,0.75,padrao_1,moderado,49,3,3,2,4,3,2,3,3,2,4,3,3,2,4,3,2,3,4,3,2
P010215,0.75,padrao_1,ativo,53,3,3,4,3,2,3,4,2,3,2,3,4,3,2,4,3,2,3,4,3
P005129,0.75,padrao_1,moderado,50,3,3,2,2,4,3,2,3,4,2,3,3,2,4,3,2,3,2,3,4
P003309,0.75,padrao_1,moderado,46,3,3,2,3,2,3,2,3,2,3,3,2,3,2,3,2,3,2,3,2
P006989,0.75,padrao_1,moderado,52,3,3,2,3,2,3,3,2,2,3,2,3,3,2,2,3,2,3,2,3
P008456,0.75,padrao_1,sedentário,48,3,4,3,2,3,4,2,3,4,2,3,3,4,2,3,4,2,3,4,3
P001653,0.75,padrao_1,moderado,50,3,3,2,3,2,3,2,3,2,3,2,3,2,3,2,3,2,3,2,3
P001214,0.75,padrao_1,moderado,50,3,3,2,3,2,3,2,3,2,3,2,3,2,3,2,3,2,3,2,3
P009800,0.75,padrao_1,moderado,50,3,3,2,3,2,3,2,3,2,3,2,3,2,3,2,3,2,3,2,3
P005296,0.75,padrao_1,sedentário,53,3,2,3,2,3,2,3,2,3,4,2,3,4,2,3,2,3,3,2,3
P005047,0.75,padrao_1,moderado,48,3,3,2,3,2,2,3,3,2,3,2,3,2,3,2,3,2,3,3,2
P006532,0.75,padrao_1,moderado,52,3,2,3,2,3,2,3,2,4,3,2,3,2,3,2,3,2,4,3,2
P001854,0.75,padrao_1,moderado,49,3,3,2,4,3,2,3,4,2,3,3,4,2,3,3,2,4,3,3,2
P009553,0.75,padrao_1,moderado,45,3,3,2,2,3,2,3,2,3,3,2,2,3,2,3,3,2,2,3,2
P001917,0.75,padrao_1,moderado,52,3,4,3,3,4,3,3,4,2,3,3,4,3,4,2,3,3,4,2,3
P009494,0.75,padrao_1,moderado,51,3,2,3,2,3,2,3,2,3,2,2,3,3,2,3,2,3,2,3,2
P005624,0.75,padrao_1,sedentário,50,3,4,3,2,4,3,2,3,4,3,2,3,4,2,3,2,3,4,3,2
P002394,0.75,padrao_1,ativo,47,3,3,2,4,3,2,3,4,2,3,4,2,3,1,3,2,3,4,2,3
P000755,0.75,padrao_1,moderado,49,3,2,3,2,3,2,4,3,2,3,2,3,2,3,4,3,2,3,2,3
P009855,0.75,padrao_1,moderado,49,3,3,2,3,2,2,3,3,4,2,3,2,3,2,3,3,2,4,3,2
P008457,0.75,padrao_1,ativo,48,3,4,3,2,4,3,2,3,2,3,4,3,2,4,3,2,4,3,2,3
P002512,0.75,padrao_1,moderado,55,3,2,3,3,2,2,4,3,2,3,2,3,2,3,3,2,4,3,2,3
P009533,0.75,padrao_1,moderado,52,3,4,3,2,3,4,3,2,3,4,2,3,4,3,2,3,4,3,4,2
P006442,0.75,padrao_1,moderado,47,3,3,2,3,4,2,3,2,4,3,2,3,3,2,4,3,2,3,4,3
P001046,0.75,padrao_1,moderado,49,3,3,2,3,2,3,2,3,2,3,2,3,4,2,3,2,3,2,3,2
P002642,0.75,padrao_1,moderado,48,3,3,2,3,2,2,3,4,3,2,3,2,3,3,4,2,3,2,3,3
P003464,0.75,padrao_1,moderado,47,3,3,2,3,2,3,2,3,2,3,2,4,3,2,3,4,3,2,3,2
P000128,0.75,padrao_1,moderado,49,3,2,3,2,3,2,3,2,3,2,3,2,3,2,3,2,3,2,3,2
P003613,0.75,padrao_1,moderado,49,3,2,3,2,3,2,3,2,3,2,3,2,3,2,3,2,3,2,3,2
P001748,0.75,padrao_1,moderado,49,3,3,2,4,3,2,3,2,3,4,3,2,3,2,4,3,4,3,2,3
P006125,0.75,padrao_1,moderado,49,3,3,2,4,3,2,3,3,2,3,4,2,3,3,4,2,3,4,2,3
P008026,0.75,padrao_1,moderado,48,3,3,2,3,2,3,2,3,2,3,2,3,3,2,3,3,2,4,3,2
P009786,0.75,padrao_1,moderado,50,3,3,2,3,2,3,2,3,2,3,2,3,2,3,2,3,2,3,2,3
P002049,0.75,padrao_1,moderado,49,3,2,3,2,3,2,3,2,3,2,3,2,3,2,3,2,3,2,3,2
P005870,0.75,padrao_1,moderado,48,3,3,2,3,2,3,2,3,3,2,3,2,3,2,3,2,3,2,3,2
P008960,0.75,padrao_1,ativo,54,3,3,2,4,3,2,3,4,2,3,2,3,4,3,2,3,4,3,2,4
P003247,0.75,padrao_1,moderado,49,3,3,2,4,3,2,3,3,2,3,2,4,3,2,4,3,2,3,3,4
P004043,0.75,padrao_1,moderado,52,3,3,2,4,3,2,4,3,2,3,3,2,4,3,2,3,4,2,3,4
P003919,0.75,padrao_1,moderado,50,3,3,2,4,2,3,4,3,2,3,2,3,4,2,3,4,2,3,3,2
P002762,0.75,padrao_1,sedentário,51,3,2,3,2,2,3,2,3,2,3,2,3,2,3,2,3,2,3,2,3
P001020,0.75,padrao_1,moderado,52,3,3,4,3,2,3,4,3,2,3,3,2,3,4,2,3,2,3,4,3
P007594,0.75,padrao_1,moderado,49,3,3,2,2,3,4,3,2,2,3,3,2,4,3,3,2,3,2,4,3
P009888,0.75,padrao_1,sedentário,45,3,3,2,2,3,2,4,3,2,3,2,3,3,2,4,3,2,3,4,3
P003731,0.75,padrao_1,sedentário,55,3,3,2,4,3,2,3,2,4,3,3,2,4,3,2,3,3,4,2,3
P009640,0.75,padrao_1,muito ativo,53,3,3,2,3,2,3,4,2,3,2,3,2,4,3,3,2,3,2,3,2
P010706,0.75,padrao_1,moderado,47,3,3,2,2,3,2,3,2,3,2,3,2,3,2,3,2,3,2,3,2
P006254,0.75,padrao_1,ativo,49,3,2,3,2,3,2,3,2,3,2,3,2,3,2,3,2,3,2,3,2
P005213,0.75,padrao_1,moderado,49,3,3,2,3,2,3,3,2,2,3,3,2,2,3,3,2,3,2,3,3
P006978,0.75,padrao_1,moderado,50,3,3,2,3,2,3,2,3,2,3,2,3,2,3,2,3,2,3,2,3
P006107,0.75,padrao_1,moderado,60,3,2,4,3,2,3,4,2,3,3,2,4,3,2,3,2,4,3,2,3
P000216,0.75,padrao_1,moderado,51,3,3,2,2,3,2,3,2,3,2,2,3,2,3,3,2,3,3,2,2
P008724,0.75,padrao_1,moderado,55,3,3,4,3,2,3,2,3,4,2,3,4,2,3,3,2,4,2,3,3
P002227,0.75,padrao_1,moderado,52,3,2,3,2,4,2,3,2,4,3,2,3,4,2,3,2,3,2,3,3
P008527,0.75,padrao_1,moderado,49,2,3,3,2,2,3,2,3,2,3,2,3,2,3,2,3,2,3,3,2
P001646,0.75,padrao_1,moderado,48,3,3,2,3,2,3,2,3,2,3,2,3,2,3,3,2,3,2,3,2
P009385,0.75,padrao_1,moderado,50,3,2,3,2,3,2,3,2,3,2,3,2,4,2,3,2,3,2,3,2
P000719,0.75,padrao_1,moderado,50,3,3,2,3,2,3,2,2,3,3,2,3,2,3,2,3,2,3,3,2
P010609,0.75,padrao_1,moderado,52,3,3,2,3,2,3,3,2,3,2,2,3,3,2,3,2,3,2,3,2
P005915,0.75,padrao_1,sedentário,48,3,3,2,4,3,2,3,4,3,2,4,3,3,2,4,3,4,2,3,4
P010583,0.75,padrao_1,sedentário,48,3,3,2,2,3,2,1,2,3,3,2,3,4,2,3,3,2,3,1,2
P007788,0.75,padrao_1,moderado,51,3,3,2,2,3,2,3,2,3,3,2,3,2,4,2,3,2,3,2,3
P004237,0.75,padrao_1,moderado,43,3,4,3,2,3,4,2,3,2,4,3,2,3,2,4,3,2,4,3,2
P005344,0.75,padrao_1,moderado,50,3,3,2,3,2,3,2,3,2,3,2,3,2,3,2,3,2,3,2,3
P003595,0.75,padrao_1,ativo,53,3,3,2,4,3,2,3,2,4,3,2,3,4,2,3,1,3,2,4,3
P007104,0.75,padrao_1,moderado,49,3,2,3,2,3,2,3,2,3,2,3,2,3,2,3,2,3,2,3,2
P004272,0.75,padrao_1,moderado,49,3,2,3,2,3,2,3,2,3,2,3,2,3,2,3,2,3,2,3,2
P002702,0.75,padrao_1,moderado,50,3,3,2,3,2,3,2,3,2,3,2,3,2,3,2,3,2,3,2,3
P007648,0.75,padrao_1,moderado,52,3,3,2,3,2,2,3,2,3,3,2,3,2,3,2,3,2,3,2,3
P008914,0.75,padrao_1,moderado,54,3,3,2,3,2,3,4,2,3,2,3,3,4,2,3,3,2,3,2,3
P002381,0.75,padrao_1,moderado,61,3,2,4,3,2,3,4,2,3,1,3,2,4,2,3,1,4,3,2,3
P001372,0.75,padrao_1,sedentário,50,3,4,3,2,4,3,2,3,4,3,2,3,4,2,3,3,4,2,3,4
P002986,0.75,padrao_1,moderado,50,3,3,2,3,2,3,2,3,2,2,3,3,2,3,2,3,2,3,2,3
P008885,0.75,padrao_1,sedentário,50,3,3,2,3,2,3,2,3,2,3,2,3,2,3,2,3,2,3,2,3
P009464,0.75,padrao_1,moderado,46,3,3,2,2,3,3,2,2,3,3,2,3,2,2,3,3,2,2,3,3
P007871,0.75,padrao_1,ativo,53,3,2,4,2,3,3,2,4,3,2,3,2,4,3,2,3,4,2,3,4
P009358,0.75,padrao_1,moderado,40,3,4,3,2,4,3,2,3,2,3,4,2,3,2,4,3,2,3,4,3
P010632,0.75,padrao_1,ativo,51,3,3,2,3,2,3,3,2,3,2,3,2,3,2,3,2,3,2,3,3
P006628,0.75,padrao_1,moderado,47,3,2,2,3,2,3,2,3,2,3,2,3,1,3,2,3,2,2,3,2
P009063,0.75,padrao_1,ativo,50,3,3,2,3,2,3,3,2,3,2,3,2,2,3,3,2,3,2,3,2
P002613,0.75,padrao_1,moderado,50,3,4,3,2,3,4,2,3,2,4,3,2,3,4,2,3,4,3,2,3
P002997,0.75,padrao_1,moderado,50,3,3,2,3,4,3,2,2,3,2,3,4,3,2,3,3,4,2,3,3
P006215,0.75,padrao_1,moderado,46,3,3,2,3,2,2,3,4,2,3,2,3,2,3,4,2,3,2,3,2
P009447,0.75,padrao_1,moderado,50,3,3,2,3,2,3,2,3,2,3,2,3,3,2,3,2,2,3,2,3
P002503,0.75,padrao_1,sedentário,49,3,4,3,2,3,4,3,2,3,2,3,4,3,2,3,4,2,3,4,3
P003472,0.75,padrao_1,moderado,47,3,2,3,2,3,2,3,3,2,2,3,2,3,2,3,2,3,2,3,2
P000420,0.75,padrao_1,sedentário,53,3,2,3,2,3,2,3,2,4,3,2,3,2,3,2,3,2,3,2,3
P008442,0.75,padrao_1,moderado,48,3,2,3,2,2,3,2,3,2,3,2,3,2,2,3,2,3,2,3,2
P003829,0.75,padrao_1,sedentário,47,3,2,3,2,3,2,2,3,3,2,3,2,3,2,3,2,3,2,3,2
P003816,0.75,padrao_1,moderado,51,3,3,2,3,2,3,3,2,3,2,3,2,3,2,3,3,2,3,2,3
P007952,0.75,padrao_1,sedentário,54,3,4,2,3,2,3,4,2,3,3,2,4,3,2,3,4,3,4,2,3
P007904,0.75,padrao_1,moderado,50,3,3,2,3,2,3,2,3,2,3,2,3,2,3,2,3,2,3,2,3
P007476,0.75,padrao_1,ativo,48,3,3,4,3,2,3,4,3,2,3,4,3,2,3,4,3,2,3,4,3
P002034,0.75,padrao_1,moderado,50,3,2,3,2,3,2,3,2,3,2,4,3,2,3,2,3,2,4,3,2
P000535,0.75,padrao_1,ativo,48,3,2,3,2,4,3,2,3,3,2,4,3,2,3,2,3,2,4,3,2
P010645,0.75,padrao_1,moderado,52,3,2,3,2,3,2,3,2,3,2,3,2,3,3,2,3,2,3,2,3
P004413,0.75,padrao_1,moderado,50,3,3,2,3,2,3,2,3,2,3,2,3,2,3,2,3,2,3,2,3
P009643,0.75,padrao_1,moderado,50,3,2,2,3,2,3,1,3,2,2,3,2,3,2,3,1,2,3,2,3
P000600,0.75,padrao_1,moderado,49,2,3,2,3,2,3,2,3,2,3,1,2,3,2,3,2,3,2,3,2
P003240,0.75,padrao_1,moderado,53,3,3,2,3,2,3,2,2,3,2,3,3,2,3,1,3,2,3,2,3
P006103,0.75,padrao_1,moderado,53,2,3,2,3,2,3,3,2,2,3,2,3,2,3,2,3,2,3,2,3
P009582,0.75,padrao_1,sedentário,47,3,3,2,4,3,2,3,2,3,4,2,3,3,2,3,4,2,3,3,2
P007546,0.75,padrao_1,sedentário,51,3,4,3,2,3,4,2,3,2,4,3,2,4,3,2,3,4,3,2,4
P010404,0.75,padrao_1,sedentário,49,3,2,2,3,3,2,3,2,3,2,4,3,2,3,2,4,3,2,3,3
P009569,0.75,padrao_1,moderado,46,3,3,2,2,3,3,2,3,2,3,2,3,2,2,3,3,2,3,2,3
P001087,0.75,padrao_1,moderado,48,3,3,2,3,2,3,2,3,2,2,3,2,3,2,3,2,2,3,2,2
P008863,0.75,padrao_1,sedentário,48,3,2,3,2,3,2,3,3,2,3,2,3,3,2,2,3,3,2,3,2
P006605,0.75,padrao_1,moderado,49,3,2,3,2,3,2,3,2,3,2,3,2,3,2,3,2,3,2,3,2
P009914,0.75,padrao_1,moderado,49,3,3,2,2,3,2,3,2,2,3,2,3,3,2,2,3,3,2,2,3
P008611,0.75,padrao_1,moderado,51,3,3,2,3,2,2,3,2,3,3,2,3,2,3,2,3,2,3,2,2
P004697,0.75,padrao_1,moderado,50,3,3,2,4,3,3,2,4,3,2,3,2,3,4,3,2,3,3,4,3
P000388,0.75,padrao_1,sedentário,52,3,2,3,3,2,3,2,3,2,3,2,3,2,3,2,3,2,3,2,3
P001902,0.75,padrao_1,ativo,57,3,3,4,2,3,4,3,2,3,4,2,3,4,3,2,3,4,3,2,3
P008638,0.75,padrao_1,moderado,45,3,4,3,2,3,4,2,3,3,2,4,3,2,3,4,3,2,3,4,3
P010087,0.75,padrao_1,ativo,48,3,3,2,2,4,2,3,2,3,2,3,3,4,2,3,2,3,2,3,2
P008924,0.75,padrao_1,moderado,48,3,3,2,3,2,3,2,3,2,3,3,2,2,3,2,3,2,3,2,3
P003944,0.75,padrao_1,moderado,47,3,3,2,2,3,2,3,2,3,2,3,2,3,2,3,2,3,2,3,2
P010043,0.75,padrao_1,moderado,46,3,2,3,2,4,3,2,3,2,4,3,2,4,3,2,4,3,2,3,3
P003208,0.75,padrao_1,ativo,47,3,3,4,2,4,3,2,3,4,2,3,4,3,2,4,3,2,3,4,2
P003668,0.75,padrao_1,moderado,50,3,3,2,3,2,3,2,3,2,3,2,3,2,3,2,3,2,3,2,3
P003761,0.75,padrao_1,sedentário,48,3,3,2,3,2,3,2,3,2,3,2,3,3,2,3,2,3,2,3,2
P007738,0.75,padrao_1,moderado,45,3,3,2,3,3,2,2,3,2,3,4,3,2,3,3,2,3,2,3,3
P007591,0.75,padrao_1,sedentário,53,3,3,2,4,3,2,4,3,2,3,4,2,3,4,3,2,4,3,2,4
P007772,0.75,padrao_1,ativo,51,3,3,4,2,3,2,4,3,4,2,3,4,2,3,4,3,2,4,3,2
P007955,0.75,padrao_1,moderado,51,3,2,2,3,2,3,2,3,2,3,2,3,2,3,2,3,2,3,2,3
P010188,0.75,padrao_1,moderado,52,3,2,3,2,3,2,3,2,3,2,3,2,3,3,2,3,2,3,2,3
P000639,0.75,padrao_1,moderado,50,3,3,2,3,2,3,2,3,2,2,3,3,2,3,2,3,2,3,2,3
P005510,0.75,padrao_1,ativo,48,3,4,3,2,4,3,2,3,4,3,2,3,4,3,2,4,3,2,4,3
P010446,0.75,padrao_1,moderado,55,3,2,3,4,3,2,3,3,4,2,3,4,3,2,3,2,3,4,3,2
P004732,0.75,padrao_1,moderado,50,3,3,2,3,2,2,3,3,2,3,2,3,2,3,2,3,2,3,2,3
P008380,0.75,padrao_1,moderado,47,3,3,2,2,3,2,3,2,2,3,2,3,3,2,3,2,3,2,3,2
P006084,0.75,padrao_1,sedentário,50,3,3,2,3,2,3,2,3,2,3,2,3,2,3,2,3,2,3,2,3
P010457,0.75,padrao_1,moderado,53,3,3,2,4,3,2,3,2,4,3,3,2,4,3,2,3,4,2,3,3
P002188,0.75,padrao_1,moderado,48,3,3,2,3,4,3,2,3,2,3,2,3,4,2,3,3,2,3,2,3
P004899,0.75,padrao_1,moderado,50,3,3,2,3,2,3,2,3,2,3,2,3,2,3,2,3,2,3,2,3
P006112,0.75,padrao_1,moderado,52,3,4,3,3,2,4,3,3,2,3,3,4,2,3,4,3,3,4,2,3
P006307,0.75,padrao_1,moderado,48,3,3,2,4,3,2,4,3,3,2,4,3,2,3,4,2,3,3,4,2
P000528,0.75,padrao_1,sedentário,51,3,3,2,2,3,2,3,2,4,3,2,2,3,2,3,2,3,3,2,3
P002109,0.75,padrao_1,moderado,50,2,3,2,3,2,3,2,3,2,3,2,2,3,2,3,2,3,2,2,3
P006226,0.75,padrao_1,moderado,50,3,3,2,2,3,2,3,2,3,2,3,2,4,3,3,2,3,2,3,3
P006243,0.75,padrao_1,ativo,42,3,4,3,2,3,4,2,3,2,4,3,2,3,2,3,4,2,3,4,3
P009901,0.75,padrao_1,moderado,51,3,3,2,3,2,3,2,3,2,3,2,3,2,3,3,2,3,3,2,3
P007163,0.75,padrao_1,moderado,52,3,3,2,3,2,3,2,2,3,3,2,3,2,3,2,3,2,3,2,3
P007308,0.75,padrao_1,moderado,51,3,3,2,4,3,2,3,2,4,3,2,3,1,4,2,3,2,3,4,3
P010717,0.75,padrao_1,sedentário,50,3,3,2,3,2,2,3,2,3,2,3,2,3,2,3,2,3,2,3,3
P007265,0.75,padrao_1,ativo,54,3,2,3,4,2,3,2,3,4,2,3,3,2,4,3,2,2,3,4,3
P002459,0.75,padrao_1,moderado,53,3,2,3,3,2,3,4,3,2,3,2,3,3,2,3,3,4,2,3,3
P009659,0.75,padrao_1,moderado,48,3,3,2,3,2,3,2,3,2,3,2,3,2,3,2,3,3,2,3,2
P010432,0.75,padrao_1,moderado,50,3,3,2,3,2,3,2,3,2,3,2,3,2,3,2,3,2,3,2,3
P007426,0.75,padrao_1,ativo,50,3,3,2,4,3,2,3,2,3,4,2,3,2,4,2,3,3,2,4,3
P010617,0.75,padrao_1,ativo,51,3,2,3,2,3,2,3,2,3,2,3,2,2,3,2,3,2,3,2,3
P001139,0.75,padrao_1,ativo,51,3,3,2,3,2,3,2,3,2,3,2,3,1,3,2,2,3,3,2,3
P007034,0.75,padrao_1,ativo,48,3,3,2,4,3,2,4,3,2,3,4,2,3,3,4,2,3,4,3,2
P007436,0.75,padrao_1,moderado,48,3,3,2,4,3,2,3,4,2,3,2,3,4,2,3,4,3,2,3,4
P004802,0.75,padrao_1,ativo,54,3,3,2,4,3,2,3,4,2,3,2,3,4,3,2,3,4,3,2,4
P008529,0.75,padrao_1,ativo,43,3,4,3,2,3,2,4,3,2,3,4,3,2,3,4,3,2,3,4,3
P009747,0.75,padrao_1,moderado,51,3,3,2,3,2,3,2,3,2,3,2,3,3,2,3,2,3,3,2,3
P003964,0.75,padrao_1,moderado,57,3,2,3,4,3,2,3,2,3,2,3,3,2,4,3,2,4,3,2,3
P002908,0.75,padrao_1,ativo,55,3,3,2,3,2,4,3,2,3,2,3,4,2,3,2,3,2,4,3,3
P006447,0.75,padrao_1,moderado,50,3,3,2,3,2,3,2,3,2,3,2,3,2,3,2,3,2,3,2,3
P006478,0.75,padrao_1,moderado,50,3,3,2,3,2,3,3,2,2,3,2,3,3,2,3,2,3,2,3,2
P002216,0.75,padrao_1,ativo,51,3,4,3,2,4,3,2,3,4,3,2,3,4,3,2,3,4,2,3,3
P003576,0.75,padrao_1,moderado,49,3,3,4,2,3,2,3,2,3,4,3,2,4,3,2,3,2,3,4,3
P001288,0.75,padrao_1,moderado,52,3,3,2,3,2,3,4,2,3,3,2,3,3,2,3,2,3,2,3,2
P002595,0.75,padrao_1,moderado,50,3,3,2,3,2,3,2,3,2,3,2,3,2,3,2,3,2,3,2,3
P008360,0.75,padrao_1,moderado,49,3,3,2,3,2,3,2,3,3,2,3,2,3,2,3,3,2,3,2,3
P005822,0.75,padrao_1,moderado,51,3,3,2,3,2,4,3,2,3,2,4,3,2,3,2,3,3,2,4,3
P000427,0.75,padrao_1,moderado,50,3,3,2,3,2,3,2,3,2,3,2,3,2,3,2,3,2,3,2,3
P004457,0.75,padrao_1,moderado,48,3,3,2,3,2,3,2,3,2,2,3,3,2,3,3,2,3,2,3,2
P008857,0.75,padrao_1,moderado,49,3,2,3,2,3,2,3,2,3,2,3,2,3,2,3,2,3,2,3,2
P007752,0.75,padrao_1,ativo,50,3,4,3,2,3,4,2,3,4,3,2,3,4,3,2,4,3,2,4,3
P003018,0.75,padrao_1,ativo,44,3,2,3,2,4,3,2,3,2,3,4,2,3,2,4,3,2,3,2,3
P010572,0.75,padrao_1,moderado,49,3,3,2,3,2,3,2,3,2,3,2,3,3,2,3,3,2,3,2,3
P000274,0.75,padrao_1,moderado,51,3,2,3,2,3,2,3,2,2,3,2,3,2,3,2,3,2,3,2,3
P005602,0.75,padrao_1,sedentário,55,3,2,3,4,3,2,3,3,4,2,3,4,2,3,3,2,3,4,3,2
P004932,0.75,padrao_1,moderado,48,3,3,2,3,4,3,2,3,2,3,4,3,2,3,3,2,3,4,2,3
P009818,0.75,padrao_1,moderado,50,3,3,2,3,2,3,2,3,2,3,2,3,2,3,2,3,2,3,2,3
P009115,0.75,padrao_1,moderado,51,3,2,2,3,2,3,2,3,2,3,2,3,2,3,2,3,2,3,2,3
P005417,0.75,padrao_1,moderado,47,3,3,2,3,2,3,2,4,3,2,3,2,3,1,2,3,2,4,3,2
P006598,0.75,padrao_1,moderado,53,3,3,2,3,2,3,2,2,3,2,3,2,3,3,2,2,3,3,2,2
P006785,0.75,padrao_1,moderado,47,3,3,2,2,4,3,2,3,2,3,3,2,2,4,3,2,3,3,2,3
P002334,0.75,padrao_1,moderado,49,3,3,2,2,3,2,3,2,3,2,3,2,3,3,2,2,3,2,3,2
P008328,0.75,padrao_1,moderado,51,3,3,2,3,2,3,2,2,3,2,3,3,2,2,3,2,3,4,3,2
P004227,0.75,padrao_1,moderado,50,3,2,3,2,4,3,2,3,4,2,3,2,3,4,2,3,3,2,4,3
P007204,0.75,padrao_1,moderado,51,3,2,3,4,3,2,3,2,3,4,2,3,2,3,4,3,2,3,2,3
P006769,0.75,padrao_1,moderado,49,3,3,2,2,3,2,3,2,3,2,3,2,4,3,2,3,2,3,3,2
P002222,0.75,padrao_1,moderado,52,3,2,3,2,4,3,2,3,2,3,2,3,4,2,3,2,4,3,2,3
P000380,0.75,padrao_1,moderado,47,3,3,2,2,3,3,2,3,2,2,3,3,2,3,2,4,2,3,2,3
P008538,0.75,padrao_1,moderado,52,3,3,4,2,3,2,3,4,2,3,2,3,4,2,3,2,3,4,2,3
P001548,0.75,padrao_1,moderado,52,3,3,2,3,2,3,2,3,4,2,3,2,3,2,3,2,3,3,2,3
P009442,0.75,padrao_1,sedentário,45,3,4,3,2,4,3,2,4,3,2,3,4,2,3,4,3,2,4,3,2
P005226,0.75,padrao_1,ativo,50,3,3,2,4,3,3,2,4,3,2,3,2,3,4,2,3,2,4,3,2
P010375,0.75,padrao_1,sedentário,43,3,4,3,2,3,4,3,3,2,4,3,2,3,2,4,3,2,3,4,3
P008253,0.75,padrao_1,ativo,50,3,3,2,3,2,3,2,3,2,3,2,3,2,3,2,3,2,3,2,3
P008027,0.75,padrao_1,moderado,47,3,3,2,4,3,2,3,2,3,4,2,3,2,3,4,3,2,3,3,2
P003327,0.75,padrao_1,moderado,53,3,2,3,2,4,3,2,2,4,3,3,2,4,2,3,2,3,3,2,4
P007028,0.75,padrao_1,moderado,47,3,3,2,2,3,2,3,2,3,2,3,2,3,2,3,2,3,2,3,2
P008861,0.75,padrao_1,moderado,43,3,3,4,2,3,3,2,4,2,3,4,3,3,2,3,4,2,3,4,3
P005771,0.75,padrao_1,moderado,50,3,3,2,3,2,3,2,4,3,2,3,2,4,3,2,3,4,2,3,2
P008589,0.75,padrao_1,moderado,49,2,3,3,2,2,3,2,3,3,2,3,2,3,2,3,2,3,2,3,2
P001995,0.75,padrao_1,moderado,45,3,3,2,2,3,2,3,3,2,2,3,2,3,2,3,2,3,2,3,2
P005781,0.75,padrao_1,sedentário,49,2,3,2,3,3,2,3,2,3,2,3,2,3,2,3,2,3,2,3,2
P003391,0.75,padrao_1,moderado,52,3,2,3,3,2,3,2,3,2,3,2,3,2,3,3,2,3,2,2,3
P004524,0.75,padrao_1,moderado,48,3,2,3,2,3,3,2,3,2,3,2,3,2,3,2,3,2,3,3,2
P008648,0.75,padrao_1,moderado,49,3,2,3,2,3,2,3,2,3,2,3,2,3,2,3,2,3,2,3,2
P008476,0.75,padrao_1,sedentário,48,3,3,4,3,3,2,4,3,3,2,4,3,2,3,4,3,2,3,4,3
P006198,0.75,padrao_1,moderado,50,3,3,2,3,2,3,2,3,2,3,2,3,2,3,2,3,2,3,2,3
P006359,0.75,padrao_1,moderado,49,3,3,2,3,2,3,3,2,3,2,4,2,3,2,3,2,3,2,3,2
P005646,0.75,padrao_1,ativo,51,3,2,3,2,4,3,2,3,4,2,3,2,3,4,2,3,2,4,3,2
P005330,0.75,padrao_1,moderado,53,3,4,3,3,2,4,3,2,3,2,4,3,2,3,3,2,4,3,4,3
P007058,0.75,padrao_1,ativo,50,3,2,3,3,2,3,2,3,2,3,2,3,2,3,3,2,3,2,3,2
P009055,0.75,padrao_1,moderado,48,3,3,2,2,3,3,2,3,2,2,3,3,2,3,2,3,2,3,2,3
P001089,0.75,padrao_1,moderado,49,3,3,2,3,2,3,2,3,2,3,2,3,2,3,2,2,3,2,3,2
P009035,0.75,padrao_1,moderado,53,3,2,3,3,2,3,2,4,3,2,3,2,3,2,3,2,4,3,2,3
P007665,0.75,padrao_1,sedentário,50,3,2,3,2,3,2,3,2,3,2,3,2,3,3,2,3,2,3,3,2
P002723,0.75,padrao_1,moderado,47,3,3,2,3,2,3,2,3,2,2,3,2,3,2,3,2,3,2,3,2
P005786,0.75,padrao_1,moderado,48,3,3,2,3,2,3,2,3,2,3,2,3,2,2,3,1,2,3,3,2
P009448,0.75,padrao_1,ativo,48,3,3,2,4,3,2,3,2,3,4,2,3,3,2,4,3,2,4,3,2
P008599,0.75,padrao_1,moderado,50,3,3,2,3,2,3,2,3,2,3,2,3,2,3,2,3,2,3,2,3
P001877,0.75,padrao_1,moderado,47,3,3,2,3,2,3,2,4,3,2,3,2,4,2,3,3,2,3,3,2
P002594,0.75,padrao_1,moderado,55,3,3,4,3,2,3,4,2,3,3,2,3,2,4,3,2,3,3,4,2
P003428,0.75,padrao_1,moderado,49,3,2,3,2,3,2,3,2,3,2,3,2,3,2,3,2,3,2,3,2
P003570,0.75,padrao_1,moderado,48,3,3,2,3,2,3,2,4,3,2,3,2,3,4,2,3,2,3,4,2
P004013,0.75,padrao_1,sedentário,46,3,4,3,4,3,2,3,4,2,3,4,3,2,3,4,2,3,4,3,2
P001506,0.75,padrao_1,moderado,53,3,3,2,3,2,3,3,2,4,2,3,2,3,3,2,3,2,4,3,2
P010173,0.75,padrao_1,ativo,52,3,4,3,2,3,4,2,3,2,3,2,4,3,3,2,4,3,3,2,4
P007036,0.75,padrao_1,sedentário,48,3,3,2,4,3,2,3,2,3,4,3,2,4,3,2,4,3,2,3,2
P010406,0.75,padrao_1,moderado,46,3,3,2,3,2,3,2,3,2,3,2,3,2,2,3,3,2,2,3,3
P010340,0.75,padrao_1,sedentário,52,3,3,2,4,3,2,4,3,2,3,3,4,2,3,4,2,3,3,2,4
P008257,0.75,padrao_1,moderado,51,3,3,2,3,3,2,3,2,3,2,3,2,3,3,2,3,2,3,2,3
P006465,0.75,padrao_1,moderado,49,3,2,3,2,3,2,3,2,2,3,2,3,3,2,3,2,3,2,3,2
P010075,0.75,padrao_1,moderado,55,3,3,2,3,2,4,3,2,3,2,3,4,2,3,2,3,2,3,2,3
P007219,0.75,padrao_1,moderado,51,3,3,2,3,2,3,3,2,3,2,3,2,3,2,3,3,2,3,2,3
P009987,0.75,padrao_1,sedentário,44,3,4,3,2,3,2,4,3,2,3,4,2,3,3,2,4,2,3,4,3
P009492,0.75,padrao_1,ativo,51,3,3,2,4,3,2,3,2,4,3,2,4,3,2,3,4,3,2,3,3
P003047,0.75,padrao_1,moderado,48,3,3,2,3,2,3,2,3,2,2,3,2,3,2,3,3,2,3,2,3
P006256,0.75,padrao_1,moderado,50,3,3,2,3,2,3,2,4,2,3,2,3,2,4,2,3,2,3,2,3
P008267,0.75,padrao_1,sedentário,51,3,3,2,3,2,4,3,2,3,3,2,4,3,2,3,4,2,3,3,2
P010211,0.75,padrao_1,moderado,48,3,2,2,3,2,3,2,3,2,3,2,3,2,2,3,2,3,2,3,2
P008252,0.75,padrao_1,moderado,52,3,3,2,3,2,2,3,2,3,3,2,3,2,3,2,3,2,3,2,3
P006422,0.75,padrao_1,moderado,47,3,3,2,3,4,3,2,3,2,3,3,4,2,3,2,3,4,2,3,2
P003774,0.75,padrao_1,moderado,51,2,3,3,2,2,3,2,4,3,2,3,2,3,2,3,2,3,3,2,3
P010576,0.75,padrao_1,moderado,56,3,3,4,3,2,3,2,3,4,3,2,3,4,3,2,3,4,3,4,3
P001081,0.75,padrao_1,moderado,50,3,3,2,4,3,2,4,3,2,3,2,3,4,3,2,4,3,2,4,3
P005256,0.75,padrao_1,moderado,47,3,3,2,3,2,3,2,3,2,4,2,3,3,2,4,3,2,3,2,3
P009675,0.75,padrao_1,ativo,53,3,3,2,3,2,3,2,4,3,2,3,2,3,4,2,3,3,4,2,3
P000565,0.75,padrao_1,moderado,49,3,3,4,2,3,3,4,2,3,2,4,3,2,3,4,3,2,3,4,3
P005615,0.75,padrao_1,moderado,50,3,3,2,3,2,2,3,2,3,3,2,2,3,2,3,3,2,3,2,3
P010458,0.75,padrao_1,moderado,52,3,2,3,2,3,2,3,2,3,3,2,3,4,2,3,2,3,2,3,3
P008367,0.75,padrao_1,ativo,51,3,3,2,3,2,3,4,2,3,2,3,2,3,2,3,4,3,2,2,3
P009579,0.75,padrao_1,moderado,49,3,3,2,3,2,3,2,2,3,2,3,2,3,2,3,2,3,2,3,2
P005720,0.75,padrao_1,moderado,51,2,3,2,3,2,3,2,3,2,3,2,3,2,3,2,3,2,3,2,3
P002446,0.75,padrao_1,moderado,50,3,3,2,3,2,3,2,3,2,2,3,2,3,3,2,3,2,3,2,3
P010192,0.75,padrao_1,moderado,51,3,4,3,2,3,2,3,4,3,2,3,4,2,3,3,2,3,4,2,3
P001094,0.75,padrao_1,moderado,48,3,3,2,3,2,3,2,3,2,3,2,3,2,3,2,3,2,2,3,3
P007987,0.75,padrao_1,moderado,52,3,3,2,3,2,3,2,2,3,2,3,2,3,3,2,3,2,3,2,3
P007481,0.75,padrao_1,moderado,54,3,2,3,2,3,2,3,1,3,2,2,3,2,3,2,3,2,3,1,2
P006127,0.75,padrao_1,moderado,50,3,3,2,3,2,3,2,2,3,2,3,3,2,3,2,3,2,3,3,2
P001861,0.75,padrao_1,moderado,46,3,4,2,3,4,3,2,3,2,3,4,3,2,3,4,2,3,4,2,3
P001494,0.75,padrao_1,moderado,57,3,3,4,2,3,3,4,2,3,2,3,4,2,3,3,2,3,4,2,3
P008660,0.75,padrao_1,sedentário,52,3,4,3,2,4,3,2,3,4,3,2,3,4,3,4,2,3,4,2,3
P007653,0.75,padrao_1,moderado,50,3,2,3,2,3,2,3,2,3,2,2,3,2,3,2,3,2,2,3,2
P002171,0.75,padrao_1,moderado,49,3,3,2,4,3,2,3,2,3,4,3,2,3,4,2,3,3,2,4,3
P001769,0.75,padrao_1,moderado,51,3,3,2,3,2,2,3,2,3,2,2,3,3,2,3,2,3,2,3,2
P001946,0.75,padrao_1,sedentário,46,3,3,2,3,2,3,2,3,2,3,4,3,2,3,2,3,2,3,4,3
P000237,0.75,padrao_1,moderado,52,3,2,3,2,2,3,2,4,3,2,3,2,3,2,3,2,3,4,2,3
P010078,0.75,padrao_1,moderado,52,3,2,3,2,4,3,2,3,3,2,4,3,2,3,3,2,4,3,2,4
P009536,0.75,padrao_1,moderado,47,3,3,2,2,3,2,3,3,2,2,3,2,3,2,3,2,3,2,2,3
P009025,0.75,padrao_1,moderado,51,3,2,3,2,2,3,2,2,3,2,3,2,2,3,2,2,3,2,3,2
P004395,0.75,padrao_1,moderado,47,3,3,2,2,3,2,2,3,2,3,2,3,3,2,2,3,2,3,2,3
P010740,0.75,padrao_1,sedentário,50,3,3,2,3,3,2,4,3,3,2,4,3,2,3,4,2,3,3,2,3
P005642,0.75,padrao_1,ativo,52,3,2,3,2,3,2,3,2,3,3,2,3,2,2,3,2,3,3,2,3
P006190,0.75,padrao_1,moderado,51,3,3,2,3,2,3,2,3,2,3,2,3,2,3,2,2,3,2,2,3
P001885,0.75,padrao_1,moderado,49,3,3,2,3,2,3,2,2,3,2,3,2,3,2,3,2,3,2,3,2
P000633,0.75,padrao_1,ativo,49,3,2,2,3,2,3,1,2,3,2,3,1,2,3,2,4,2,3,2,3
P004514,0.75,padrao_1,ativo,45,3,4,3,2,3,2,4,3,3,2,4,3,3,2,3,4,2,3,4,3
P004865,0.75,padrao_1,ativo,50,3,3,2,4,3,2,3,4,2,3,4,3,2,4,2,3,4,3,2,3
P010488,0.75,padrao_1,moderado,48,3,3,2,2,3,2,3,2,3,2,3,2,3,2,3,3,2,3,2,3
P006636,0.75,padrao_1,moderado,47,3,3,2,2,3,2,3,2,3,3,2,2,3,2,3,2,3,2,3,2
P007994,0.75,padrao_1,moderado,60,3,2,4,3,2,3,4,2,3,2,3,4,2,3,2,3,4,3,2,3
P004160,0.75,padrao_1,moderado,44,3,3,2,3,4,3,2,3,2,3,4,3,2,3,4,3,2,3,2,3
P007609,0.75,padrao_1,moderado,44,3,3,2,2,3,3,2,3,2,3,3,2,3,2,4,3,2,3,2,3
P000303,0.75,padrao_1,moderado,50,3,3,2,2,3,2,3,2,3,3,2,3,2,3,2,3,2,3,2,3
P009602,0.75,padrao_1,moderado,52,3,3,2,4,2,3,2,3,4,2,3,2,4,3,3,2,3,2,4,3
P008876,0.75,padrao_1,sedentário,56,3,3,4,3,4,3,4,3,4,3,3,4,3,4,3,4,3,4,3,4
P001828,0.75,padrao_1,moderado,50,3,3,2,3,2,3,2,3,2,3,2,2,3,3,2,3,2,3,2,3
P008343,0.75,padrao_1,moderado,55,3,2,3,4,2,3,3,2,3,2,3,4,2,3,2,3,3,2,3,2
P010755,0.75,padrao_1,sedentário,47,3,3,2,2,3,2,3,2,3,2,3,2,3,1,3,2,2,3,2,2
P002878,0.75,padrao_1,moderado,52,3,3,4,2,3,3,4,3,2,3,3,2,4,3,2,3,4,3,3,2
P009920,0.75,padrao_1,moderado,48,3,3,2,3,2,3,2,3,2,3,2,3,2,2,3,3,2,3,2,3
P003255,0.75,padrao_1,ativo,50,3,2,2,3,2,3,2,3,2,2,3,4,2,3,3,2,3,2,3,2
P007297,0.75,padrao_1,ativo,53,3,2,3,3,2,2,3,2,3,2,4,3,2,3,2,3,4,2,3,3
P001499,0.75,padrao_1,moderado,53,3,3,2,3,2,3,3,2,3,3,2,3,2,3,2,3,2,3,2,3
P002833,0.75,padrao_1,moderado,50,3,3,2,3,2,3,2,3,2,3,2,3,2,3,2,3,2,3,2,3
P006370,0.75,padrao_1,ativo,50,3,3,2,3,2,3,2,3,2,3,2,3,2,3,2,3,2,3,2,3
P009434,0.75,padrao_1,moderado,52,3,3,2,2,4,3,3,2,4,3,2,3,4,3,2,3,4,2,3,2
P002607,0.75,padrao_1,moderado,50,3,3,2,3,2,3,2,3,2,3,2,3,2,3,2,3,2,3,2,3
P003235,0.75,padrao_1,moderado,51,3,2,3,3,2,3,2,2,3,2,3,2,3,2,3,2,3,2,3,2
P002626,0.75,padrao_1,moderado,51,3,3,2,3,2,3,2,2,4,3,2,3,2,3,3,2,3,2,3,2
P010709,0.75,padrao_1,moderado,50,3,3,2,2,3,3,2,3,2,3,2,3,2,3,2,2,3,3,2,3
P000926,0.75,padrao_1,moderado,46,3,3,2,2,3,2,3,2,2,3,3,2,2,3,2,2,3,2,3,2
P000945,0.75,padrao_1,moderado,49,3,2,3,2,3,2,3,2,3,2,4,2,3,2,3,3,2,3,2,3
P000377,0.75,padrao_1,sedentário,55,3,2,3,4,3,2,3,4,3,2,3,4,2,3,3,2,4,3,2,3
P008720,0.75,padrao_1,moderado,50,3,3,2,3,2,3,2,2,3,2,3,3,2,3,2,3,2,3,3,2
P007442,0.75,padrao_1,moderado,52,3,3,2,3,2,3,2,3,2,2,3,3,2,3,2,2,3,3,2,3
P001105,0.75,padrao_1,moderado,52,3,3,2,4,3,2,3,2,4,3,2,3,4,2,3,4,2,3,3,4
P010063,0.75,padrao_1,moderado,49,3,3,2,2,3,2,3,2,2,3,2,3,2,3,2,3,2,3,2,3
P003378,0.75,padrao_1,sedentário,48,3,3,2,3,2,3,2,4,3,2,3,2,4,2,3,3,2,4,3,2
P005252,0.75,padrao_1,moderado,47,3,3,2,3,3,2,3,2,3,2,3,3,2,2,3,3,2,3,3,2
P007792,0.75,padrao_1,sedentário,45,3,3,2,4,3,2,3,3,2,4,2,3,3,2,4,3,2,3,3,2
P006046,0.75,padrao_1,moderado,48,3,3,2,3,2,3,2,3,2,3,2,3,2,3,2,4,3,2,3,3
P006133,0.75,padrao_1,moderado,50,3,3,2,2,3,2,3,2,3,2,2,3,3,1,3,2,2,3,2,3
P006119,0.75,padrao_1,sedentário,49,3,3,2,4,2,3,4,3,2,3,3,4,2,3,4,3,2,3,4,3
P008467,0.75,padrao_1,moderado,49,3,2,3,2,3,3,2,3,2,3,2,3,2,3,2,3,2,3,2,2
P000289,0.75,padrao_1,moderado,49,3,3,2,2,3,2,3,2,3,4,2,3,3,2,3,3,2,3,2,4
P003022,0.75,padrao_1,moderado,47,3,2,3,2,3,2,2,3,4,2,3,2,3,1,3,2,3,2,3,2
P005346,0.75,padrao_1,sedentário,50,3,2,3,2,3,2,3,2,3,3,2,2,3,3,2,3,2,3,3,2
P007235,0.75,padrao_1,moderado,49,3,2,3,2,3,2,3,2,4,3,3,2,3,2,3,2,3,2,3,2
P000190,0.75,padrao_1,moderado,47,3,3,2,3,2,3,2,3,2,4,3,3,2,3,2,4,2,3,2,3
P008073,0.75,padrao_1,moderado,51,3,2,2,3,2,3,2,3,2,3,2,3,2,3,2,3,2,3,2,3
P008560,0.75,padrao_1,moderado,54,3,2,3,4,3,2,3,2,4,2,3,4,3,2,3,3,2,4,3,2
P001137,0.75,padrao_1,moderado,50,3,3,2,3,2,3,2,3,2,3,2,3,2,3,2,3,3,2,2,3
P002879,0.75,padrao_1,moderado,50,3,2,3,3,2,3,2,3,2,3,2,4,3,2,3,4,3,2,3,3
P008681,0.75,padrao_1,moderado,53,3,3,2,3,2,3,3,2,3,2,3,2,3,3,2,3,2,3,2,3
P001585,0.75,padrao_1,moderado,52,3,3,2,3,2,3,2,2,3,3,2,3,2,3,2,3,2,3,2,3
P010294,0.75,padrao_1,sedentário,49,3,3,2,3,2,3,2,4,3,2,3,3,2,3,2,4,2,3,2,3
P001155,0.75,padrao_1,moderado,49,3,2,3,2,3,2,3,2,3,2,3,2,3,2,3,2,3,2,3,2
P003178,0.75,padrao_1,moderado,52,3,3,2,4,2,3,2,3,4,2,3,2,3,4,2,3,2,3,4,3
P004165,0.75,padrao_1,moderado,52,3,4,3,2,3,4,2,3,4,3,2,3,4,2,3,4,3,4,2,3
P004448,0.75,padrao_1,moderado,48,3,3,2,3,3,2,2,3,3,2,3,2,3,2,2,3,2,3,2,3
P003972,0.75,padrao_1,moderado,50,3,3,2,3,2,3,2,3,2,3,2,3,2,3,2,3,2,3,2,3
P009478,0.75,padrao_1,sedentário,48,3,2,3,2,3,2,4,3,2,3,2,3,4,2,3,3,2,3,4,2
P008846,0.75,padrao_1,moderado,50,3,3,2,3,2,3,2,2,3,2,3,2,3,2,3,4,3,3,2,3
P001980,0.75,padrao_1,moderado,48,3,3,2,3,2,3,2,3,2,3,2,3,2,3,2,3,2,3,3,2
P009781,0.75,padrao_1,sedentário,53,3,3,2,3,2,3,2,4,3,2,3,2,3,4,2,3,4,3,2,3
P003558,0.75,padrao_1,sedentário,48,3,4,3,2,3,4,2,3,4,3,2,3,4,2,3,4,3,2,4,3
P005289,0.75,padrao_1,ativo,53,3,2,3,3,2,3,2,3,3,2,3,2,3,2,3,2,3,3,2,3
P009558,0.75,padrao_1,moderado,49,3,2,3,2,3,2,3,2,3,2,3,2,3,2,3,2,3,2,3,2
P004642,0.75,padrao_1,moderado,50,3,3,2,3,2,3,2,3,2,4,3,3,2,3,2,3,4,3,2,3
P010733,0.75,padrao_1,moderado,51,3,3,2,3,2,3,2,4,3,2,3,2,3,4,2,3,2,3,2,3
P004892,0.75,padrao_1,moderado,46,3,3,2,3,3,2,3,2,3,2,3,2,3,1,3,2,3,1,3,2
P010710,0.75,padrao_1,moderado,50,3,3,2,3,2,3,2,3,2,3,2,3,2,3,2,3,2,3,2,3
P009641,0.75,padrao_1,moderado,49,3,2,3,2,3,2,3,2,3,2,4,2,3,2,3,1,3,2,3,2
P010176,0.75,padrao_1,sedentário,55,3,2,3,4,2,3,3,2,4,3,4,3,2,3,2,3,4,2,3,3
P006022,0.75,padrao_1,sedentário,48,3,3,2,2,3,3,2,3,2,3,2,4,3,2,3,3,2,3,2,3
P008640,0.75,padrao_1,ativo,52,3,3,2,3,2,2,3,2,3,2,3,2,3,2,3,2,3,3,2,3
P004240,0.75,padrao_1,moderado,52,3,3,2,3,4,3,2,3,3,3,2,4,2,3,3,2,4,3,2,3
P009660,0.75,padrao_1,sedentário,51,3,2,3,2,3,2,3,2,4,3,2,3,2,3,2,4,3,2,3,3
P003796,0.75,padrao_1,moderado,49,3,3,2,2,3,3,2,2,3,2,2,3,3,2,2,3,3,2,3,2
P009556,0.75,padrao_1,moderado,51,3,2,3,4,2,3,3,2,3,1,4,2,3,2,3,4,3,2,3,2
P010767,0.75,padrao_1,moderado,50,3,3,2,2,3,2,3,2,3,2,3,3,2,3,2,3,2,3,2,3
P003279,0.75,padrao_1,moderado,49,3,3,2,3,2,3,2,3,2,3,2,3,3,2,3,2,3,2,3,3
P003390,0.75,padrao_1,moderado,50,3,3,2,3,2,3,2,3,2,3,2,3,2,3,2,3,2,3,2,3
P001176,0.75,padrao_1,moderado,50,3,3,2,3,2,3,2,3,2,3,2,3,2,3,2,3,2,3,2,3
P006246,0.75,padrao_1,moderado,49,3,2,3,2,4,3,2,3,3,2,4,3,2,3,2,3,3,2,3,4
P006014,0.75,padrao_1,moderado,51,3,3,2,3,2,3,2,3,2,3,2,3,3,2,3,2,3,3,2,3
P000280,0.75,padrao_1,moderado,52,3,3,2,3,4,2,3,2,4,3,2,3,4,2,3,2,3,4,3,2
P005286,0.75,padrao_1,ativo,55,3,3,2,4,2,3,3,2,3,2,4,3,2,3,2,3,3,4,2,3
P005208,0.75,padrao_1,ativo,55,3,3,2,4,3,2,3,2,4,3,2,3,4,3,2,3,4,2,3,3
P005754,0.75,padrao_1,moderado,50,3,3,2,2,3,2,3,2,3,2,3,2,3,3,2,3,2,3,2,3
P010325,0.75,padrao_1,moderado,47,3,2,3,2,3,2,2,3,3,2,3,2,3,2,3,2,3,2,3,2
P000504,0.75,padrao_1,moderado,48,3,3,2,2,3,3,2,2,3,3,2,2,3,2,3,3,2,3,2,3
P000950,0.75,padrao_1,moderado,48,3,3,2,3,2,3,2,2,3,4,3,2,3,2,3,3,2,3,2,3
P010372,0.75,padrao_1,moderado,52,3,4,3,2,3,2,3,2,4,3,2,4,3,3,2,3,4,2,3,2
P001021,0.75,padrao_1,moderado,49,3,2,3,2,3,2,3,2,3,2,3,2,3,2,3,2,3,2,3,2
P007093,0.75,padrao_1,moderado,48,3,3,2,2,3,2,3,2,3,3,2,2,3,3,2,3,2,3,3,2
P004855,0.75,padrao_1,sedentário,57,3,2,3,4,2,3,4,2,3,4,3,2,3,4,2,3,4,2,3,4
P002641,0.75,padrao_1,moderado,48,3,3,2,3,2,3,2,3,3,2,4,2,3,2,3,3,2,3,2,3
P002091,0.75,padrao_1,moderado,51,3,2,3,3,2,2,3,2,3,2,3,2,3,2,3,2,3,2,3,2
P006735,0.75,padrao_1,moderado,48,3,3,2,3,4,2,3,2,3,3,4,2,3,3,2,3,4,2,3,3
P005065,0.75,padrao_1,moderado,46,3,3,2,3,2,3,2,3,2,3,3,2,3,2,3,2,3,2,3,2
P009020,0.75,padrao_1,moderado,44,3,3,2,3,4,3,2,3,2,3,4,3,2,3,4,3,2,3,3,4
P002900,0.75,padrao_1,moderado,46,3,3,2,2,3,3,2,3,2,3,2,3,2,3,2,3,2,3,3,2
P008698,0.75,padrao_1,moderado,50,3,3,2,3,2,3,2,3,2,2,3,3,2,3,2,3,2,3,2,3
P007595,0.75,padrao_1,sedentário,48,3,3,2,3,2,3,2,3,2,2,3,2,3,2,3,3,2,3,2,3
P001077,0.75,padrao_1,moderado,50,3,3,2,3,2,2,3,2,3,2,3,3,2,3,2,3,2,3,3,2
P009612,0.75,padrao_1,moderado,48,3,3,2,3,3,2,4,3,2,3,2,3,2,3,4,2,3,2,3,3
P000516,0.75,padrao_1,moderado,50,3,3,2,3,2,3,2,3,2,3,2,3,2,3,2,3,2,3,2,3
P007796,0.75,padrao_1,moderado,49,3,2,3,2,3,2,3,2,3,2,4,3,2,3,3,2,3,2,3,2
P003691,0.75,padrao_1,ativo,48,3,3,2,2,3,2,3,2,3,2,3,2,3,2,3,2,3,2,3,3
P003105,0.75,padrao_1,moderado,47,3,3,2,2,3,3,2,3,2,3,2,2,3,3,2,2,3,2,3,2
P006852,0.75,padrao_1,moderado,53,3,4,3,2,3,2,3,3,4,2,3,4,2,3,2,3,4,3,2,3
P009768,0.75,padrao_1,moderado,49,3,3,2,3,2,3,1,2,3,2,3,2,3,2,3,1,2,3,3,2
P008161,0.75,padrao_1,ativo,49,3,2,3,2,3,4,2,3,2,3,2,3,1,3,2,4,2,3,2,3
P007249,0.75,padrao_1,moderado,50,3,3,2,3,2,3,2,4,3,2,3,2,4,2,3,2,3,4,3,2
P002306,0.75,padrao_1,moderado,48,3,3,2,3,2,3,2,3,2,3,2,3,2,3,2,3,2,3,3,2
P004564,0.75,padrao_1,moderado,53,3,4,3,2,3,4,3,2,3,4,3,2,4,3,2,3,4,3,2,3
P009584,0.75,padrao_1,moderado,51,3,3,2,3,2,3,2,3,3,2,2,3,4,2,3,2,3,2,3,2
P007313,0.75,padrao_1,moderado,57,3,3,2,4,3,2,3,2,4,3,2,3,4,3,2,3,4,3,2,3
P010668,0.75,padrao_1,ativo,50,3,3,2,3,2,3,2,3,2,3,2,3,2,3,2,3,2,3,2,3
P009122,0.75,padrao_1,moderado,51,3,2,3,2,3,2,3,2,2,3,2,3,3,2,2,3,2,3,2,3
P001378,0.75,padrao_1,moderado,53,3,2,3,3,2,2,3,2,3,2,2,3,3,2,2,3,2,3,3,2
P004257,0.75,padrao_1,moderado,53,3,3,2,4,3,2,3,3,2,3,2,4,3,2,3,2,3,4,2,3
P005613,0.75,padrao_1,sedentário,49,3,4,2,3,2,3,4,2,3,3,4,2,3,2,4,3,4,2,3,4
P005291,0.75,padrao_1,ativo,49,3,4,2,3,4,2,3,4,3,2,3,4,2,3,4,2,3,4,2,3
P010712,0.75,padrao_1,moderado,52,3,3,2,2,3,2,3,2,2,3,2,3,2,3,1,2,3,3,2,3
P002231,0.75,padrao_1,moderado,51,2,3,2,3,2,3,2,3,2,3,2,3,2,3,2,3,2,3,2,3
P004780,0.75,padrao_1,moderado,47,3,3,2,3,2,3,4,2,3,3,4,2,3,2,3,4,3,2,3,2
P009766,0.75,padrao_1,moderado,43,3,3,2,2,3,3,2,3,2,3,2,3,2,2,3,3,2,2,3,2
P000979,0.75,padrao_1,moderado,49,3,2,3,2,3,2,3,2,3,2,3,2,3,2,3,2,3,2,3,2
P002123,0.75,padrao_1,moderado,47,3,3,2,2,3,3,2,3,3,2,3,2,3,2,3,2,3,2,3,3
P002746,0.75,padrao_1,moderado,56,3,3,2,4,3,2,4,3,2,3,2,4,3,4,2,3,4,3,2,3
P009949,0.75,padrao_1,moderado,50,3,3,2,3,4,3,2,3,4,3,2,3,3,4,2,3,3,2,4,3
P003177,0.75,padrao_1,moderado,49,3,3,2,3,2,3,2,2,3,2,3,2,3,2,3,2,3,2,3,2
P006501,0.75,padrao_1,sedentário,49,3,4,3,2,3,4,2,3,2,3,4,3,2,3,2,3,4,3,2,3
P006759,0.75,padrao_1,sedentário,51,3,3,2,4,3,2,3,2,2,3,3,2,4,3,2,3,3,2,3,4
P002905,0.75,padrao_1,moderado,50,3,3,2,3,2,3,2,3,2,3,2,3,2,3,2,3,2,3,2,3
P008683,0.75,padrao_1,moderado,50,3,3,2,3,2,3,3,2,3,2,3,2,3,2,3,2,3,2,3,2
P000821,0.75,padrao_1,ativo,52,3,3,2,3,2,3,2,3,4,2,3,3,2,3,2,3,3,2,2,3
P004770,0.75,padrao_1,moderado,48,3,3,2,3,2,3,2,3,2,3,4,3,2,3,2,3,2,3,2,3
P002132,0.75,padrao_1,moderado,48,3,2,3,2,3,3,2,3,2,3,2,3,2,3,2,3,2,3,3,2
P006419,0.75,padrao_1,sedentário,45,3,3,2,2,3,2,4,3,2,3,2,2,3,1,3,2,3,2,4,3
P010472,0.75,padrao_1,ativo,50,3,3,2,3,2,3,2,3,2,2,3,2,3,3,2,3,2,3,2,3
P000111,0.75,padrao_1,moderado,52,3,2,3,2,3,2,3,2,3,3,2,3,2,3,2,3,2,3,2,3
P005343,0.75,padrao_1,moderado,46,3,3,2,2,3,2,3,2,3,3,2,4,3,2,4,3,2,3,4,2
P002745,0.75,padrao_1,moderado,56,3,3,4,3,2,3,4,2,3,4,2,3,4,2,3,3,4,2,3,4
P006438,0.75,padrao_1,sedentário,50,3,3,2,4,3,3,2,4,3,2,3,4,2,3,2,4,3,2,3,4
P000243,0.75,padrao_1,moderado,49,3,2,3,2,2,3,2,3,2,2,3,2,3,2,2,3,2,3,2,2
P010531,0.75,padrao_1,moderado,50,3,3,2,3,2,2,3,3,4,2,3,3,2,2,3,3,2,3,2,3
P002281,0.75,padrao_1,moderado,50,3,3,2,3,2,3,2,3,2,3,2,3,2,3,2,3,2,3,2,3
P000196,0.75,padrao_1,moderado,48,3,3,2,3,2,3,2,2,3,2,3,2,3,2,3,3,2,3,3,2
P005078,0.75,padrao_1,moderado,51,3,2,3,2,3,2,3,2,2,3,1,3,2,2,3,2,3,2,2,3
P002571,0.75,padrao_1,ativo,50,3,4,3,2,3,4,2,3,4,3,2,3,4,2,3,3,2,4,3,2
P003269,0.75,padrao_1,sedentário,54,3,2,4,3,2,3,3,2,4,2,3,3,2,3,4,2,3,2,4,3
P009974,0.75,padrao_1,moderado,50,3,3,2,3,2,3,2,3,2,3,2,3,2,3,2,3,2,3,2,3
P006290,0.75,padrao_1,moderado,51,3,2,2,3,2,3,2,3,2,3,2,3,2,3,2,3,2,3,2,3
P005558,0.75,padrao_1,moderado,50,3,2,3,2,3,2,3,2,4,2,3,2,3,2,3,2,3,2,4,3
P007614,0.75,padrao_1,moderado,50,3,4,3,2,3,4,3,2,4,3,2,3,4,2,3,4,2,3,4,3
P003997,0.75,padrao_1,ativo,49,3,2,3,2,3,2,3,2,3,2,3,1,3,2,3,2,4,2,3,2
P001468,0.75,padrao_1,moderado,48,3,3,2,3,2,3,2,4,3,2,3,2,3,3,2,3,3,2,3,2
P008917,0.75,padrao_1,moderado,51,3,2,3,2,3,2,4,3,2,3,2,3,2,3,2,3,2,3,2,3
P000136,0.75,padrao_1,ativo,51,2,3,2,3,2,3,2,3,2,3,2,3,2,3,2,3,2,3,2,3
P003034,0.75,padrao_1,moderado,48,3,3,2,3,2,3,2,3,2,2,3,3,2,3,3,2,3,2,3,2
P010742,0.75,padrao_1,moderado,42,3,3,2,3,4,3,2,3,2,3,4,3,2,3,3,4,3,2,4,3
P006677,0.75,padrao_1,moderado,50,3,3,2,3,2,3,2,3,2,3,2,3,2,3,2,3,2,3,2,3
P000281,0.75,padrao_1,ativo,53,3,2,4,2,3,2,4,3,2,3,2,4,3,2,3,2,4,2,3,3
P005320,0.75,padrao_1,sedentário,59,3,3,4,3,2,4,3,2,3,4,2,3,4,3,2,3,4,3,2,3
P006467,0.75,padrao_1,moderado,43,3,4,3,2,4,3,2,3,3,4,2,3,3,2,4,3,2,3,4,3
P005594,0.75,padrao_1,ativo,48,3,4,3,2,3,4,2,3,4,2,3,3,4,2,3,4,3,2,4,3
P007110,0.75,padrao_1,moderado,50,3,3,2,3,2,3,2,3,2,3,2,2,3,3,2,3,2,3,2,3
P004089,0.75,padrao_1,moderado,50,3,2,3,2,3,2,3,2,3,2,3,2,3,2,3,3,2,3,2,3
P003978,0.75,padrao_1,moderado,49,3,3,2,3,2,3,2,4,2,3,2,3,4,2,3,1,2,3,4,3
P005096,0.75,padrao_1,moderado,52,2,3,2,3,2,3,2,3,2,3,2,3,2,4,2,3,2,3,2,3
P002058,0.75,padrao_1,moderado,48,3,2,3,2,3,2,3,2,2,3,2,3,3,1,3,2,3,2,3,2
P007189,0.75,padrao_1,sedentário,49,3,2,3,2,3,3,2,4,3,2,3,2,3,4,3,2,3,2,4,3
P006724,0.75,padrao_1,moderado,52,3,2,3,2,3,3,2,2,3,2,3,2,3,3,2,3,2,3,2,3
P006731,0.75,padrao_1,ativo,50,2,3,2,3,2,3,2,3,2,3,2,3,2,3,2,2,3,2,3,2
P001443,0.75,padrao_1,moderado,47,3,3,2,3,4,2,3,2,4,3,2,3,3,2,4,3,2,3,4,3
P002889,0.75,padrao_1,ativo,52,3,2,4,3,3,2,4,3,2,3,2,4,3,2,4,3,2,3,2,3
P005285,0.75,padrao_1,moderado,48,3,2,3,2,3,2,3,3,2,3,2,2,3,3,2,3,2,3,3,2
P005925,0.75,padrao_1,moderado,50,2,3,2,3,2,3,2,3,2,3,2,3,2,3,2,2,3,2,3,2
P006285,0.75,padrao_1,sedentário,54,3,3,2,4,3,2,3,2,4,3,2,3,2,4,3,2,3,2,3,4
P006622,0.75,padrao_1,moderado,50,3,3,2,3,2,3,2,3,2,3,2,3,2,3,2,3,2,3,2,3
P008849,0.75,padrao_1,moderado,54,3,2,3,2,3,2,3,2,3,1,2,3,2,3,2,3,2,3,2,3
P000982,0.75,padrao_1,moderado,53,3,3,2,3,2,4,3,2,3,2,3,2,4,3,2,3,2,3,4,3
P001135,0.75,padrao_1,sedentário,57,3,3,2,3,2,3,4,2,3,2,3,2,4,3,2,3,4,3,2,3
P008967,0.75,padrao_1,moderado,53,3,3,2,4,2,3,2,3,3,2,4,3,2,3,2,3,4,3,2,3
P007541,0.75,padrao_1,moderado,49,3,2,3,2,3,2,3,2,3,2,3,2,3,2,3,2,3,2,3,2
P003822,0.75,padrao_1,moderado,52,3,4,3,2,3,4,2,3,4,3,3,2,4,3,2,3,4,2,3,4
P002481,0.75,padrao_1,moderado,50,3,3,2,3,2,3,2,3,2,3,2,3,2,3,2,3,2,4,3,3
P007363,0.75,padrao_1,sedentário,50,3,3,2,3,2,4,2,3,2,3,2,4,3,2,3,3,2,4,3,2
P003326,0.75,padrao_1,moderado,52,3,4,2,3,3,2,4,3,2,3,2,4,3,2,3,2,4,3,2,3
P005824,0.75,padrao_1,moderado,49,3,3,2,3,2,3,2,2,3,2,3,2,2,3,3,2,3,2,3,2
P010257,0.75,padrao_1,ativo,47,3,2,3,2,3,3,2,4,2,3,2,3,3,2,2,3,2,3,4,3
P001441,0.75,padrao_1,moderado,45,3,3,2,3,4,2,3,3,2,4,2,3,3,2,3,2,3,3,4,2
P000199,0.75,padrao_1,moderado,51,3,3,2,2,3,3,2,2,3,2,2,3,3,2,2,3,2,3,2,3
P010543,0.75,padrao_1,ativo,51,3,2,3,2,3,2,4,1,3,2,3,2,4,1,3,2,3,2,4,3
P004199,0.75,padrao_1,ativo,50,3,3,4,3,2,4,3,3,2,4,3,2,4,3,2,4,3,2,4,3
P010082,0.75,padrao_1,ativo,49,3,2,3,2,3,2,3,2,3,2,3,2,3,2,3,2,3,2,3,2
P008421,0.75,padrao_1,moderado,48,3,3,2,2,4,3,2,3,2,3,2,4,3,2,3,3,2,3,2,4
P009758,0.75,padrao_1,sedentário,48,3,4,3,2,3,4,2,3,4,3,2,3,4,2,3,4,2,3,4,3
P000812,0.75,padrao_1,ativo,44,3,3,2,3,4,2,3,2,2,3,4,3,2,3,4,2,3,3,4,2
P003588,0.75,padrao_1,moderado,52,3,3,2,3,2,3,2,2,4,3,2,3,2,3,2,3,4,2,3,2
P006160,0.75,padrao_1,ativo,50,3,3,2,3,2,4,3,2,3,2,4,3,2,3,4,3,2,4,3,2
P008472,0.75,padrao_1,moderado,48,3,2,3,2,3,4,2,3,4,2,3,1,2,3,4,3,1,3,2,3
P007705,0.75,padrao_1,sedentário,56,3,3,2,4,2,3,2,3,4,3,2,3,2,4,3,2,3,3,2,4
P005186,0.75,padrao_1,moderado,48,3,3,2,2,3,3,2,3,4,3,2,3,4,2,3,3,2,3,4,3
P009646,0.75,padrao_1,moderado,49,3,2,3,2,3,2,3,2,3,2,3,2,3,2,3,2,3,2,3,2
P008918,0.75,padrao_1,moderado,56,3,2,3,3,2,4,3,2,3,2,3,2,4,3,2,3,2,4,3,2
P001746,0.75,padrao_1,moderado,58,3,3,4,3,2,3,4,2,3,3,2,3,4,2,3,3,4,3,2,3
P002148,0.75,padrao_1,sedentário,49,3,3,2,3,2,2,3,3,2,2,3,2,2,3,2,3,2,3,2,3
P007085,0.75,padrao_1,moderado,48,3,2,3,2,3,2,3,3,2,3,3,2,2,3,2,3,2,3,2,3
P008959,0.75,padrao_1,moderado,54,3,2,3,3,2,3,4,2,3,2,3,2,3,3,4,2,3,2,3,3
P004757,0.75,padrao_1,sedentário,61,3,2,3,4,2,3,4,2,3,3,2,4,3,2,3,2,4,3,2,4
P006911,0.75,padrao_1,moderado,48,3,3,2,3,2,3,2,3,2,3,2,3,2,3,3,2,3,2,3,2
P008510,0.75,padrao_1,moderado,61,3,2,3,4,2,3,3,2,3,2,2,3,4,3,3,2,3,4,2,3
P009279,0.75,padrao_1,ativo,46,3,3,2,4,3,2,3,4,2,3,4,2,3,3,2,4,3,2,3,4
P007861,0.75,padrao_1,moderado,52,3,2,3,3,2,3,2,3,2,3,2,3,2,3,2,3,2,3,2,3
P003699,0.75,padrao_1,ativo,52,3,2,3,2,3,4,2,3,3,2,3,2,4,3,2,3,2,4,3,2
P008576,0.75,padrao_1,moderado,47,3,3,2,3,2,3,2,3,2,2,3,2,3,2,3,2,3,2,3,2
P007488,0.75,padrao_1,ativo,50,3,4,2,3,2,3,4,2,3,2,3,4,3,2,3,4,2,3,4,3
P008444,0.75,padrao_1,moderado,53,3,3,2,3,2,3,4,2,3,2,3,4,3,2,3,2,3,2,3,2
P007089,0.75,padrao_1,moderado,50,3,3,2,3,2,3,2,3,2,3,2,3,2,3,2,3,2,3,2,3
P001694,0.75,padrao_1,moderado,48,3,3,2,3,2,3,3,2,2,3,3,2,3,2,3,2,3,2,3,2
P001422,0.75,padrao_1,moderado,47,3,3,2,2,3,2,3,2,3,2,3,2,3,2,3,2,3,2,3,2
P004075,0.75,padrao_1,moderado,56,3,3,2,4,2,3,4,3,2,3,2,3,4,3,2,3,4,2,3,4
P003656,0.75,padrao_1,ativo,50,3,4,3,2,3,2,4,3,2,3,4,2,3,4,3,2,4,3,2,3
P008170,0.75,padrao_1,moderado,52,3,2,3,3,2,3,2,3,2,3,2,3,2,3,2,3,2,3,2,3
P003025,0.75,padrao_1,moderado,50,3,3,2,2,3,3,2,2,3,2,3,2,3,2,3,2,3,3,2,3
P005232,0.75,padrao_1,sedentário,49,3,2,3,2,3,2,3,2,3,2,3,2,3,2,3,2,3,2,3,2
P000391,0.75,padrao_1,moderado,52,3,3,2,3,2,2,4,3,2,3,2,3,4,3,2,2,3,2,3,2
P004326,0.75,padrao_1,ativo,50,3,2,3,2,4,3,3,2,3,2,4,2,3,3,4,2,3,2,3,4
P002793,0.75,padrao_1,moderado,53,3,3,2,3,2,4,3,2,3,2,4,3,2,3,2,3,2,3,2,3
P004731,0.75,padrao_1,sedentário,48,3,2,3,3,2,3,2,3,2,3,3,2,3,2,3,2,3,2,3,2
P006930,0.75,padrao_1,moderado,46,3,2,3,4,3,2,3,4,2,3,3,2,4,2,3,4,3,2,4,3
P005804,0.75,padrao_1,ativo,53,3,4,2,3,3,2,4,3,3,2,3,4,2,3,3,2,4,3,2,3
P004774,0.75,padrao_1,ativo,55,3,2,3,4,2,3,4,2,3,4,2,3,2,4,3,3,2,4,3,2
P001656,0.75,padrao_1,moderado,47,3,3,2,2,3,2,3,2,3,2,3,2,3,2,3,2,3,2,3,2
P005372,0.75,padrao_1,moderado,51,3,3,2,3,2,3,2,4,3,2,3,2,3,2,3,2,4,3,2,3
P001582,0.75,padrao_1,moderado,51,3,3,2,3,2,3,2,3,2,3,2,3,2,4,2,3,2,3,2,3
P008816,0.75,padrao_1,moderado,50,3,3,2,3,2,3,2,3,2,2,3,3,2,3,2,3,2,3,2,3
P005422,0.75,padrao_1,ativo,52,3,2,3,4,2,3,2,3,3,4,2,3,4,2,3,3,2,4,3,2
P001098,0.75,padrao_1,moderado,50,3,2,3,2,4,3,4,2,3,3,2,3,4,2,3,3,2,3,4,2
P003853,0.75,padrao_1,moderado,52,3,3,2,3,2,2,3,3,2,2,3,2,3,3,2,2,3,3,2,3
P009313,0.75,padrao_1,muito ativo,48,3,2,2,2,3,2,3,2,3,2,3,2,3,2,3,2,3,2,3,2
P007732,0.75,padrao_1,moderado,51,3,3,4,2,3,3,4,2,3,2,3,4,3,2,3,4,2,3,4,3
P009822,0.75,padrao_1,moderado,53,3,3,2,4,2,3,2,3,3,2,4,3,2,3,3,2,4,3,2,3
P009697,0.75,padrao_1,moderado,47,3,3,2,3,2,3,2,4,2,3,2,3,2,3,4,3,2,3,2,3
P003213,0.75,padrao_1,moderado,48,3,3,2,3,2,3,4,3,2,3,2,3,3,2,3,4,3,2,3,2
P008708,0.75,padrao_1,moderado,49,3,2,3,2,4,3,2,3,2,3,4,3,2,3,3,2,3,4,2,3
P004432,0.75,padrao_1,moderado,50,2,3,2,3,2,2,3,3,2,3,2,4,3,2,3,2,3,2,3,2
P000940,0.75,padrao_1,ativo,57,3,2,3,2,3,2,4,1,3,2,3,4,2,3,1,3,2,4,2,3
P009249,0.75,padrao_1,moderado,52,3,3,2,3,2,3,3,2,2,3,2,3,2,3,2,3,2,3,2,3
P006985,0.75,padrao_1,sedentário,49,3,3,2,4,2,3,3,2,3,2,4,3,2,3,4,3,2,3,4,3
P006940,0.75,padrao_1,moderado,47,3,3,2,2,3,2,3,4,3,2,3,2,4,3,2,3,2,3,4,3
P003116,0.75,padrao_1,moderado,52,3,4,2,3,2,3,4,3,4,2,3,1,4,3,2,4,3,2,3,4
P007243,0.75,padrao_1,moderado,46,3,3,2,4,3,2,3,3,2,4,2,3,3,2,4,3,2,4,3,2
P006037,0.75,padrao_1,moderado,50,3,3,2,3,2,3,2,2,3,3,2,2,3,2,3,2,3,2,3,3
P003882,0.75,padrao_1,sedentário,49,3,3,2,3,2,3,3,2,3,2,4,2,3,2,3,2,3,2,3,2
P008144,0.75,padrao_1,moderado,48,3,3,2,2,3,2,3,3,2,2,3,2,3,1,3,2,3,4,2,3
P010530,0.75,padrao_1,moderado,48,3,3,2,3,2,3,2,3,2,3,2,3,2,3,2,3,3,2,3,2
P008663,0.75,padrao_1,moderado,49,3,3,2,4,3,2,3,3,2,4,3,2,3,4,3,2,4,3,3,2
P008507,0.75,padrao_1,moderado,50,3,3,2,3,2,3,2,3,2,3,2,3,2,3,2,3,2,3,2,3
P007863,0.75,padrao_1,moderado,50,2,3,2,3,2,2,3,2,3,2,3,2,3,2,3,2,3,2,3,2
P004434,0.75,padrao_1,moderado,46,3,3,2,3,2,3,2,3,2,3,3,2,3,2,3,2,3,2,3,2
P005381,0.75,padrao_1,sedentário,55,3,3,2,4,3,2,3,2,4,3,3,2,3,4,3,2,4,3,2,3
P000103,0.75,padrao_1,moderado,51,3,2,2,3,2,3,2,3,2,3,2,3,2,3,2,3,2,3,2,3
P007837,0.75,padrao_1,moderado,52,3,3,4,2,3,2,3,2,3,2,3,4,2,3,2,3,2,4,3,2
P004189,0.75,padrao_1,moderado,52,3,2,3,2,3,2,3,2,3,2,3,3,2,3,2,3,2,3,2,3
P003838,0.75,padrao_1,ativo,49,3,2,3,2,3,2,3,2,3,2,3,2,3,2,3,2,3,2,3,2
P010131,0.75,padrao_1,moderado,48,3,3,2,3,2,3,2,3,2,3,2,3,2,3,3,2,3,2,3,2
P010614,0.75,padrao_1,moderado,52,3,3,2,3,2,3,2,2,3,3,2,3,2,3,2,3,2,3,2,3
P000567,0.75,padrao_1,moderado,53,3,2,2,3,3,2,4,3,2,3,2,3,2,3,3,2,3,4,2,3
P009206,0.75,padrao_1,ativo,47,3,2,3,4,3,2,4,3,2,3,4,3,2,3,4,3,2,3,4,3
P005733,0.75,padrao_1,moderado,48,3,3,2,2,3,2,3,2,2,3,2,3,2,3,2,2,3,2,3,2
P005119,0.75,padrao_1,moderado,48,3,3,2,2,3,3,2,3,2,3,2,3,2,3,3,2,2,3,2,3
P000376,0.75,padrao_1,moderado,47,3,2,3,2,4,3,2,3,3,2,4,3,2,3,1,3,2,3,4,2
P004259,0.75,padrao_1,moderado,49,3,3,2,3,2,3,2,2,3,4,2,3,3,2,3,2,3,2,3,2
P002824,0.75,padrao_1,sedentário,50,3,3,2,3,2,3,2,3,2,3,2,3,2,3,2,3,2,3,2,3
P000546,0.75,padrao_1,moderado,46,3,3,2,2,3,2,2,3,2,3,2,2,3,2,3,2,3,3,2,2
P002311,0.75,padrao_1,sedentário,51,3,2,3,2,3,3,2,3,2,3,2,3,3,2,3,2,3,3,2,3
P005588,0.75,padrao_1,moderado,50,3,3,2,3,2,3,2,3,3,2,2,3,2,3,2,3,2,3,3,2
P008459,0.75,padrao_1,moderado,49,3,2,3,2,3,2,3,2,3,2,3,2,3,2,3,2,3,2,3,2
P001009,0.75,padrao_1,moderado,56,3,3,2,4,3,2,3,2,4,3,2,3,4,3,2,3,4,2,3,4
P005793,0.75,padrao_1,ativo,49,3,2,3,2,3,2,2,3,2,3,2,3,2,3,2,3,2,3,2,3
P009319,0.75,padrao_1,moderado,48,3,3,2,3,4,3,2,3,2,3,2,3,4,3,2,3,2,3,3,2
P007658,0.75,padrao_1,moderado,50,3,3,2,3,2,3,2,3,2,3,2,3,2,3,2,3,2,3,2,3
P008987,0.75,padrao_1,sedentário,50,3,2,3,2,3,2,4,3,2,3,4,2,3,2,3,2,4,3,2,3
P005847,0.75,padrao_1,moderado,48,3,3,4,2,3,4,2,3,2,3,4,2,3,4,2,3,2,3,4,3
P007259,0.75,padrao_1,moderado,45,3,3,2,3,2,2,3,3,2,3,2,3,2,2,3,3,2,2,3,2
P005933,0.75,padrao_1,moderado,52,3,3,2,4,2,3,2,3,2,3,2,4,3,2,3,2,3,4,3,2
P003532,0.75,padrao_1,ativo,51,3,2,3,2,3,2,3,4,2,3,2,3,4,3,2,3,4,2,3,3
P005910,0.75,padrao_1,moderado,52,3,4,3,2,4,3,2,3,4,3,2,3,4,3,2,3,4,2,3,4
P005133,0.75,padrao_1,moderado,52,3,3,4,2,3,2,3,2,4,3,2,3,4,2,3,4,3,2,3,4
P002618,0.75,padrao_1,moderado,49,3,3,4,2,3,3,2,4,3,2,3,4,3,2,3,4,3,2,3,4
P002498,0.75,padrao_1,moderado,47,2,3,2,3,3,2,3,2,3,2,3,2,3,2,4,3,2,3,3,2
P010238,0.75,padrao_1,ativo,55,3,3,4,2,3,4,2,3,4,3,2,3,4,3,2,3,4,2,3,3
P006835,0.75,padrao_1,ativo,50,3,4,3,2,3,4,2,3,2,3,4,2,3,4,2,3,4,3,2,3
P005993,0.75,padrao_1,moderado,47,3,3,2,4,3,3,2,3,2,4,3,3,2,4,3,3,2,4,3,2
P008845,0.75,padrao_1,moderado,52,3,2,4,3,2,3,4,3,2,3,3,2,4,3,2,4,3,2,4,3
P001870,0.75,padrao_1,moderado,50,3,3,2,3,2,3,2,3,2,3,2,3,2,3,2,3,2,3,2,3
P007465,0.75,padrao_1,moderado,50,3,3,2,3,2,3,2,2,3,2,3,2,3,3,2,3,2,3,3,2
P007777,0.75,padrao_1,moderado,49,3,2,3,2,4,3,2,3,2,3,2,3,3,2,3,2,4,2,3,3
P006430,0.75,padrao_1,sedentário,46,3,2,2,3,2,3,2,3,2,3,2,2,3,2,3,4,2,3,3,2
P000496,0.75,padrao_1,moderado,52,3,3,2,3,2,3,3,2,3,2,2,3,3,2,3,2,3,2,3,2
P009894,0.75,padrao_1,moderado,50,3,3,2,3,2,3,2,2,3,3,2,2,3,3,4,2,3,2,3,3
P002914,0.75,padrao_1,moderado,50,3,3,2,3,2,3,2,3,2,3,2,3,2,3,2,3,2,3,2,3
P001044,0.75,padrao_1,moderado,50,3,3,2,3,2,3,2,3,2,3,2,3,2,3,2,3,2,3,2,3
P004857,0.75,padrao_1,moderado,50,3,2,2,3,2,3,2,3,2,3,2,3,2,4,3,2,2,3,3,2
P002791,0.75,padrao_1,moderado,51,3,3,2,3,2,3,2,2,3,2,3,2,3,2,2,3,2,3,2,3
P002871,0.75,padrao_1,moderado,53,3,3,2,3,2,4,2,3,3,2,3,2,4,3,2,3,2,3,2,3
P008426,0.75,padrao_1,moderado,48,3,2,3,2,3,2,3,3,2,3,2,3,2,3,2,3,2,3,4,3
P000677,0.75,padrao_1,sedentário,48,3,3,2,4,3,2,3,4,2,3,3,2,4,3,2,4,3,2,3,4
P003776,0.75,padrao_1,moderado,59,3,3,4,3,2,3,4,2,3,2,3,4,2,3,3,2,4,3,2,3
P004111,0.75,padrao_1,moderado,50,3,2,3,3,2,2,3,3,2,3,2,2,3,3,2,3,3,2,3,2
P005048,0.75,padrao_1,moderado,50,3,3,2,3,2,3,2,3,2,3,2,3,2,3,2,3,2,3,2,3
P000779,0.75,padrao_1,moderado,50,3,3,2,3,2,3,3,2,3,2,3,2,3,2,3,2,3,2,3,2
P000390,0.75,padrao_1,moderado,49,3,3,2,3,2,3,2,2,3,2,3,2,3,2,3,2,3,2,3,2
P005553,0.75,padrao_1,sedentário,53,3,3,2,4,3,2,3,2,4,3,2,3,4,2,3,3,4,2,3,3
P004056,0.75,padrao_1,moderado,49,3,3,2,3,2,2,3,2,3,2,3,2,3,2,3,2,3,2,3,2
P000653,0.75,padrao_1,moderado,46,3,2,2,3,3,2,2,3,2,3,4,2,3,2,3,2,3,2,3,4
P000871,0.75,padrao_1,moderado,52,3,2,3,3,2,3,2,3,2,3,2,3,2,3,2,3,2,3,2,3
P002612,0.75,padrao_1,moderado,51,3,2,3,2,3,2,3,2,3,2,3,3,2,3,2,2,3,2,3,2
P001641,0.75,padrao_1,moderado,48,3,4,3,2,3,2,4,3,2,3,2,3,4,2,3,3,4,2,3,2
P007353,0.75,padrao_1,moderado,51,3,2,3,2,3,2,3,2,3,2,3,2,2,3,2,3,2,3,2,3
P002272,0.75,padrao_1,moderado,49,3,2,3,2,2,3,2,3,2,3,2,3,3,2,2,3,2,3,3,2
P006412,0.75,padrao_1,moderado,52,3,3,2,3,2,3,3,2,2,3,2,2,3,4,3,3,2,3,2,3
P005267,0.75,padrao_1,moderado,56,3,3,2,4,2,3,4,2,3,3,2,4,3,3,2,4,2,3,3,4
P007723,0.75,padrao_1,moderado,50,3,3,2,3,2,3,2,2,3,2,3,3,2,3,2,3,3,2,3,2
P000229,0.75,padrao_1,moderado,47,3,3,2,3,2,3,2,3,3,2,3,2,2,3,2,3,2,2,3,2
P001783,0.75,padrao_1,moderado,51,3,3,2,2,3,2,3,2,2,3,2,3,2,3,2,2,3,3,2,3
P010064,0.75,padrao_1,moderado,48,3,3,2,3,3,2,3,2,2,3,2,3,2,3,2,3,3,2,3,2
P005511,0.75,padrao_1,moderado,49,3,3,2,3,2,3,2,3,3,2,3,2,3,3,2,3,2,3,3,2
P001621,0.75,padrao_1,moderado,47,3,3,2,4,3,2,3,3,2,4,3,2,3,3,4,2,3,2,3,4
P004561,0.75,padrao_1,moderado,49,3,3,2,4,2,3,3,2,3,2,4,2,3,2,3,4,3,2,3,3
P002570,0.75,padrao_1,sedentário,50,3,2,3,3,2,3,2,3,2,3,1,2,3,2,3,2,3,2,3,2
P003552,0.75,padrao_1,moderado,50,3,3,2,3,2,3,2,3,2,3,2,3,2,3,2,3,2,3,2,3
P002257,0.75,padrao_1,sedentário,53,3,2,3,2,3,2,3,2,4,3,3,2,4,2,3,2,3,3,2,3
P008038,0.75,padrao_1,moderado,49,3,4,3,2,3,2,3,3,4,2,3,2,3,4,2,3,3,2,4,3
P006557,0.75,padrao_1,moderado,50,3,2,3,2,3,2,3,2,3,2,3,2,3,2,3,1,3,2,3,2
P009729,0.75,padrao_1,moderado,50,3,3,2,3,2,3,2,3,2,3,2,3,2,3,2,3,2,3,2,3
P003708,0.75,padrao_1,moderado,52,3,3,2,4,3,2,3,2,4,3,2,3,2,3,2,4,3,2,3,4
P006444,0.75,padrao_1,moderado,45,3,3,2,3,2,3,2,3,2,3,4,2,3,2,3,2,3,2,3,2
P002066,0.75,padrao_1,sedentário,44,3,4,3,2,4,3,2,4,3,3,2,4,3,2,3,4,2,3,4,3
P007241,0.75,padrao_1,ativo,49,3,3,2,3,2,3,2,2,3,3,2,2,3,2,3,2,3,2,3,2
P002760,0.75,padrao_1,moderado,50,3,3,2,3,2,3,2,3,2,3,2,2,3,2,3,2,3,3,2,3
P009410,0.75,padrao_1,ativo,50,3,2,3,2,4,3,2,3,4,3,2,3,4,2,3,3,2,4,3,2
P010148,0.75,padrao_1,ativo,51,3,3,2,2,3,2,4,2,3,3,2,3,4,2,3,3,4,2,3,3
P009897,0.75,padrao_1,sedentário,49,3,4,3,2,3,4,3,2,4,3,2,3,3,2,4,3,2,3,4,3
P002915,0.75,padrao_1,moderado,49,3,3,2,4,3,2,3,2,3,4,2,3,3,2,4,3,2,3,3,4
P006075,0.75,padrao_1,moderado,49,3,2,3,2,3,2,3,2,3,2,3,2,3,2,3,2,3,2,3,2
P010029,0.75,padrao_1,moderado,50,3,3,2,3,2,3,2,3,2,3,2,3,3,2,3,2,3,2,2,3
P006238,0.75,padrao_1,moderado,52,3,3,2,3,2,3,2,3,3,2,2,3,2,3,2,3,2,3,2,3
P002926,0.75,padrao_1,moderado,45,3,4,3,2,3,4,2,3,3,2,4,3,3,2,4,3,2,3,4,3
P000849,0.75,padrao_1,moderado,46,3,4,3,2,3,2,4,3,2,3,2,4,3,2,3,4,2,3,4,3
P001126,0.75,padrao_1,moderado,50,3,3,2,3,2,3,2,3,2,3,2,3,2,3,2,3,2,3,2,3
P004040,0.75,padrao_1,moderado,48,3,3,4,2,3,4,2,3,3,4,2,3,4,2,3,4,3,2,4,3
P003688,0.75,padrao_1,sedentário,51,2,3,2,3,2,2,3,2,3,2,3,2,2,3,2,2,3,2,3,2
P010366,0.75,padrao_1,moderado,51,3,2,3,2,3,2,3,2,3,2,2,3,3,2,2,3,2,3,3,2
P006947,0.75,padrao_1,sedentário,51,3,3,2,3,2,3,2,3,2,2,3,2,3,4,3,2,3,2,2,3
P002932,0.75,padrao_1,moderado,48,3,3,2,3,2,3,2,3,2,3,2,3,2,3,2,3,2,3,3,2
P002994,0.75,padrao_1,moderado,53,3,4,3,2,3,4,3,2,3,3,2,4,3,2,3,3,2,4,3,4
P001028,0.75,padrao_1,moderado,48,3,4,3,2,3,2,4,3,2,3,4,3,4,2,3,2,3,4,3,2
P003581,0.75,padrao_1,moderado,51,3,3,2,4,3,2,3,2,4,3,2,3,2,4,3,3,2,3,4,3
P004242,0.75,padrao_1,moderado,50,3,2,3,2,3,3,2,3,2,3,2,3,2,3,2,3,2,3,2,3
P002098,0.75,padrao_1,moderado,48,3,3,2,3,2,3,2,3,3,2,3,2,3,2,3,2,3,2,3,2
P003167,0.75,padrao_1,ativo,57,3,2,4,3,2,3,3,2,4,3,2,3,4,2,3,3,4,2,3,3
P004269,0.75,padrao_1,moderado,51,3,3,2,3,2,3,3,2,2,3,2,3,4,2,3,2,3,2,4,3
P006868,0.75,padrao_1,moderado,50,3,3,2,3,2,3,2,3,2,3,2,3,2,3,2,3,2,3,2,3
P005064,0.75,padrao_1,moderado,47,3,2,3,2,3,2,2,3,3,2,3,2,3,3,2,3,2,2,3,2
P005386,0.75,padrao_1,moderado,46,3,3,2,3,2,3,2,3,2,4,3,2,3,2,3,3,2,3,2,3
P003901,0.75,padrao_1,moderado,50,3,2,3,2,3,2,4,3,2,3,2,3,4,2,3,2,3,2,3,2
P002260,0.75,padrao_1,moderado,55,3,3,4,3,2,3,4,2,3,3,2,4,3,3,2,4,3,2,4,3
P000073,0.75,padrao_1,moderado,48,3,2,3,2,3,2,3,3,2,3,2,3,2,3,4,2,3,2,3,3
P004224,0.75,padrao_1,moderado,52,3,2,3,3,2,3,2,3,2,3,2,3,2,3,2,3,2,3,2,3
P005950,0.75,padrao_1,moderado,50,3,3,2,3,2,3,2,3,2,3,2,3,2,3,2,3,2,3,2,3
P005239,0.75,padrao_1,ativo,54,3,3,4,2,3,4,2,3,4,3,2,2,3,4,3,2,3,4,3,2
P000735,0.75,padrao_1,ativo,50,3,4,3,2,3,4,3,2,4,3,2,4,3,2,3,4,3,2,4,3
P010781,0.75,padrao_1,moderado,47,3,3,2,2,3,2,3,2,3,2,3,2,3,2,3,2,3,2,3,2
P001163,0.75,padrao_1,moderado,48,3,2,3,2,4,2,3,2,3,2,3,2,4,2,3,2,3,2,4,2
P010428,0.75,padrao_1,moderado,51,3,2,3,2,3,2,3,2,3,2,2,3,3,2,3,2,3,2,3,2
P007375,0.75,padrao_1,moderado,50,3,4,3,2,4,3,2,3,4,3,2,3,4,3,2,4,3,2,3,4
P005898,0.75,padrao_1,moderado,52,3,3,2,3,2,3,3,2,3,2,2,3,3,2,3,2,3,2,3,2
P005514,0.75,padrao_1,moderado,46,3,3,2,4,3,2,3,4,2,3,4,3,2,3,4,2,3,4,3,2
P003987,0.75,padrao_1,moderado,49,3,2,3,2,3,2,3,2,3,2,3,2,3,2,3,2,3,2,3,2
P009961,0.75,padrao_1,moderado,46,3,3,2,3,2,3,2,3,2,3,4,2,3,2,3,2,3,2,3,3
P001274,0.75,padrao_1,moderado,53,3,2,3,2,4,3,3,2,3,2,4,3,2,3,2,3,4,3,2,3
P000256,0.75,padrao_1,moderado,48,3,3,2,3,2,3,2,3,3,2,3,2,3,2,3,2,3,2,3,2
P004267,0.75,padrao_1,moderado,48,3,3,2,3,2,3,2,3,2,3,2,3,3,2,3,2,3,2,3,2
P004348,0.75,padrao_1,moderado,50,3,3,2,3,2,2,3,3,2,3,2,3,2,3,2,3,2,3,2,3
P006773,0.75,padrao_1,sedentário,55,3,2,3,2,3,2,3,2,4,3,2,3,2,3,3,2,3,4,2,3
P006124,0.75,padrao_1,moderado,46,3,4,2,3,3,2,4,3,2,3,4,2,3,4,2,3,3,2,4,3
P004807,0.75,padrao_1,moderado,52,3,3,2,4,3,2,3,2,4,3,2,3,4,2,3,3,4,2,3,2
P000925,0.75,padrao_1,moderado,49,3,2,2,3,3,2,3,2,2,3,2,3,2,3,2,3,2,3,3,2
P008688,0.75,padrao_1,moderado,48,3,3,2,4,3,2,3,2,3,4,2,3,2,3,4,2,3,2,4,3
P000968,0.75,padrao_1,moderado,50,3,3,2,4,2,3,3,2,3,2,4,2,3,3,2,4,3,2,3,2
P006792,0.75,padrao_1,moderado,50,3,3,2,3,2,3,2,3,2,3,2,3,2,3,2,3,2,3,2,3
P000589,0.75,padrao_1,moderado,50,3,3,2,3,2,3,2,3,2,3,2,3,2,3,2,3,2,3,2,3
P003854,0.75,padrao_1,moderado,53,3,3,2,4,3,2,3,2,4,3,2,3,3,4,3,2,3,2,4,3
P006922,0.75,padrao_1,moderado,52,3,3,2,3,2,3,2,3,2,3,2,3,4,3,2,3,2,3,2,3
P008723,0.75,padrao_1,moderado,52,3,2,3,2,3,2,3,2,3,2,3,2,3,3,2,3,2,3,2,3
P008379,0.75,padrao_1,moderado,53,3,3,2,3,4,3,2,2,3,4,2,3,3,4,2,3,4,3,2,3
P006292,0.75,padrao_1,moderado,50,3,3,2,3,2,3,2,3,2,3,2,3,2,3,2,3,2,3,2,3
P009586,0.75,padrao_1,sedentário,52,3,4,3,2,3,4,3,2,4,3,4,3,2,4,3,2,3,4,3,2
P005783,0.75,padrao_1,moderado,45,3,4,2,3,3,2,3,4,2,3,4,2,3,1,3,2,4,3,2,3
P002848,0.75,padrao_1,ativo,49,3,3,2,2,3,4,2,3,2,3,3,4,2,3,2,3,2,3,2,3
P007150,0.75,padrao_1,moderado,50,3,3,2,3,2,3,2,3,2,3,2,3,2,3,2,3,2,3,2,3
P009342,0.75,padrao_1,moderado,49,3,3,2,2,3,2,3,2,2,3,2,3,3,2,2,3,2,3,2,3
P004337,0.75,padrao_1,ativo,46,3,4,3,2,3,2,3,4,2,3,2,3,4,2,3,3,2,4,3,2
P010359,0.75,padrao_1,sedentário,50,3,2,3,2,3,2,3,3,2,3,2,3,2,3,2,3,2,3,2,3
P004969,0.75,padrao_1,moderado,51,3,3,2,3,2,2,3,2,3,2,3,2,3,2,2,3,2,3,2,3
P009480,0.75,padrao_1,moderado,50,3,3,2,3,2,3,2,2,3,3,2,3,2,3,2,3,2,3,3,2
P003674,0.75,padrao_1,moderado,49,3,2,3,2,3,2,3,2,3,2,3,2,3,2,3,2,3,2,3,2
P005853,0.75,padrao_1,sedentário,48,3,3,2,3,2,3,2,3,2,3,2,3,2,3,2,3,2,3,3,2
P002193,0.75,padrao_1,moderado,49,3,2,3,2,3,2,3,2,3,2,3,2,3,2,3,2,3,2,3,2
P001221,0.75,padrao_1,muito ativo,59,3,2,4,3,2,3,4,2,3,2,4,3,2,3,3,2,4,3,2,4
P004618,0.75,padrao_1,moderado,43,3,3,2,2,4,2,3,4,2,3,4,3,2,3,2,4,3,2,3,4
P000611,0.75,padrao_1,moderado,50,3,3,2,3,2,3,2,3,2,3,2,3,2,3,2,3,2,3,2,3
P010088,0.75,padrao_1,moderado,50,3,3,2,3,3,2,3,2,4,3,2,3,3,2,3,4,3,2,3,4
P006948,0.75,padrao_1,ativo,49,3,3,2,3,2,3,2,3,2,3,2,3,2,3,2,4,2,3,2,3
P006586,0.75,padrao_1,moderado,48,3,3,2,3,3,2,3,2,3,2,3,2,3,2,3,2,3,2,3,2
P001315,0.75,padrao_1,ativo,49,3,2,3,2,3,2,2,3,2,3,2,3,3,2,2,3,2,3,2,3
P005015,0.75,padrao_1,moderado,48,3,4,3,2,4,3,2,3,3,2,4,3,2,4,3,2,3,4,3,2
P004750,0.75,padrao_1,moderado,51,3,3,2,3,2,4,3,2,3,2,3,2,3,2,3,4,2,3,2,3
P005090,0.75,padrao_1,moderado,49,3,2,3,2,3,2,3,2,3,2,3,2,3,2,3,2,3,2,3,2
P005670,0.75,padrao_1,ativo,45,3,4,3,2,3,3,2,4,3,3,2,3,3,2,4,3,2,4,3,2
P009748,0.75,padrao_1,ativo,48,3,4,3,2,3,4,2,3,2,3,4,2,3,4,3,2,3,4,3,2
P005854,0.75,padrao_1,moderado,53,3,3,2,3,2,3,3,2,3,2,3,3,2,3,2,3,2,3,2,3
P003033,0.75,padrao_1,moderado,45,3,3,2,2,3,2,2,3,2,3,2,3,2,3,2,3,2,3,3,2
P002557,0.75,padrao_1,ativo,52,3,3,2,4,2,3,3,2,4,3,2,4,3,2,4,3,2,3,4,3
P005699,0.75,padrao_1,moderado,50,3,3,2,3,2,3,2,3,2,3,2,3,2,3,2,3,2,3,2,3
P004207,0.75,padrao_1,ativo,47,3,3,2,3,2,3,2,3,2,2,3,2,3,2,3,2,3,2,3,2
P006872,0.75,padrao_1,sedentário,49,3,3,2,3,2,3,2,3,2,3,3,2,3,2,3,2,3,3,2,3
P005498,0.75,padrao_1,moderado,49,3,3,2,3,2,3,2,3,2,3,2,3,2,3,3,2,3,2,3,3
P005059,0.75,padrao_1,ativo,51,3,3,2,4,3,2,3,2,3,2,4,2,3,3,2,4,3,3,2,3
P002790,0.75,padrao_1,moderado,53,3,3,2,4,3,2,3,2,3,2,4,3,2,3,3,2,4,3,2,3
P008922,0.75,padrao_1,sedentário,49,3,2,3,3,2,3,2,3,2,3,3,2,3,2,3,2,3,2,3,3
P005294,0.75,padrao_1,moderado,51,3,3,2,2,3,2,3,2,3,2,2,3,2,3,2,3,2,3,2,3
P002935,0.75,padrao_1,moderado,53,3,2,3,2,3,2,3,2,3,2,3,2,4,3,2,3,2,3,2,3
P003168,0.75,padrao_1,moderado,53,3,3,2,3,2,3,4,2,2,3,3,2,4,3,2,3,4,2,3,3
P007004,0.75,padrao_1,ativo,48,3,2,3,2,3,2,3,1,2,3,2,1,3,2,3,2,3,2,3,2
P005554,0.75,padrao_1,ativo,46,3,3,2,4,3,2,3,4,2,3,3,2,4,3,2,4,3,2,4,3
P003650,0.75,padrao_1,moderado,50,3,3,2,3,2,3,2,3,2,3,2,3,2,3,2,3,2,3,2,3
P001298,0.75,padrao_1,moderado,53,3,4,3,4,3,2,3,3,4,2,3,4,3,2,3,3,4,2,3,4
P000606,0.75,padrao_1,moderado,55,3,3,2,4,2,3,3,2,3,2,4,3,2,3,2,3,4,3,2,3
P009019,0.75,padrao_1,moderado,45,3,3,2,4,3,2,4,3,2,3,4,3,2,3,4,3,2,3,4,3
P007530,0.75,padrao_1,moderado,47,3,3,2,3,2,3,2,3,2,3,2,3,2,3,2,4,3,2,3,2
P003833,0.75,padrao_1,moderado,50,3,3,2,3,2,3,2,4,3,2,3,3,2,3,2,4,3,3,2,3
P004241,0.75,padrao_1,moderado,52,3,2,2,3,2,2,3,2,3,2,3,2,2,3,2,3,2,3,2,3
P001931,0.75,padrao_1,moderado,50,3,2,3,2,3,3,2,3,2,3,2,3,2,3,2,3,2,3,2,3
P009603,0.75,padrao_1,moderado,47,3,3,2,2,3,3,2,2,3,2,3,3,2,2,3,3,2,3,2,2
P008003,0.75,padrao_1,ativo,52,3,4,3,2,3,2,4,3,2,3,2,3,4,3,2,4,3,3,2,4
P008643,0.75,padrao_1,ativo,50,3,3,2,3,2,3,2,3,2,3,2,3,2,3,2,3,2,3,2,3
P006034,0.75,padrao_1,moderado,50,3,3,2,3,2,3,2,3,2,3,2,3,2,3,2,3,2,3,2,3
P000448,0.75,padrao_1,moderado,55,3,4,3,4,2,3,4,2,3,3,4,2,3,4,2,3,4,2,3,4
P003651,0.75,padrao_1,moderado,53,3,3,4,2,3,4,3,2,3,3,2,4,3,2,3,4,3,2,3,4
P002504,0.75,padrao_1,moderado,49,2,3,3,2,3,2,3,2,3,2,3,2,3,2,3,2,3,2,3,2
P000556,0.75,padrao_1,moderado,50,3,3,2,3,2,3,2,4,3,2,3,3,2,3,2,3,2,3,2,3
P007834,0.75,padrao_1,moderado,51,3,3,2,4,3,2,3,4,3,2,4,3,2,3,3,2,4,3,2,3
P001022,0.75,padrao_1,moderado,50,3,4,2,3,2,4,3,3,2,4,3,2,3,4,2,3,3,2,3,4
P009948,0.75,padrao_1,moderado,50,3,3,2,3,2,3,2,3,2,3,2,3,2,3,2,3,2,3,2,3
P009638,0.75,padrao_1,moderado,48,3,3,2,4,3,2,3,4,2,3,2,3,4,2,3,4,2,3,2,3
P003577,0.75,padrao_1,moderado,48,3,3,2,3,2,3,2,3,2,3,2,3,3,2,3,2,3,2,3,2
P005042,0.75,padrao_1,moderado,48,3,3,2,3,2,3,3,2,1,2,3,2,3,2,2,3,2,3,3,2
P002984,0.75,padrao_1,moderado,53,3,3,2,3,4,2,3,3,4,2,3,2,3,4,2,3,3,4,2,3
P006813,0.75,padrao_1,moderado,46,3,4,3,2,3,4,2,3,2,3,4,2,3,4,2,3,2,3,4,3
P009728,0.75,padrao_1,moderado,47,3,3,2,2,3,2,3,2,3,2,3,2,3,2,3,2,3,2,3,2
P007741,0.75,padrao_1,moderado,50,3,2,2,3,3,2,3,2,3,3,2,3,2,3,2,3,2,3,3,2
P005679,0.75,padrao_1,moderado,53,3,3,4,2,3,3,2,3,4,3,2,4,3,2,3,2,3,4,3,2
P009890,0.75,padrao_1,moderado,51,2,3,2,3,2,3,2,3,2,3,2,3,2,3,2,3,2,3,2,3
P006658,0.75,padrao_1,moderado,46,3,4,3,2,3,2,4,3,2,3,4,2,3,3,4,3,4,2,3,4
P010205,0.75,padrao_1,ativo,54,3,3,2,2,4,3,3,2,4,3,2,3,4,2,3,2,4,3,3,4
P000867,0.75,padrao_1,moderado,50,3,3,2,3,2,3,2,3,2,3,2,3,2,3,2,3,2,3,2,3
P000081,0.75,padrao_1,moderado,45,3,2,3,3,2,3,2,3,2,3,4,2,3,2,3,4,3,2,3,2
P003217,0.75,padrao_1,moderado,51,3,3,2,3,2,3,2,2,3,2,2,3,2,3,3,2,3,2,3,2
P001505,0.75,padrao_1,moderado,52,3,2,3,3,4,2,3,2,3,2,4,3,2,3,2,3,4,2,3,4
P001781,0.75,padrao_1,moderado,49,3,2,3,2,3,2,3,2,3,2,3,2,3,2,3,2,3,2,3,2
P008383,0.75,padrao_1,moderado,50,3,3,2,3,2,3,2,3,2,3,2,3,2,3,2,3,2,3,2,3
P010301,0.75,padrao_1,moderado,50,3,2,3,2,3,3,2,3,2,3,2,3,2,3,2,3,2,3,2,3
P007717,0.75,padrao_1,ativo,56,3,3,4,2,3,2,4,3,2,3,2,3,4,3,2,3,4,3,2,4
P000604,0.75,padrao_1,moderado,49,3,3,2,4,2,3,2,3,2,3,2,3,4,2,3,3,2,3,4,3
P005775,0.75,padrao_1,moderado,52,3,3,2,4,2,3,2,3,4,2,3,3,2,3,2,4,3,2,3,4
P006297,0.75,padrao_1,moderado,56,3,3,4,3,2,3,4,2,3,3,2,3,4,2,3,3,4,2,3,3
P007177,0.75,padrao_1,moderado,52,3,2,3,3,2,3,2,2,3,2,3,2,3,3,2,3,3,2,3,2
P006012,0.75,padrao_1,moderado,52,3,2,3,2,3,2,3,2,3,2,3,2,3,3,2,3,2,3,2,3
P003808,0.75,padrao_1,moderado,55,3,2,3,2,3,2,3,2,3,2,3,2,4,3,3,2,4,3,2,3
P004647,0.75,padrao_1,moderado,51,3,3,2,2,3,2,3,2,3,2,2,3,2,3,2,3,2,3,2,3
P000414,0.75,padrao_1,moderado,50,3,3,2,3,2,3,2,3,3,2,3,4,2,3,2,3,2,3,3,2
P003620,0.75,padrao_1,sedentário,50,3,4,3,2,2,3,4,2,3,3,2,4,3,2,3,4,3,2,4,3
P001280,0.75,padrao_1,moderado,50,3,2,3,2,3,2,3,2,3,3,2,3,2,3,2,3,3,2,3,2
P006550,0.75,padrao_1,ativo,48,3,3,2,3,2,2,3,3,2,3,2,3,2,3,3,2,3,2,3,2
P009571,0.75,padrao_1,moderado,48,3,3,2,3,2,3,2,3,2,3,2,3,3,2,3,2,3,2,3,2
P008511,0.75,padrao_1,sedentário,53,3,2,3,2,3,4,3,2,3,3,2,3,4,2,3,2,3,2,4,3
P009510,0.75,padrao_1,moderado,47,3,3,2,3,2,3,2,3,2,3,3,2,3,2,3,3,2,3,2,3
P002548,0.75,padrao_1,moderado,45,3,3,2,3,4,3,2,4,3,2,3,4,2,3,4,3,2,3,4,3
P010679,0.75,padrao_1,moderado,52,3,3,2,3,2,3,3,2,2,3,2,3,3,2,3,2,3,2,2,3
P001185,0.75,padrao_1,moderado,55,3,3,2,3,2,3,4,2,3,2,4,3,3,2,3,2,4,3,2,3
P010055,0.75,padrao_1,moderado,49,3,2,3,2,3,2,2,3,2,3,2,3,2,3,2,3,2,3,2,3
P002009,0.75,padrao_1,moderado,49,3,2,3,2,3,2,3,2,3,2,3,2,3,2,3,2,3,2,3,2
P009791,0.75,padrao_1,moderado,47,3,3,2,2,3,2,3,2,3,2,3,2,3,2,3,2,3,2,3,2
P003739,0.75,padrao_1,moderado,51,3,3,2,3,2,3,2,3,3,2,2,3,3,1,3,2,3,3,2,2
P003971,0.75,padrao_1,sedentário,56,3,3,4,3,2,3,4,2,3,4,2,3,4,2,3,3,4,2,3,4
P004922,0.75,padrao_1,moderado,50,3,3,2,3,2,3,2,3,2,3,2,3,2,3,2,3,2,3,2,3
P005326,0.75,padrao_1,moderado,53,3,3,2,3,2,3,3,2,3,2,3,2,3,2,3,2,3,3,2,3
P006030,0.75,padrao_1,moderado,50,3,3,2,3,2,3,2,3,2,3,2,3,2,3,2,3,2,3,2,3
P008512,0.75,padrao_1,sedentário,45,3,2,3,2,4,3,2,3,2,4,3,2,3,2,4,3,2,3,2,4
P010480,0.75,padrao_1,moderado,58,3,2,4,3,2,3,2,3,4,2,3,2,4,3,2,3,4,3,2,3
P005760,0.75,padrao_1,moderado,51,3,2,4,3,2,3,2,4,3,2,3,2,4,3,2,4,3,2,4,3
P003524,0.75,padrao_1,moderado,49,2,2,3,2,3,1,3,2,2,3,1,2,3,2,3,2,3,2,3,2
P000050,0.75,padrao_1,moderado,53,3,2,3,2,3,2,3,2,3,2,2,3,2,3,2,3,2,3,2,3
P008077,0.75,padrao_1,moderado,52,3,3,2,4,2,3,4,3,2,3,2,3,4,2,3,3,2,4,3,2
P006420,0.75,padrao_1,moderado,51,3,3,2,4,3,2,3,3,2,4,3,2,3,4,2,3,4,3,2,3
P007155,0.75,padrao_1,moderado,47,3,3,2,4,3,2,3,4,2,3,3,2,4,3,2,3,3,2,4,3
P006470,0.75,padrao_1,sedentário,48,3,3,2,3,2,3,2,3,2,3,2,3,2,3,2,3,2,3,3,2
P002206,0.75,padrao_1,moderado,46,3,3,2,3,2,3,2,3,2,3,3,2,3,2,3,2,3,2,3,2
P009841,0.75,padrao_1,moderado,51,3,3,2,3,2,2,3,2,3,2,3,2,3,2,3,2,2,3,2,3
P000542,0.75,padrao_1,moderado,50,3,3,2,3,2,3,3,2,2,3,2,3,2,3,2,3,2,3,3,2
P001191,0.75,padrao_1,moderado,50,3,3,2,3,2,3,2,3,2,2,3,2,3,3,2,3,2,3,2,3
P003109,0.75,padrao_1,moderado,50,3,3,2,3,2,3,2,3,2,3,2,3,2,3,2,3,2,3,2,3
P006150,0.75,padrao_1,ativo,50,3,3,2,4,2,3,2,3,2,3,2,4,3,2,3,3,2,4,3,2
P006907,0.75,padrao_1,ativo,51,3,4,2,3,3,2,4,3,3,2,4,3,2,3,2,3,4,3,2,3
P007850,0.75,padrao_1,moderado,49,3,3,2,3,2,2,3,2,4,3,3,2,3,2,3,2,3,2,3,2
P000206,0.75,padrao_1,moderado,48,2,3,2,3,2,3,2,3,2,2,3,2,3,2,3,2,3,2,3,2
P000227,0.75,padrao_1,ativo,47,3,4,3,2,3,4,3,2,2,3,4,3,2,3,4,2,3,3,4,3
P000379,0.75,padrao_1,moderado,53,3,3,2,4,3,2,3,2,4,3,2,3,4,3,2,3,2,3,4,3
P001034,0.75,padrao_1,moderado,50,3,3,2,3,2,2,3,2,3,3,2,3,2,3,2,3,2,3,3,2
P008212,0.75,padrao_1,moderado,51,3,3,2,4,3,2,3,2,4,3,2,3,2,4,3,3,2,3,4,3
P004385,0.75,padrao_1,sedentário,49,3,3,2,3,2,3,2,2,3,2,3,2,3,2,3,2,3,2,3,2
P009983,0.75,padrao_1,moderado,48,3,3,2,4,3,2,3,4,2,3,2,3,3,2,4,3,2,3,2,4
P004677,0.75,padrao_1,moderado,51,3,3,2,3,2,2,3,2,4,3,2,3,3,2,2,3,2,3,4,3
P008081,0.75,padrao_1,moderado,50,3,3,2,3,2,3,2,3,2,3,2,3,2,3,2,3,2,3,2,3
P007886,0.75,padrao_1,sedentário,55,3,3,2,4,3,2,3,2,3,2,3,4,2,3,3,2,3,4,2,3
P010765,0.75,padrao_1,ativo,48,3,3,2,4,3,3,2,4,3,2,3,4,2,3,4,2,3,2,4,3
P005638,0.75,padrao_1,moderado,50,3,2,3,2,3,2,3,2,4,3,2,3,2,3,2,4,3,2,3,2
P009891,0.75,padrao_1,moderado,53,3,2,4,3,2,4,3,2,3,2,4,3,2,3,2,4,3,2,4,3
P009821,0.75,padrao_1,moderado,52,3,2,3,2,3,2,3,2,3,2,3,2,3,3,2,3,2,3,2,3
P004422,0.75,padrao_1,moderado,51,3,3,2,3,2,3,2,3,2,3,2,3,2,3,1,3,2,3,2,3
P003491,0.75,padrao_1,moderado,51,3,3,2,2,3,2,3,2,3,2,2,3,2,3,2,3,2,3,2,3
P000721,0.75,padrao_1,moderado,47,3,3,2,2,3,3,2,3,2,2,3,2,2,3,2,3,2,3,2,3
P003799,0.75,padrao_1,moderado,48,3,2,3,3,2,3,2,3,2,3,3,2,3,2,3,2,3,2,3,2
P007641,0.75,padrao_1,moderado,48,3,3,2,2,3,3,2,3,2,3,2,3,2,3,2,3,2,3,2,3
P000919,0.75,padrao_1,moderado,49,3,2,3,2,3,2,3,2,3,2,3,2,3,2,3,2,3,2,3,2
P006744,0.75,padrao_1,moderado,51,3,4,3,2,3,4,3,2,3,2,3,4,3,2,3,4,2,3,3,4
P000300,0.75,padrao_1,moderado,47,3,3,2,2,3,2,3,2,3,3,2,2,3,2,4,2,3,2,3,3
P007281,0.75,padrao_1,moderado,49,3,3,2,2,3,2,2,3,3,2,3,2,3,3,2,2,3,2,2,3
P006958,0.75,padrao_1,moderado,51,3,2,3,2,3,3,2,2,3,3,2,3,4,2,3,3,2,4,3,2
P007444,0.75,padrao_1,moderado,52,3,3,2,4,3,2,3,2,4,3,2,3,2,3,4,2,3,2,3,4
P005718,0.75,padrao_1,moderado,49,3,2,2,3,3,2,3,2,3,4,2,3,3,2,3,4,2,3,2,3
P003417,0.75,padrao_1,moderado,50,3,3,2,3,2,3,2,3,2,3,2,3,2,3,2,3,2,3,2,3
P000145,0.75,padrao_1,moderado,50,3,3,2,4,3,2,4,3,2,3,2,4,3,2,3,4,3,2,3,4
P001485,0.75,padrao_1,moderado,51,3,3,2,3,2,3,2,3,2,3,2,3,3,3,2,3,2,3,2,3
P003278,0.75,padrao_1,moderado,47,3,3,2,3,2,3,2,3,2,2,3,2,3,2,3,2,3,2,3,2
P001632,0.75,padrao_1,moderado,56,3,3,2,4,3,2,3,2,4,3,2,3,4,3,2,3,4,2,3,4
P002347,0.75,padrao_1,moderado,50,3,3,2,3,2,3,2,3,2,3,2,3,2,3,2,3,2,3,2,3
P008487,0.75,padrao_1,moderado,53,3,3,4,2,3,3,4,2,3,4,3,2,3,4,3,2,3,4,3,2
P005041,0.75,padrao_1,moderado,51,3,4,2,3,3,2,3,4,3,4,2,3,4,3,2,3,4,3,2,3
P004443,0.75,padrao_1,sedentário,53,3,2,3,3,2,3,2,3,3,2,3,2,4,2,3,3,2,4,2,3
P000961,0.75,padrao_1,moderado,50,3,3,2,2,3,3,3,2,3,2,1,2,3,1,2,2,3,2,3,2
P003801,0.75,padrao_1,ativo,47,3,2,3,2,3,2,3,4,3,2,3,4,3,2,3,4,3,2,3,2
P009374,0.75,padrao_1,moderado,57,3,3,4,2,3,3,4,2,3,2,3,4,2,3,2,3,3,4,2,3
P002083,0.75,padrao_1,moderado,49,3,3,2,3,2,3,2,2,3,2,3,2,3,2,3,2,3,2,3,2
P005356,0.75,padrao_1,moderado,49,3,2,3,2,3,2,3,2,3,2,3,2,3,2,3,2,3,2,3,2
P002727,0.75,padrao_1,moderado,48,3,3,2,3,2,3,2,3,2,3,2,3,3,2,2,3,2,3,3,2
P000339,0.75,padrao_1,ativo,46,3,3,2,4,2,3,2,3,1,2,3,4,3,2,3,4,2,3,4,2
P009156,0.75,padrao_1,ativo,45,3,4,3,2,3,3,2,4,3,3,2,4,3,2,4,3,2,3,4,3
P000889,0.75,padrao_1,moderado,50,3,3,2,3,2,3,2,3,2,2,3,2,3,2,3,2,3,3,2,3
P009946,0.75,padrao_1,moderado,54,3,3,4,3,2,3,4,2,3,3,2,3,2,4,3,3,2,3,4,3
P001037,0.75,padrao_1,moderado,47,3,3,2,2,3,3,2,2,3,2,3,3,2,2,3,2,3,2,3,2
P009256,0.75,padrao_1,moderado,52,3,2,3,4,2,3,2,3,3,4,2,3,2,3,4,2,3,4,3,2
P004405,0.75,padrao_1,moderado,57,3,4,3,2,3,4,3,2,4,3,2,3,4,3,2,3,4,3,2,3
P008333,0.75,padrao_1,moderado,53,3,3,2,3,2,3,3,2,3,2,3,2,3,2,3,2,3,3,2,3
P005069,0.75,padrao_1,moderado,53,3,3,2,3,2,2,3,2,3,2,2,3,3,2,3,2,3,2,2,3
P008929,0.75,padrao_1,moderado,48,3,3,2,3,2,2,3,4,2,3,2,3,3,3,2,4,3,2,3,3
P008006,0.75,padrao_1,ativo,48,3,3,2,4,3,2,3,2,3,4,2,3,2,3,4,2,3,3,4,2
P009065,0.75,padrao_1,moderado,49,3,3,2,4,3,2,3,3,2,4,2,3,3,2,3,3,4,2,3,4
P008226,0.75,padrao_1,moderado,50,3,3,2,3,2,3,2,2,3,2,3,3,2,3,2,3,3,2,3,2
P003589,0.75,padrao_1,moderado,55,3,2,3,2,2,3,3,2,3,2,2,3,2,3,2,3,2,3,2,3
P009886,0.75,padrao_1,moderado,52,3,2,3,2,3,2,3,2,3,2,3,2,3,3,2,3,2,3,2,3
P007801,0.75,padrao_1,ativo,49,3,4,3,2,4,3,4,2,3,4,3,2,4,3,2,4,3,2,3,4
P005562,0.75,padrao_1,moderado,48,3,3,2,2,3,3,2,2,3,3,2,3,2,2,3,3,2,3,2,3
P005927,0.75,padrao_1,moderado,48,3,3,2,3,2,3,2,3,2,3,2,2,3,2,3,3,3,2,2,3
P006870,0.75,padrao_1,moderado,51,3,3,2,4,3,2,3,2,3,4,3,3,2,4,3,2,3,4,3,2
P001456,0.75,padrao_1,ativo,54,3,4,3,2,3,4,3,2,3,2,4,3,2,4,3,2,4,3,3,4
P001313,0.75,padrao_1,moderado,53,3,3,2,3,2,4,3,2,3,2,3,4,3,2,3,3,2,4,3,2
P004233,0.75,padrao_1,moderado,52,3,2,3,2,3,2,4,3,2,3,2,3,4,3,2,3,2,4,3,2
P000490,0.75,padrao_1,moderado,52,3,3,2,3,2,3,2,2,3,3,2,3,3,2,3,2,2,3,2,3
P010118,0.75,padrao_1,moderado,46,3,4,3,2,4,3,2,3,2,4,3,2,3,4,3,2,3,4,3,2
P001971,0.75,padrao_1,moderado,49,3,3,2,3,3,2,3,2,3,2,3,2,3,2,3,2,3,3,3,2
P002585,0.75,padrao_1,ativo,49,3,3,2,3,4,2,3,2,3,3,2,4,3,2,3,4,2,3,2,3
P008067,0.75,padrao_1,moderado,51,3,3,2,3,2,3,2,3,2,3,2,3,3,2,3,2,3,3,2,3
P000355,0.75,padrao_1,moderado,53,3,2,3,2,3,2,3,2,3,2,3,2,3,3,2,2,3,2,2,3
P003721,0.75,padrao_1,moderado,53,3,3,2,4,2,3,3,2,2,3,4,3,2,3,2,3,4,3,2,3
P008583,0.75,padrao_1,sedentário,49,3,2,3,2,3,2,3,2,3,2,3,2,3,2,3,2,3,2,3,2
P004018,0.75,padrao_1,moderado,50,3,3,2,3,2,3,2,3,2,3,2,3,2,3,2,3,2,3,2,3
P003084,0.75,padrao_1,moderado,49,3,3,4,2,3,3,2,4,3,2,4,3,2,3,4,2,3,4,3,3
P005201,0.75,padrao_1,sedentário,53,3,4,3,2,3,3,2,3,4,2,3,2,4,3,2,3,4,3,2,3
P009181,0.75,padrao_1,moderado,54,3,2,3,4,2,3,2,2,3,4,3,2,3,4,3,2,3,4,3,2
P002980,0.75,padrao_1,moderado,48,3,3,2,3,2,3,2,3,2,3,3,2,2,3,3,2,2,3,2,3
P009285,0.75,padrao_1,sedentário,50,3,3,2,4,3,2,3,4,2,3,3,2,4,3,4,2,3,4,2,3
P006655,0.75,padrao_1,moderado,44,3,3,2,2,4,3,2,3,2,3,2,4,3,2,3,4,3,2,3,2
P008197,0.75,padrao_1,moderado,48,3,2,3,2,4,3,3,2,3,2,4,3,2,3,2,4,3,2,3,2
P008447,0.75,padrao_1,moderado,50,3,3,2,3,2,3,2,3,2,3,2,3,2,3,2,3,2,3,2,3
P009663,0.75,padrao_1,moderado,54,3,3,2,4,3,2,3,2,4,3,2,3,4,3,2,3,2,4,3,2
P010174,0.75,padrao_1,ativo,47,3,3,2,3,2,3,2,3,2,3,2,3,2,2,3,2,3,2,3,2
P003065,0.75,padrao_1,moderado,50,3,3,2,3,2,3,2,3,2,3,2,3,2,3,2,3,2,3,2,3
P009222,0.75,padrao_1,moderado,51,3,3,2,3,2,3,2,3,3,2,3,2,3,2,3,2,3,3,2,3
P010707,0.75,padrao_1,moderado,49,3,3,2,3,2,3,2,3,2,3,2,3,3,2,3,2,3,2,3,3
P000279,0.75,padrao_1,moderado,49,3,2,3,2,3,2,3,2,3,2,4,3,3,2,3,2,3,2,3,2
P008229,0.75,padrao_1,moderado,50,3,3,2,3,2,3,2,3,2,3,2,3,2,3,2,3,2,3,2,3
P003623,0.75,padrao_1,moderado,49,3,2,3,3,2,3,2,2,3,2,3,2,3,2,3,3,2,2,3,2
P007966,0.75,padrao_1,moderado,52,3,2,3,3,2,3,2,4,3,2,3,2,3,3,4,2,3,4,3,3
P007562,0.75,padrao_1,moderado,42,3,3,2,3,4,3,2,3,2,3,4,3,2,3,4,3,2,3,4,3
P010231,0.75,padrao_1,sedentário,52,3,4,3,3,4,3,2,3,4,3,2,3,4,3,2,3,4,3,4,3
P006665,0.75,padrao_1,moderado,49,2,3,2,3,2,3,2,3,2,3,3,2,2,3,2,3,2,3,2,3
P009463,0.75,padrao_1,moderado,50,3,3,2,3,2,3,2,3,2,3,2,3,2,3,2,3,2,3,2,3
P005946,0.75,padrao_1,moderado,53,3,3,2,4,3,2,3,4,2,3,2,3,4,3,2,3,4,3,2,3
P004150,0.75,padrao_1,moderado,49,3,2,3,2,3,2,3,2,3,2,3,2,3,2,3,2,3,2,3,2
P003719,0.75,padrao_1,sedentário,49,3,3,2,3,2,3,2,4,3,2,3,2,4,3,2,3,3,2,4,3
P003865,0.75,padrao_1,sedentário,48,3,2,3,2,4,3,2,3,2,3,4,3,2,3,2,3,4,2,3,4
P009202,0.75,padrao_1,moderado,49,3,3,2,3,2,2,3,2,3,2,3,2,3,2,3,2,3,2,3,2
P005458,0.75,padrao_1,moderado,45,3,3,2,2,3,3,2,2,3,2,3,3,2,2,3,3,2,2,3,2
P007709,0.75,padrao_1,sedentário,50,3,4,3,3,2,3,4,2,3,4,3,2,3,2,3,3,4,2,3,3
P003182,0.75,padrao_1,moderado,47,3,3,2,2,3,2,3,2,3,2,3,2,3,2,3,2,3,2,3,2
P010160,0.75,padrao_1,sedentário,54,3,4,3,2,3,4,3,2,3,4,2,3,3,4,2,3,4,2,3,4
P005612,0.75,padrao_1,sedentário,44,3,3,2,4,3,2,3,4,2,4,3,3,2,3,4,2,3,3,4,2
P000313,0.75,padrao_1,moderado,50,3,3,2,4,3,2,3,2,3,4,2,3,3,2,4,3,2,3,2,4
P005379,0.75,padrao_1,moderado,52,2,2,3,2,3,3,2,2,3,2,3,2,3,2,2,3,2,3,2,3
P000859,0.75,padrao_1,moderado,51,3,2,2,3,3,2,2,2,3,2,3,2,3,2,3,1,2,3,2,3
P008520,0.75,padrao_1,moderado,49,3,3,2,2,3,2,2,3,4,3,2,3,2,3,3,2,3,2,3,4
P001730,0.75,padrao_1,moderado,50,3,3,2,3,2,3,2,3,2,3,2,3,2,3,2,3,2,3,2,3
P005401,0.75,padrao_1,sedentário,52,3,2,3,3,2,3,2,3,2,3,2,3,2,3,2,3,2,3,2,3
P001107,0.75,padrao_1,ativo,51,3,2,3,4,3,2,3,3,2,3,4,2,3,3,2,3,4,2,3,4
P005780,0.75,padrao_1,moderado,45,3,3,2,2,3,3,2,4,2,3,2,3,2,3,3,2,3,2,4,3
P007491,0.75,padrao_1,moderado,49,3,2,3,2,3,2,3,2,3,2,3,2,3,2,3,2,3,2,3,2
P001425,0.75,padrao_1,moderado,48,3,3,2,3,2,3,2,3,2,3,2,3,3,2,3,2,3,2,3,2
P006756,0.75,padrao_1,ativo,49,3,4,3,2,3,4,2,3,3,2,4,3,2,3,3,4,4,3,2,3
P005333,0.75,padrao_1,moderado,51,2,3,2,3,3,2,3,2,2,3,2,3,2,3,3,2,2,3,2,3
P003643,0.75,padrao_1,moderado,50,3,3,2,3,2,3,2,3,2,3,2,3,3,2,2,3,2,3,2,3
P006950,0.75,padrao_1,sedentário,50,3,3,2,3,3,2,3,3,2,3,2,3,3,2,3,2,3,3,2,3
P008699,0.75,padrao_1,sedentário,56,3,3,4,3,2,3,4,3,2,3,2,3,2,4,3,3,4,3,2,3
P006764,0.75,padrao_1,ativo,48,3,3,4,2,3,2,4,3,3,2,4,3,2,3,4,3,2,4,3,2
P003795,0.75,padrao_1,moderado,51,3,3,2,4,3,3,2,3,4,3,2,3,4,2,3,4,3,2,3,4
P004400,0.75,padrao_1,moderado,54,3,2,3,2,3,4,3,2,3,2,3,2,4,3,2,3,2,4,3,2
P007890,0.75,padrao_1,sedentário,46,3,3,2,3,4,3,2,3,2,3,3,2,4,3,2,3,3,2,3,2
P010615,0.75,padrao_1,moderado,48,3,3,2,3,2,3,2,3,2,3,2,3,3,2,3,2,3,2,3,2
P005581,0.75,padrao_1,moderado,44,3,3,2,4,2,3,2,3,2,4,3,2,3,2,4,3,2,3,4,3
P003645,0.75,padrao_1,ativo,50,3,3,2,3,2,3,2,3,2,3,2,3,2,3,2,3,2,3,2,3
P001986,0.75,padrao_1,sedentário,51,2,2,2,3,3,2,2,3,3,2,3,3,2,3,2,3,3,2,2,3
P002985,0.75,padrao_1,ativo,49,3,2,3,2,3,2,3,2,3,2,3,2,3,2,3,2,3,2,3,2
P008004,0.75,padrao_1,moderado,48,3,3,2,2,3,2,3,2,3,2,3,2,3,2,2,3,2,3,2,2
P008172,0.75,padrao_1,sedentário,51,3,3,2,3,2,3,2,4,3,2,3,4,2,3,2,3,4,2,3,3
P001001,0.75,padrao_1,ativo,49,3,3,2,3,2,3,2,4,2,3,2,3,4,3,2,3,2,3,3,2
P003073,0.75,padrao_1,moderado,50,3,2,3,2,3,2,3,3,2,3,2,3,2,3,2,3,2,3,2,3
P008616,0.75,padrao_1,moderado,49,3,2,3,2,3,2,3,2,3,2,3,2,3,2,3,2,3,2,3,2
P008430,0.75,padrao_1,moderado,53,3,2,3,3,2,3,2,3,2,3,2,3,2,3,3,2,3,3,2,3
P006383,0.75,padrao_1,sedentário,46,3,3,2,2,3,3,2,3,2,3,2,3,3,2,3,2,3,2,3,2
P009614,0.75,padrao_1,moderado,51,3,3,2,3,3,2,3,2,3,2,3,2,3,4,3,2,3,3,3,2
P000534,0.75,padrao_1,moderado,50,3,3,2,3,2,3,2,3,2,3,2,3,2,3,2,3,2,3,2,3
P010398,0.75,padrao_1,moderado,56,3,3,2,3,2,3,4,2,3,2,3,2,4,3,2,3,2,3,2,4
P008305,0.75,padrao_1,ativo,51,3,3,2,2,3,2,3,2,3,2,2,3,3,2,3,2,2,3,2,3
P002259,0.75,padrao_1,ativo,49,3,2,3,2,3,2,3,2,3,2,3,2,3,2,3,2,3,2,3,2
P006863,0.75,padrao_1,moderado,45,3,2,3,2,4,3,2,3,2,3,4,3,2,3,2,3,2,3,4,3
P009538,0.75,padrao_1,moderado,52,3,3,2,2,3,2,3,2,3,2,3,2,3,3,2,2,3,3,2,3
P008661,0.75,padrao_1,sedentário,45,3,3,2,3,4,3,2,3,2,3,4,3,2,3,4,2,3,4,3,2
P005540,0.75,padrao_1,sedentário,51,3,3,2,3,2,2,3,2,3,2,3,2,3,2,2,3,2,3,2,3
P006808,0.75,padrao_1,moderado,42,3,4,2,3,3,2,4,3,2,3,4,2,3,2,3,4,3,2,4,3
P001239,0.75,padrao_1,moderado,51,3,2,4,2,3,3,2,4,2,3,2,3,4,3,2,3,2,4,3,2
P002936,0.75,padrao_1,moderado,52,3,2,3,3,2,4,2,3,3,2,3,2,4,3,2,4,2,3,3,2
P007500,0.75,padrao_1,ativo,49,3,4,3,2,3,2,3,4,2,3,3,2,3,4,2,3,4,3,2,3
P004185,0.75,padrao_1,moderado,49,3,3,2,3,2,3,2,3,2,3,2,3,3,2,2,3,3,2,3,3
P002030,0.75,padrao_1,moderado,52,3,3,2,3,2,2,3,2,3,3,2,3,2,3,1,2,3,2,3,2
P001644,0.75,padrao_1,moderado,50,3,2,3,2,4,3,3,2,3,2,4,3,2,3,4,3,2,3,2,4
P005135,0.75,padrao_1,ativo,46,3,3,2,4,3,2,4,3,2,3,4,3,4,2,3,4,3,2,4,3
P004939,0.75,padrao_1,moderado,53,3,3,2,3,2,3,3,2,3,2,3,3,2,3,2,3,2,3,2,3
P005214,0.75,padrao_1,moderado,50,3,3,2,3,2,3,2,3,2,3,2,3,2,3,2,3,2,3,2,3
P003920,0.75,padrao_1,moderado,47,3,3,2,2,3,3,2,3,4,2,3,2,3,2,3,2,3,2,3,2
P009606,0.75,padrao_1,moderado,49,3,2,3,2,3,2,2,3,2,3,2,3,2,3,2,3,2,3,2,3
P007687,0.75,padrao_1,moderado,48,3,3,4,3,2,2,3,4,3,2,3,4,2,3,4,3,2,3,4,2
P000270,0.75,padrao_1,ativo,51,3,3,3,4,2,3,4,3,2,3,4,3,2,3,4,2,3,4,3,2
P002515,0.75,padrao_1,moderado,49,3,3,2,2,3,2,3,2,3,2,3,3,2,3,2,2,3,2,3,2
P003982,0.75,padrao_1,moderado,46,3,4,2,3,2,3,4,3,2,3,4,2,3,3,2,4,2,3,3,2
P003432,0.75,padrao_1,moderado,48,3,3,2,3,2,3,2,3,2,3,2,3,2,3,3,2,3,2,3,2
P002968,0.75,padrao_1,moderado,52,3,2,3,2,4,3,3,2,4,3,2,4,3,2,3,2,3,2,4,3
P000075,0.75,padrao_1,ativo,52,3,3,2,4,3,2,3,2,4,3,2,3,4,2,3,3,4,2,3,2
P010599,0.75,padrao_1,moderado,49,3,3,3,2,3,2,3,3,4,2,3,2,3,3,2,3,2,3,4,3
P008701,0.75,padrao_1,moderado,50,3,3,2,3,2,3,2,3,2,3,2,3,2,3,2,3,2,3,2,3
P002520,0.75,padrao_1,moderado,51,3,2,3,2,3,3,2,3,4,2,3,2,3,2,3,2,4,3,3,2
P007940,0.75,padrao_1,moderado,49,3,3,2,4,3,2,3,2,3,4,3,2,3,4,2,3,2,3,4,3
P008405,0.75,padrao_1,moderado,52,3,3,2,3,2,3,3,2,2,3,2,3,4,3,2,3,3,2,3,2
P007275,0.75,padrao_1,ativo,50,3,2,3,2,3,2,3,1,3,2,4,2,3,2,3,1,3,2,3,2
P002085,0.75,padrao_1,moderado,57,3,3,4,3,2,3,4,3,2,3,2,4,3,3,2,3,4,2,3,4
P003465,0.75,padrao_1,moderado,48,2,3,2,3,2,3,2,3,2,2,3,2,3,2,3,2,3,2,3,2
P002435,0.75,padrao_1,moderado,50,3,3,2,3,2,3,2,3,2,2,3,3,2,3,2,3,2,3,2,3
P001408,0.75,padrao_1,ativo,45,3,3,2,3,2,2,3,3,2,4,3,2,2,3,3,2,3,2,4,3
P000155,0.75,padrao_1,ativo,46,3,4,3,2,3,4,2,3,2,3,4,2,3,3,2,4,3,2,3,4
P008338,0.75,padrao_1,moderado,50,3,3,2,3,2,3,2,3,2,3,2,3,2,3,2,3,2,3,2,3
P003665,0.75,padrao_1,moderado,46,3,3,2,2,3,3,2,2,3,3,2,2,3,2,3,3,2,2,3,3
P000801,0.75,padrao_1,moderado,49,3,3,2,3,2,3,2,3,2,2,3,3,2,3,2,2,3,2,3,2
P005079,0.75,padrao_1,moderado,54,3,2,3,2,3,2,4,3,2,3,2,3,4,3,2,3,4,2,3,4
P000582,0.75,padrao_1,moderado,54,3,2,4,3,2,3,2,3,4,2,3,2,3,4,2,3,3,2,4,3
P003312,0.75,padrao_1,sedentário,55,3,3,2,3,2,3,3,2,4,2,3,3,2,4,2,3,3,2,3,4
P009565,0.75,padrao_1,moderado,50,3,3,2,3,2,3,2,3,2,3,2,3,2,3,2,3,2,3,2,3
P001866,0.75,padrao_1,moderado,51,3,3,2,3,3,2,3,2,3,2,3,2,3,3,2,3,2,3,2,3
P005504,0.75,padrao_1,moderado,52,3,3,2,4,2,3,3,2,3,4,2,3,2,3,4,2,3,2,3,4
P009381,0.75,padrao_1,moderado,48,3,2,2,3,2,3,2,2,3,2,3,2,3,2,3,3,2,2,3,2
P005274,0.75,padrao_1,moderado,48,3,3,2,4,3,2,3,2,3,2,4,3,2,3,4,2,3,2,4,3
P008162,0.75,padrao_1,moderado,52,2,2,3,2,3,2,3,2,3,2,3,2,3,2,2,3,2,3,2,3
P005746,0.75,padrao_1,moderado,50,3,2,3,2,4,3,3,2,3,2,4,3,2,3,2,4,3,2,3,4
P000169,0.75,padrao_1,moderado,49,3,2,3,2,3,2,3,3,2,2,3,2,4,3,2,3,3,2,3,2
P004984,0.75,padrao_1,moderado,56,3,3,2,4,3,2,3,2,3,2,2,3,4,3,2,4,3,3,2,4
P010331,0.75,padrao_1,moderado,50,3,3,2,3,2,3,2,3,2,3,2,3,2,3,2,3,2,3,2,3
P005821,0.75,padrao_1,moderado,54,3,3,2,4,3,3,2,4,3,2,3,2,4,3,2,3,4,3,2,4
P006809,0.75,padrao_1,ativo,48,3,3,2,2,3,2,3,2,3,3,2,2,3,1,2,3,2,3,2,3
P004831,0.75,padrao_1,moderado,52,3,2,3,3,2,3,2,3,2,3,2,3,2,3,2,3,2,3,2,3
P009180,0.75,padrao_1,ativo,51,3,3,2,4,3,2,3,4,2,3,2,3,4,3,2,3,4,2,3,3
P001988,0.75,padrao_1,moderado,49,3,2,3,2,3,2,3,2,3,2,3,2,3,2,3,2,3,2,3,2
P003268,0.75,padrao_1,moderado,50,3,3,2,3,2,3,2,3,2,3,2,3,2,3,2,3,2,3,2,3
P001819,0.75,padrao_1,moderado,52,3,3,2,3,2,2,3,3,2,3,2,3,2,3,2,2,3,3,2,3
P005595,0.75,padrao_1,moderado,46,3,3,2,3,2,3,2,4,3,2,3,3,2,3,4,3,2,3,3,2
P009217,0.75,padrao_1,sedentário,46,3,3,2,3,2,3,2,3,2,3,3,2,3,2,3,2,3,2,3,2
P000933,0.75,padrao_1,moderado,50,3,2,3,2,3,2,3,2,3,2,3,2,3,1,2,3,2,3,2,3
P006233,0.75,padrao_1,moderado,48,3,2,3,3,2,3,2,3,2,3,3,2,3,2,3,2,3,2,3,2
P010158,0.75,padrao_1,moderado,53,2,3,2,3,2,3,3,2,2,3,2,3,2,3,2,3,2,3,2,3
P010180,0.75,padrao_1,sedentário,47,3,3,2,4,3,2,3,2,3,4,2,3,3,2,4,3,2,3,4,3
P005678,0.75,padrao_1,ativo,55,3,4,3,2,3,4,3,2,3,4,2,3,4,3,2,3,4,3,2,3
P010657,0.75,padrao_1,moderado,47,3,3,2,2,3,2,3,2,4,3,2,3,3,2,4,3,2,3,3,2
P000711,0.75,padrao_1,sedentário,50,3,2,2,3,4,3,2,3,4,2,3,2,3,4,3,2,3,2,4,3
P002254,0.75,padrao_1,moderado,53,3,2,4,3,2,3,2,4,3,2,3,4,2,3,2,3,4,2,3,2
P007588,0.75,padrao_1,moderado,51,3,3,2,2,3,4,3,2,2,3,4,3,2,3,3,2,4,3,2,3
P001473,0.75,padrao_1,ativo,51,3,4,3,2,4,3,2,3,4,2,3,4,2,3,2,4,3,4,2,3
P001989,0.75,padrao_1,sedentário,48,3,3,2,3,2,3,2,4,2,3,3,2,4,3,2,3,2,4,3,2
P010090,0.75,padrao_1,moderado,47,3,3,2,3,3,2,2,3,3,2,3,2,3,2,3,3,2,3,2,3
P006964,0.75,padrao_1,moderado,49,3,3,2,2,3,2,3,2,3,2,2,3,2,2,3,2,3,2,3,3
P001285,0.75,padrao_1,sedentário,50,2,2,3,3,2,3,2,3,2,2,3,2,3,2,3,2,3,2,3,2
P003784,0.75,padrao_1,moderado,47,3,3,2,3,2,3,2,3,2,2,3,2,3,2,3,2,3,2,3,2
P000371,0.75,padrao_1,moderado,52,3,3,2,3,2,3,2,3,3,2,2,3,4,3,2,3,2,3,4,3
P006457,0.75,padrao_1,moderado,54,3,2,3,2,3,2,4,3,2,3,2,4,3,2,3,2,4,3,2,3
P008290,0.75,padrao_1,moderado,54,3,4,2,3,2,4,3,2,4,3,2,4,3,2,3,1,2,3,4,3
P009804,0.75,padrao_1,moderado,50,3,3,2,3,2,3,2,3,2,3,2,3,2,3,2,3,2,3,2,3
P010085,0.75,padrao_1,moderado,51,3,3,2,3,2,3,2,2,3,2,3,2,3,4,3,2,3,2,3,2
P009326,0.75,padrao_1,moderado,49,3,3,2,3,2,3,2,2,3,2,3,2,3,2,3,2,3,2,3,2
P009570,0.75,padrao_1,moderado,50,3,3,2,3,2,3,2,3,2,3,2,3,2,3,2,3,2,3,2,3
P000027,0.75,padrao_1,moderado,50,3,3,2,3,2,3,2,3,2,3,2,3,2,3,2,3,2,3,2,3
P008515,0.75,padrao_1,moderado,49,3,3,2,2,3,2,2,3,3,2,2,3,2,3,2,3,2,3,2,3
P005259,0.75,padrao_1,moderado,53,3,2,3,2,3,4,2,3,2,3,2,3,2,3,3,2,4,3,2,3
P007367,0.75,padrao_1,moderado,52,3,3,2,3,2,3,3,2,2,3,2,3,2,3,2,3,2,3,2,3
P008071,0.75,padrao_1,moderado,50,3,3,2,3,2,3,2,3,2,3,2,3,2,3,2,3,2,3,2,3
P000348,0.75,padrao_1,moderado,50,3,3,2,3,2,2,3,2,3,2,3,2,3,2,2,3,3,2,3,3
P003352,0.75,padrao_1,ativo,47,3,3,2,2,3,3,2,3,2,2,3,4,2,3,2,3,3,2,4,3
P004771,0.75,padrao_1,moderado,49,3,3,2,3,4,2,4,3,2,3,2,3,4,2,3,3,4,2,3,3
P010757,0.75,padrao_1,moderado,50,3,3,2,4,3,2,3,3,4,3,2,3,3,2,4,3,2,3,3,4
P010139,0.75,padrao_1,moderado,56,3,3,4,2,3,3,4,2,3,3,2,3,4,3,2,3,2,4,3,3
P002867,0.75,padrao_1,moderado,52,3,2,3,3,2,3,2,3,2,3,2,3,2,3,2,3,2,3,2,3
P010548,0.75,padrao_1,moderado,52,3,2,3,3,2,3,2,3,2,3,2,3,2,3,2,3,2,3,2,3
P008374,0.75,padrao_1,moderado,52,3,3,4,2,3,2,4,3,2,3,4,3,2,4,3,2,3,4,2,3
P002182,0.75,padrao_1,sedentário,55,3,2,3,2,3,2,4,2,3,3,2,3,2,4,2,3,2,3,2,4
P000149,0.75,padrao_1,moderado,49,3,2,3,2,3,2,3,2,3,2,3,2,3,2,3,2,3,2,3,2
P005885,0.75,padrao_1,moderado,50,3,3,2,3,2,3,2,3,2,3,2,3,2,2,3,2,3,3,2,3
P003486,0.75,padrao_1,moderado,50,3,3,2,3,2,3,2,3,2,3,2,3,2,3,2,3,2,3,2,3
P006116,0.75,padrao_1,ativo,54,3,2,3,4,2,3,4,2,3,3,2,4,3,2,3,4,2,3,3,2
P009173,0.75,padrao_1,moderado,54,3,3,2,3,2,3,2,3,2,3,2,3,3,4,2,2,3,3,2,3
P001696,0.75,padrao_1,moderado,53,3,2,3,3,2,3,3,2,2,3,3,2,3,2,3,2,3,3,2,3
P001750,0.75,padrao_1,moderado,45,3,3,2,3,3,2,2,3,2,3,3,2,3,2,3,2,3,2,3,3
P010245,0.75,padrao_1,moderado,48,3,3,2,2,3,3,2,3,2,2,3,3,2,3,2,3,2,3,2,3
P005014,0.75,padrao_1,moderado,51,3,2,3,2,3,3,2,3,3,2,3,2,3,3,2,3,2,3,2,3
P001228,0.75,padrao_1,moderado,52,3,3,2,3,2,3,2,2,3,2,3,3,2,3,2,3,2,3,2,3
P003482,0.75,padrao_1,moderado,48,3,3,2,3,2,3,2,3,2,3,2,3,2,3,3,2,3,2,3,2
P004172,0.75,padrao_1,sedentário,48,3,4,3,2,3,4,2,3,4,2,3,4,3,2,4,3,2,3,4,3
P003775,0.75,padrao_1,moderado,52,3,2,3,2,3,2,3,2,3,2,3,3,2,3,2,3,2,3,2,3
P000994,0.75,padrao_1,moderado,47,3,2,3,2,3,2,3,2,2,3,3,2,3,2,3,2,3,2,3,2
P010132,0.75,padrao_1,moderado,47,3,3,2,3,3,2,3,3,2,3,2,3,2,3,2,3,2,3,3,2
P009216,0.75,padrao_1,ativo,50,3,2,3,2,4,3,2,3,4,3,2,3,2,4,3,2,3,2,4,3
P010434,0.75,padrao_1,moderado,46,3,3,2,3,2,3,2,3,2,3,3,2,3,2,3,2,3,2,3,2
P006955,0.75,padrao_1,sedentário,46,3,4,3,2,4,3,2,3,4,3,2,4,3,2,4,3,2,3,4,3
P010022,0.75,padrao_1,sedentário,48,3,3,2,2,3,3,2,3,2,3,2,3,2,3,2,3,2,3,2,3
P007810,0.75,padrao_1,moderado,54,3,2,3,4,2,3,2,3,4,2,3,3,4,2,3,3,2,4,3,2
P006802,0.75,padrao_1,ativo,53,3,2,3,2,3,2,3,2,3,2,2,3,2,3,2,3,2,3,2,3
P001083,0.75,padrao_1,sedentário,49,3,3,2,2,3,2,3,2,3,2,2,3,2,3,2,3,2,2,3,3
P004811,0.75,padrao_1,moderado,49,3,3,2,2,3,2,3,2,2,3,2,3,2,3,3,2,3,2,2,3
P009899,0.75,padrao_1,moderado,48,3,3,2,3,2,2,3,2,3,2,3,2,3,2,3,3,2,3,3,2
P004428,0.75,padrao_1,moderado,48,3,3,2,3,2,3,2,3,2,3,2,3,2,3,2,3,2,3,3,2
P007455,0.75,padrao_1,moderado,52,3,2,3,2,3,2,3,2,3,1,2,3,2,3,2,3,1,2,2,3
P005156,0.75,padrao_1,moderado,49,3,3,2,3,2,3,2,2,3,2,3,2,3,2,3,2,2,3,3,2
P000842,0.75,padrao_1,moderado,50,3,3,2,3,2,3,2,3,2,3,2,3,2,3,2,3,2,3,2,3
P005018,0.75,padrao_1,moderado,50,3,3,2,2,3,3,2,2,3,3,2,3,2,3,2,3,2,3,2,3
P000047,0.75,padrao_1,moderado,49,3,2,3,2,3,2,3,2,3,2,3,2,3,2,3,2,3,2,3,2
P006092,0.75,padrao_1,moderado,49,3,4,3,2,3,2,3,4,2,3,1,3,4,2,3,3,4,2,3,4
P010196,0.75,padrao_1,sedentário,50,3,2,2,3,4,3,2,2,3,4,3,2,4,3,2,2,3,3,4,3
P003580,0.75,padrao_1,ativo,49,3,3,2,2,3,2,3,4,3,2,3,2,3,4,3,2,3,4,3,2
P001966,0.75,padrao_1,ativo,47,3,3,2,3,2,3,2,4,2,3,1,3,2,3,2,3,2,3,4,2
P005086,0.75,padrao_1,moderado,51,3,2,3,2,3,2,3,2,3,2,3,2,4,2,3,1,3,2,3,2
P006082,0.75,padrao_1,sedentário,47,3,2,3,2,3,2,3,4,3,2,3,4,2,3,2,3,1,2,3,2
P004643,0.75,padrao_1,ativo,54,3,2,3,3,2,3,3,2,4,3,2,3,2,3,3,2,3,2,3,2
P002040,0.75,padrao_1,moderado,55,3,3,2,3,2,3,2,2,4,3,2,3,2,3,2,3,4,3,2,3
P008395,0.75,padrao_1,ativo,47,3,4,3,2,3,4,2,3,2,4,3,2,4,3,2,4,3,2,3,4
P009247,0.75,padrao_1,moderado,49,3,2,3,2,3,2,3,2,3,2,3,2,3,2,3,2,3,2,3,2
P006703,0.75,padrao_1,moderado,47,3,3,2,4,3,2,3,2,3,4,2,3,3,2,4,3,2,3,3,2
P007990,0.75,padrao_1,moderado,49,3,3,2,2,3,2,3,2,3,2,2,3,3,2,3,2,3,2,3,2
P007486,0.75,padrao_1,moderado,50,3,3,2,3,2,3,2,3,2,3,2,3,2,3,2,3,2,3,2,3
P004577,0.75,padrao_1,ativo,54,3,2,3,4,2,3,3,2,4,3,2,3,4,2,3,4,2,3,3,2
P010596,0.75,padrao_1,moderado,50,3,3,2,3,2,3,2,3,2,3,2,3,2,3,2,3,2,3,2,3
P002690,0.75,padrao_1,moderado,51,3,3,2,3,4,2,3,2,3,2,3,4,2,3,3,2,4,2,3,3
P007715,0.75,padrao_1,moderado,57,3,3,4,3,2,3,2,3,4,3,2,3,4,3,2,3,4,2,3,4
P001354,0.75,padrao_1,moderado,49,3,2,3,3,2,2,3,2,3,2,3,2,3,2,3,3,2,2,3,2
P010440,0.75,padrao_1,ativo,47,3,4,2,3,4,2,3,2,3,4,2,3,4,2,3,3,2,4,3,2
P008655,0.75,padrao_1,moderado,50,3,3,2,3,2,3,2,3,3,2,2,3,2,2,3,3,2,3,2,3
P001929,0.75,padrao_1,ativo,49,3,4,2,3,4,3,2,3,4,2,3,4,2,3,4,2,3,4,3,2
P009844,0.75,padrao_1,moderado,50,3,3,2,3,2,3,2,3,2,3,2,3,2,3,2,3,2,3,2,3
P004358,0.75,padrao_1,moderado,52,3,3,2,4,3,2,3,2,3,3,2,4,3,2,3,3,2,4,3,3
P003619,0.75,padrao_1,moderado,46,3,4,3,2,3,2,4,3,2,3,4,3,2,3,4,2,3,4,3,2
P006497,0.75,padrao_1,moderado,52,3,2,3,2,3,2,3,1,2,3,2,3,2,3,2,1,3,2,3,2
P008032,0.75,padrao_1,moderado,49,3,2,2,3,2,3,2,3,2,3,2,3,2,3,2,3,2,2,3,3
P009031,0.75,padrao_1,moderado,50,3,3,2,3,2,3,2,3,2,3,2,3,2,3,2,3,2,3,2,3
P001537,0.75,padrao_1,moderado,50,3,3,2,3,2,3,2,3,2,3,2,3,2,3,2,3,2,3,2,3
P008282,0.75,padrao_1,ativo,49,3,2,3,4,2,3,2,3,3,4,2,3,2,3,4,3,2,3,4,3
P007203,0.75,padrao_1,moderado,52,3,2,3,2,3,2,4,3,2,3,2,3,4,2,3,2,3,4,3,2
P004472,0.75,padrao_1,moderado,50,3,3,2,3,2,3,2,2,3,2,3,3,2,2,3,3,2,3,2,3
P003902,0.75,padrao_1,moderado,48,3,3,2,3,2,3,2,3,2,3,2,2,3,2,3,3,2,3,2,3
P002898,0.75,padrao_1,moderado,56,3,3,4,2,3,4,2,3,4,2,3,3,2,4,3,2,3,4,3,4
P005641,0.75,padrao_1,moderado,49,3,2,2,3,3,2,3,2,3,2,3,2,3,2,3,2,3,2,3,2
P002525,0.75,padrao_1,sedentário,55,3,3,4,2,3,2,4,3,3,2,3,2,4,3,3,2,4,3,2,3
P006695,0.75,padrao_1,moderado,52,3,3,2,3,2,2,3,2,3,3,2,3,2,3,2,3,2,3,2,3
P007283,0.75,padrao_1,moderado,47,3,3,2,3,2,3,2,3,2,2,3,2,3,2,3,2,3,2,3,2
P001992,0.75,padrao_1,moderado,49,3,2,3,2,3,2,3,2,3,2,3,2,3,2,3,2,3,2,3,2
P010236,0.75,padrao_1,moderado,48,3,3,2,2,3,3,2,3,2,2,3,3,2,3,2,3,2,3,2,3
P004373,0.75,padrao_1,moderado,50,3,3,2,4,3,2,3,2,3,2,3,4,3,2,3,4,3,2,3,3
P002677,0.75,padrao_1,moderado,48,3,3,2,3,2,3,2,3,2,3,2,3,3,2,3,2,3,2,3,2
P010698,0.75,padrao_1,moderado,50,3,3,2,3,2,3,2,3,2,3,2,3,2,3,2,3,2,3,2,3
P009618,0.75,padrao_1,moderado,50,3,2,3,2,3,2,3,3,2,2,3,3,2,3,2,3,2,3,2,3
P000493,0.75,padrao_1,moderado,48,3,3,2,4,3,2,3,4,2,3,3,4,2,3,2,4,3,2,3,4
P001084,0.75,padrao_1,moderado,49,3,2,3,2,3,2,3,2,3,2,3,2,3,2,3,2,3,2,3,2
P001970,0.75,padrao_1,moderado,50,3,3,2,3,2,3,2,3,2,3,2,3,2,3,2,3,2,3,2,3
P003452,0.75,padrao_1,moderado,51,3,4,2,3,4,2,3,2,4,3,2,3,4,1,3,2,4,2,3,4
P006788,0.75,padrao_1,moderado,49,3,2,3,2,3,2,3,2,3,2,3,2,3,2,3,2,3,2,3,2
P005225,0.75,padrao_1,sedentário,56,3,2,3,3,2,4,3,2,4,3,2,3,3,2,2,4,3,2,3,4
P004212,0.75,padrao_1,moderado,49,3,3,2,3,2,4,3,2,3,2,3,2,3,2,4,3,2,3,4,3
P003692,0.75,padrao_1,moderado,51,3,3,2,3,2,3,3,2,2,3,2,3,2,3,3,2,3,2,3,3
P009820,0.75,padrao_1,moderado,50,3,3,2,3,2,3,2,3,2,3,2,3,2,3,2,3,2,3,2,3
P006650,0.75,padrao_1,moderado,43,3,3,2,2,3,3,2,4,2,3,2,2,3,2,3,4,3,2,3,3
P010610,0.75,padrao_1,sedentário,52,3,3,4,3,4,3,2,4,3,4,2,3,3,4,2,3,4,2,3,4
P000278,0.75,padrao_1,moderado,45,3,3,2,4,3,3,2,3,2,4,3,3,2,3,4,2,3,2,4,3
P009129,0.75,padrao_1,moderado,46,3,3,2,4,3,2,4,3,2,4,3,3,2,3,2,4,3,3,4,2
P010023,0.75,padrao_1,moderado,52,3,3,2,4,3,2,3,2,4,3,2,3,2,3,4,2,3,2,3,4
P009011,0.75,padrao_1,sedentário,53,3,4,3,2,3,4,3,2,3,4,3,2,3,4,2,3,4,3,2,3
P002927,0.75,padrao_1,moderado,50,3,3,2,3,2,3,2,3,2,3,2,3,2,3,2,3,2,3,2,3
P007429,0.75,padrao_1,moderado,50,3,3,2,3,2,3,2,3,2,2,3,3,2,3,2,3,3,2,2,3
P009477,0.75,padrao_1,moderado,51,3,3,2,3,2,3,4,3,2,3,2,3,3,2,3,3,2,4,3,3
P006777,0.75,padrao_1,moderado,46,3,3,2,2,3,2,4,2,3,3,2,2,3,2,3,4,2,3,3,2
P008033,0.75,padrao_1,sedentário,49,2,3,2,3,2,4,3,2,3,4,3,2,3,2,4,2,3,2,3,2
P005316,0.75,padrao_1,moderado,54,3,3,2,4,2,3,2,3,2,3,2,4,3,2,3,2,3,4,2,3
P004766,0.75,padrao_1,moderado,50,3,3,2,3,2,3,2,3,3,2,2,3,2,3,3,2,3,2,3,2
P007003,0.75,padrao_1,moderado,51,3,2,3,2,3,2,3,2,3,2,3,2,2,3,2,3,2,3,2,3
P004528,0.75,padrao_1,moderado,48,3,3,2,2,3,4,2,3,3,2,3,2,3,2,3,3,2,3,2,3
P006208,0.75,padrao_1,moderado,52,3,3,2,3,3,2,3,2,3,2,3,2,3,3,2,2,2,3,2,3
P005017,0.75,padrao_1,ativo,49,3,4,3,2,4,3,2,1,3,4,2,3,4,2,3,4,2,3,2,4
P000446,0.75,padrao_1,moderado,53,3,3,2,4,3,2,3,2,3,2,3,4,3,3,2,3,4,2,3,2
P000953,0.75,padrao_1,moderado,47,3,3,2,4,3,3,2,2,3,3,4,2,3,2,4,3,2,3,2,3
P007763,0.75,padrao_1,ativo,48,3,3,2,4,3,2,3,4,2,3,3,2,4,2,3,3,2,4,2,3
P005277,0.75,padrao_1,moderado,48,3,3,2,3,2,3,2,3,2,3,2,3,2,3,3,2,3,2,3,2
P007342,0.75,padrao_1,moderado,51,3,3,2,3,2,3,2,3,4,2,3,2,3,2,3,3,2,4,2,3
P003044,0.75,padrao_1,moderado,52,3,2,3,2,3,3,2,2,3,2,3,3,2,3,2,3,2,3,2,3
P006902,0.75,padrao_1,moderado,48,3,3,2,3,2,3,2,3,2,3,2,3,3,2,2,3,3,2,3,2
P009124,0.75,padrao_1,moderado,49,3,2,3,2,3,2,3,2,3,2,3,2,3,2,3,2,3,2,3,2
P003794,0.75,padrao_1,moderado,49,3,3,2,3,2,3,3,2,3,2,3,2,3,2,3,3,2,2,3,3
P007381,0.75,padrao_1,moderado,57,3,3,4,3,2,3,4,2,3,2,3,4,3,2,4,3,3,4,2,3
P009457,0.75,padrao_1,ativo,46,3,4,3,2,3,2,4,3,2,3,4,2,3,3,4,2,3,4,3,2
P010358,0.75,padrao_1,moderado,52,3,3,2,3,2,3,2,3,3,2,2,3,2,3,2,3,2,3,2,3
P006750,0.75,padrao_1,moderado,50,3,3,2,3,2,3,2,4,3,2,3,4,3,2,3,3,2,3,2,3
P009631,0.75,padrao_1,moderado,48,3,3,2,3,2,3,2,3,2,3,2,3,2,2,3,3,2,3,2,3
P007773,0.75,padrao_1,moderado,52,3,3,2,3,2,3,2,3,2,3,2,4,3,2,3,2,3,3,2,3
P001031,0.75,padrao_1,moderado,50,3,3,2,3,2,3,2,3,2,3,2,3,2,3,2,3,2,3,2,3
P008750,0.75,padrao_1,moderado,54,3,3,2,3,2,3,2,2,3,3,2,3,2,3,2,2,3,3,2,3
P001498,0.75,padrao_1,moderado,50,3,3,2,3,2,3,2,2,3,2,3,3,2,2,3,3,2,3,2,3
P001070,0.75,padrao_1,moderado,48,3,3,2,3,2,3,2,3,2,3,2,3,2,3,2,3,2,3,3,2
P006299,0.75,padrao_1,moderado,54,3,2,3,3,2,3,2,2,3,2,2,3,3,2,3,3,2,3,2,3
P003374,0.75,padrao_1,moderado,48,3,3,2,3,2,2,3,3,2,3,2,3,2,3,2,3,2,3,3,2
P007840,0.75,padrao_1,moderado,49,3,2,3,3,2,3,2,4,3,2,3,2,3,3,2,4,3,2,4,3
P005778,0.75,padrao_1,moderado,48,3,3,2,3,2,2,3,3,2,3,2,2,3,2,3,2,3,2,3,3
P002989,0.75,padrao_1,moderado,46,3,3,2,4,3,3,2,4,3,2,4,3,3,2,4,2,3,3,4,2
P010451,0.75,padrao_1,moderado,47,3,3,2,2,3,3,2,2,3,2,3,3,2,2,3,2,3,2,3,2
P003598,0.75,padrao_1,moderado,52,2,3,2,2,3,2,3,2,3,2,2,3,2,3,2,3,2,3,2,3
P005707,0.75,padrao_1,moderado,52,3,3,2,3,2,3,3,2,3,2,2,3,2,3,3,2,3,2,3,2
P008612,0.75,padrao_1,sedentário,54,3,3,4,3,2,3,4,3,3,2,4,3,2,3,2,3,4,3,3,2
P003121,0.75,padrao_1,moderado,49,3,3,2,3,2,2,3,2,3,2,3,2,3,2,3,2,3,2,3,2
P007898,0.75,padrao_1,moderado,49,3,2,3,2,3,2,3,2,3,2,3,2,3,2,3,2,3,2,3,2
P006337,0.75,padrao_1,moderado,54,3,2,3,2,3,3,2,2,3,3,2,3,2,3,2,2,3,3,2,3
P001737,0.75,padrao_1,moderado,54,3,3,2,3,3,2,3,2,4,3,2,3,3,2,3,2,3,4,2,3
P007496,0.75,padrao_1,moderado,43,3,3,2,2,3,2,2,3,2,3,3,2,3,2,2,3,2,2,3,3
P003462,0.75,padrao_1,moderado,54,3,3,2,4,3,2,3,2,3,4,2,3,4,2,3,2,3,4,2,3
P001075,0.75,padrao_1,moderado,52,3,3,2,3,2,3,2,2,3,2,3,3,2,3,2,2,3,2,3,3
P008978,0.75,padrao_1,moderado,53,3,4,3,2,3,3,2,3,4,2,3,2,3,4,3,2,3,4,2,3
P001963,0.75,padrao_1,moderado,50,3,3,2,3,2,3,2,3,2,3,2,3,2,3,2,3,2,3,2,3
P008865,0.75,padrao_1,moderado,48,3,3,2,3,2,3,2,3,2,3,2,3,2,3,2,3,2,3,3,2
P003211,0.75,padrao_1,moderado,49,3,2,3,2,3,2,3,2,3,2,3,2,3,2,3,2,3,2,3,2
P009075,0.75,padrao_1,moderado,47,3,3,2,3,2,3,1,4,2,3,2,4,3,3,2,4,3,2,3,2
P009823,0.75,padrao_1,moderado,49,3,2,2,3,3,2,3,2,3,2,3,2,3,2,3,2,3,2,3,2
P003353,0.75,padrao_1,ativo,53,3,2,3,2,3,2,4,2,3,3,2,3,2,3,2,3,2,3,2,3
P004903,0.75,padrao_1,moderado,50,3,3,2,3,2,3,2,3,2,3,2,3,2,3,2,3,2,3,2,3
P008970,0.75,padrao_1,ativo,51,3,3,2,4,3,2,3,4,3,2,3,3,2,4,3,2,3,4,3,2
P002077,0.75,padrao_1,sedentário,48,3,3,2,3,2,3,2,3,3,2,4,3,2,3,2,3,2,3,3,2
P006170,0.75,padrao_1,moderado,51,3,2,3,2,2,3,2,3,3,2,3,2,3,3,2,2,3,2,3,2
P008782,0.75,padrao_1,moderado,53,3,2,4,3,2,3,4,2,3,4,2,3,3,2,4,3,2,4,3,2
P001830,0.75,padrao_1,moderado,48,3,3,2,2,3,3,2,3,2,3,2,3,3,2,2,3,2,3,2,3
P006615,0.75,padrao_1,moderado,48,3,2,2,3,3,2,2,3,2,3,2,3,2,3,2,2,3,2,3,2
P005463,0.75,padrao_1,moderado,51,3,2,3,2,3,2,3,2,2,3,2,3,2,3,2,3,2,3,2,3
P002053,0.75,padrao_1,moderado,52,3,3,2,3,2,2,3,2,3,3,2,3,2,3,2,3,2,3,2,3
P005276,0.75,padrao_1,moderado,47,3,3,2,2,3,2,3,3,2,3,2,3,2,2,3,2,3,2,2,3
P006981,0.75,padrao_1,moderado,47,3,2,3,2,4,3,2,3,2,3,2,3,2,3,4,3,2,3,2,3
P006464,0.75,padrao_1,moderado,50,3,3,2,3,2,3,2,3,2,3,2,3,2,3,1,2,3,2,3,2
P008265,0.75,padrao_1,moderado,45,3,3,2,2,3,3,2,2,3,2,3,2,3,2,3,3,2,2,3,2
P003649,0.75,padrao_1,moderado,47,3,3,2,4,3,2,3,2,3,4,3,2,3,2,3,4,3,2,3,4
P000883,0.75,padrao_1,sedentário,51,3,4,3,2,3,4,3,2,3,4,3,2,3,4,3,2,3,4,3,2
P001722,0.75,padrao_1,moderado,51,3,3,2,4,3,2,3,4,3,2,3,4,2,3,3,2,3,4,3,2
P006980,0.75,padrao_1,moderado,48,3,3,2,3,2,3,2,3,2,3,2,3,2,3,3,2,3,2,3,2
P005763,0.75,padrao_1,ativo,57,3,3,2,3,2,3,4,2,3,3,2,4,2,3,3,2,4,3,2,3
P006844,0.75,padrao_1,moderado,49,3,3,2,3,2,2,3,2,3,2,3,2,3,2,3,2,3,2,3,2
P009229,0.75,padrao_1,sedentário,51,2,3,3,2,3,2,3,2,3,2,4,3,2,3,2,3,2,3,2,3
P003547,0.75,padrao_1,moderado,53,3,3,2,3,2,4,3,2,3,4,2,3,3,2,3,2,4,3,3,2
P007068,0.75,padrao_1,moderado,46,3,4,3,2,4,3,2,3,4,3,2,3,4,2,3,4,3,2,4,3
P008114,0.75,padrao_1,moderado,52,3,2,3,3,2,3,2,3,2,3,2,3,2,3,2,3,2,3,2,3
P009520,0.75,padrao_1,moderado,50,3,2,3,2,3,3,2,3,2,3,2,3,2,3,2,3,2,3,2,3
P005611,0.75,padrao_1,moderado,49,3,3,2,4,3,2,3,2,3,4,2,3,3,2,3,4,3,2,3,4
P006976,0.75,padrao_1,moderado,51,3,2,3,2,3,2,3,2,2,3,2,3,2,3,2,3,2,3,2,3
P004104,0.75,padrao_1,moderado,48,3,3,2,3,2,3,3,2,2,3,4,2,3,2,3,3,2,3,2,3
P009289,0.75,padrao_1,ativo,50,3,4,2,3,3,2,4,3,2,3,2,3,4,3,2,4,3,2,3,4
P000509,0.75,padrao_1,moderado,50,3,3,2,3,2,3,2,2,3,2,3,3,2,2,3,2,3,2,3,3
P005875,0.75,padrao_1,sedentário,49,3,4,3,2,4,3,2,3,4,2,3,4,3,2,4,3,2,4,3,4
P000059,0.75,padrao_1,moderado,50,3,3,2,3,2,3,2,3,2,3,2,3,2,3,2,3,2,3,2,3
P010771,0.75,padrao_1,moderado,45,3,3,2,3,2,3,2,3,2,3,4,2,3,2,3,2,3,2,3,2
P000701,0.75,padrao_1,moderado,48,3,3,2,3,2,3,2,3,2,3,2,4,3,2,3,3,2,3,3,2
P001079,0.75,padrao_1,moderado,47,3,3,2,4,3,2,3,3,2,4,3,2,4,3,2,3,3,2,4,3
P000076,0.75,padrao_1,moderado,45,3,2,4,2,3,2,3,3,2,4,3,2,4,2,3,3,2,3,4,2
P005410,0.75,padrao_1,moderado,49,3,3,2,4,3,2,3,2,3,4,2,3,3,2,4,3,2,4,3,3
P003407,0.75,padrao_1,moderado,54,3,2,3,2,1,3,3,2,1,2,3,2,3,2,1,2,3,2,1,2
P001904,0.75,padrao_1,moderado,52,3,3,2,3,2,3,3,2,2,1,3,2,3,2,2,3,2,3,2,3
P005973,0.75,padrao_1,sedentário,48,3,4,3,2,4,3,2,3,4,3,3,2,4,3,2,4,2,3,3,4
P006324,0.75,padrao_1,moderado,52,3,3,2,3,2,3,2,2,3,3,2,3,2,3,2,3,2,3,2,3
P005971,0.75,padrao_1,ativo,46,3,3,2,2,3,4,2,3,2,3,4,3,2,3,2,4,3,2,3,4
P008178,0.75,padrao_1,moderado,49,3,2,3,2,3,2,3,2,3,2,3,2,3,2,3,2,3,2,3,2
P008523,0.75,padrao_1,moderado,44,3,3,2,2,3,3,2,3,2,4,3,2,3,4,2,3,2,3,4,2
P003540,0.75,padrao_1,moderado,52,3,3,2,3,2,3,2,3,3,2,2,3,2,3,2,3,2,3,2,3
P003415,0.75,padrao_1,moderado,50,3,3,2,3,2,3,2,3,2,3,2,3,2,3,2,3,2,3,2,3
P000411,0.75,padrao_1,moderado,47,3,4,2,3,4,3,2,3,4,3,2,4,3,2,4,3,2,4,3,2
P004793,0.75,padrao_1,sedentário,50,3,2,3,3,2,3,2,3,2,3,4,3,2,3,2,4,3,3,2,3
P001289,0.75,padrao_1,moderado,52,3,2,2,3,1,3,2,2,3,2,3,2,3,1,3,2,2,3,2,3
P010322,0.75,padrao_1,moderado,54,3,2,3,3,2,3,2,2,3,3,2,3,4,2,3,3,2,3,2,3
P001241,0.75,padrao_1,moderado,49,3,3,2,3,3,2,3,2,3,2,3,2,3,3,2,3,2,3,3,2
P008043,0.75,padrao_1,moderado,50,3,3,2,3,2,3,2,3,2,3,2,3,2,3,2,3,2,3,2,3
P000122,0.75,padrao_1,moderado,48,3,3,2,3,2,3,2,3,2,3,2,3,2,3,3,2,3,2,3,2
P007908,0.75,padrao_1,moderado,55,2,3,2,3,4,3,2,3,4,3,2,3,4,3,2,3,4,3,2,3
P001036,0.75,padrao_1,moderado,48,3,3,2,2,3,3,2,3,2,3,2,3,3,2,3,2,2,3,2,3
P005658,0.75,padrao_1,moderado,47,3,2,3,2,3,2,3,2,2,3,3,2,3,2,3,2,3,2,3,2
P000551,0.75,padrao_1,moderado,50,3,2,2,3,2,2,3,2,3,2,3,2,3,3,2,3,2,2,3,2
P001987,0.75,padrao_1,moderado,50,3,3,2,3,2,4,3,2,4,3,2,3,3,2,4,3,2,3,4,2
P001300,0.75,padrao_1,moderado,50,3,3,2,3,2,3,2,3,2,3,2,3,2,3,2,3,2,3,2,3
P002475,0.75,padrao_1,moderado,49,3,2,3,2,3,2,3,2,3,2,3,2,3,2,3,2,3,2,3,2
P004011,0.75,padrao_1,moderado,50,3,3,2,3,2,3,3,2,2,3,4,3,2,3,2,3,2,3,2,3
P003867,0.75,padrao_1,moderado,50,3,3,2,3,2,3,2,3,2,3,2,3,2,3,2,3,2,3,2,3
P002232,0.75,padrao_1,moderado,47,3,3,2,3,2,3,2,4,3,3,2,4,3,2,3,4,2,3,3,2
P010616,0.75,padrao_1,ativo,50,3,3,2,2,3,2,3,2,3,2,3,2,4,3,2,2,3,2,3,2
P003605,0.75,padrao_1,sedentário,51,3,3,3,2,3,3,2,2,3,3,2,3,2,2,3,2,3,3,2,3
P000643,0.75,padrao_1,ativo,52,3,3,2,4,2,3,4,2,3,3,2,4,3,2,3,4,3,2,3,2
P010202,0.75,padrao_1,ativo,50,3,2,3,2,3,2,3,2,3,3,2,3,2,2,3,3,2,3,2,3
P000816,0.75,padrao_1,moderado,49,3,2,3,2,3,2,3,2,3,2,3,2,3,2,3,2,3,2,3,2
P010216,0.75,padrao_1,ativo,42,3,4,3,2,3,2,4,3,2,3,4,2,3,2,3,4,2,3,4,3
P004247,0.75,padrao_1,ativo,46,3,4,3,2,4,3,2,3,2,3,4,3,2,4,3,2,3,4,3,2
P000970,0.75,padrao_1,moderado,52,3,3,2,3,2,3,2,3,3,2,2,3,3,2,3,2,3,3,2,2
P005825,0.75,padrao_1,ativo,54,3,3,2,4,3,2,4,3,2,3,2,3,4,3,2,3,4,2,3,4
P000085,0.75,padrao_1,ativo,49,3,2,3,2,3,2,3,3,2,3,2,3,2,3,2,3,2,4,3,2
P002239,0.75,padrao_1,moderado,44,3,3,2,3,4,3,2,3,2,3,4,3,2,3,4,3,2,3,2,3
P004208,0.75,padrao_1,moderado,56,3,3,2,4,2,2,3,2,3,3,2,4,2,3,3,2,4,3,2,3
P006831,0.75,padrao_1,sedentário,46,3,3,2,3,2,4,2,3,3,2,4,2,3,2,4,3,3,2,3,2
P004322,0.75,padrao_1,moderado,51,3,2,3,2,3,2,3,2,3,2,3,2,3,4,3,2,3,2,3,2
P007037,0.75,padrao_1,ativo,54,3,2,3,4,2,3,2,3,2,4,3,2,3,4,3,2,3,4,2,3
P009770,0.75,padrao_1,moderado,49,3,2,3,2,3,2,3,2,3,2,3,2,3,2,3,2,3,2,3,2
P000477,0.75,padrao_1,moderado,49,3,3,2,3,3,2,3,2,2,3,2,3,3,2,3,2,3,2,3,3
P000137,0.75,padrao_1,sedentário,52,3,4,3,2,3,4,3,2,3,4,2,3,4,3,2,4,3,2,3,4
P003454,0.75,padrao_1,ativo,47,3,3,2,4,2,3,2,4,3,2,3,4,2,3,4,3,2,3,4,2
P002411,0.75,padrao_1,moderado,50,3,3,2,3,2,3,2,3,2,3,2,3,2,3,2,3,2,3,2,3
P000795,0.75,padrao_1,ativo,50,3,3,4,2,3,2,4,3,3,2,4,3,2,3,4,2,3,4,3,2
P008050,0.75,padrao_1,ativo,54,3,3,2,3,2,4,3,2,3,2,3,2,4,3,2,3,2,4,3,2
P008308,0.75,padrao_1,ativo,49,2,3,3,2,2,3,3,2,2,3,3,2,3,2,3,2,3,2,3,2
P002880,0.75,padrao_1,muito ativo,50,3,2,3,2,3,2,3,2,3,2,3,1,3,2,1,2,3,2,3,2
P004219,0.75,padrao_1,moderado,50,3,2,3,2,3,2,4,3,2,3,2,3,2,3,3,2,4,2,3,2
P002813,0.75,padrao_1,moderado,51,3,2,3,2,3,2,3,2,3,2,3,2,3,4,3,2,3,2,3,2
P008039,0.75,padrao_1,moderado,52,3,3,4,2,3,3,4,2,3,2,4,2,3,3,4,2,4,3,3,2
P008607,0.75,padrao_1,moderado,55,3,3,2,4,3,3,4,2,3,3,2,4,3,2,3,4,3,4,2,3
P010024,0.75,padrao_1,moderado,49,3,2,3,2,3,2,3,2,3,2,3,2,3,2,3,2,3,2,3,2
P008996,0.75,padrao_1,moderado,49,3,3,2,4,3,2,3,2,3,4,2,3,2,3,4,2,3,2,3,3
P008110,0.75,padrao_1,moderado,48,3,3,2,3,2,2,3,2,3,2,3,2,3,1,3,2,3,2,3,2
P006076,0.75,padrao_1,moderado,48,3,3,2,3,2,3,2,3,2,3,2,3,3,2,3,2,3,2,3,2
P007901,0.75,padrao_1,moderado,48,3,2,3,2,4,3,2,3,2,3,4,2,3,2,3,2,4,3,2,3
P007816,0.75,padrao_1,moderado,50,3,4,3,2,3,2,3,2,4,3,2,3,2,3,4,2,3,2,3,4
P009537,0.75,padrao_1,ativo,44,3,2,3,2,4,3,2,3,2,3,4,3,2,3,2,4,3,2,3,2
P003659,0.75,padrao_1,moderado,49,3,3,2,3,2,3,2,2,3,2,3,2,3,2,3,2,3,2,3,2
P000252,0.75,padrao_1,moderado,45,3,3,2,3,4,3,2,3,2,4,2,3,3,2,4,3,2,3,2,3
P008461,0.75,padrao_1,ativo,46,3,3,2,3,2,3,2,3,2,3,4,3,2,3,2,3,3,2,3,2
P000684,0.75,padrao_1,moderado,54,3,3,4,3,2,4,3,3,2,3,1,3,2,4,3,2,3,2,4,3
P006426,0.75,padrao_1,ativo,47,3,3,2,2,3,2,3,2,3,2,3,2,3,2,3,2,3,2,3,2
P006222,0.75,padrao_1,sedentário,53,3,3,2,3,2,4,3,3,2,2,3,4,3,2,3,2,3,4,3,2
P003008,0.75,padrao_1,ativo,47,3,3,2,3,2,3,2,3,2,3,2,2,3,2,3,2,3,2,3,2
P005713,0.75,padrao_1,sedentário,50,3,3,2,3,2,3,2,3,2,3,2,3,2,3,2,3,2,3,2,3
P008525,0.75,padrao_1,ativo,48,3,3,2,4,3,2,3,2,3,2,4,3,3,2,4,3,2,4,3,2
P003909,0.75,padrao_1,moderado,54,3,2,4,3,2,3,2,3,4,2,3,2,4,3,2,3,2,3,4,3
P000361,0.75,padrao_1,sedentário,56,3,3,4,3,2,4,3,2,4,3,2,3,4,2,3,4,3,2,3,4
P007734,0.75,padrao_1,moderado,50,3,3,2,3,2,3,2,3,2,3,3,2,4,3,2,3,2,3,2,3
P001927,0.75,padrao_1,moderado,49,3,3,2,2,3,2,3,2,3,2,3,2,3,2,3,2,2,3,2,3
P004254,0.75,padrao_1,moderado,51,3,3,2,3,2,3,2,2,3,2,3,2,3,2,2,3,2,3,2,3
P006099,0.75,padrao_1,moderado,51,3,3,2,3,2,3,3,2,3,3,2,3,2,3,2,3,2,3,3,2
P010394,0.75,padrao_1,moderado,50,3,3,2,3,2,3,2,3,2,3,2,3,2,3,2,3,2,3,2,3
P008473,0.75,padrao_1,moderado,49,3,2,3,2,3,2,3,2,3,2,3,2,3,2,3,2,3,2,3,2
P008245,0.75,padrao_1,moderado,48,3,2,3,2,3,2,3,1,2,3,2,3,1,2,3,2,3,2,3,2
P002632,0.75,padrao_1,moderado,53,3,3,2,4,3,3,2,4,3,2,3,2,4,3,3,2,4,3,2,3
P002391,0.75,padrao_1,moderado,56,3,2,3,2,4,3,3,2,4,3,2,3,2,4,3,2,3,3,2,4
P004170,0.75,padrao_1,sedentário,50,3,4,3,3,4,2,3,2,3,3,4,2,3,4,2,3,4,2,3,4
P000044,0.75,padrao_1,moderado,51,3,3,4,2,3,3,4,2,3,3,2,3,4,2,3,3,2,3,4,2
P008200,0.75,padrao_1,sedentário,50,3,3,2,3,2,3,2,3,2,3,2,3,2,3,2,3,2,3,2,3
P008740,0.75,padrao_1,moderado,47,3,4,3,2,4,3,2,3,2,3,4,3,2,3,2,3,4,3,2,3
P007174,0.75,padrao_1,moderado,47,3,3,2,3,2,3,2,3,2,3,2,3,2,2,3,2,3,2,3,2
P007087,0.75,padrao_1,moderado,53,3,3,2,4,3,2,3,4,3,2,3,3,4,2,3,2,3,4,2,3
P007784,0.75,padrao_1,moderado,51,3,3,2,3,2,4,3,2,3,2,4,3,2,3,4,3,2,3,2,3
P005172,0.75,padrao_1,moderado,52,3,3,2,3,2,4,3,2,3,2,3,2,3,2,3,4,3,3,2,3
P002134,0.75,padrao_1,sedentário,49,3,2,3,3,2,3,2,4,3,2,3,2,3,2,4,3,2,4,3,3
P000761,0.75,padrao_1,moderado,50,3,3,2,3,2,3,2,3,2,3,2,3,2,3,2,3,2,3,2,3
P009387,0.75,padrao_1,moderado,51,3,2,3,2,3,2,3,2,2,3,2,3,2,3,2,3,2,3,2,3
P009669,0.75,padrao_1,moderado,50,3,2,3,3,2,3,2,3,2,3,2,3,3,2,3,2,3,2,3,2
P008748,0.75,padrao_1,moderado,52,3,3,2,4,3,2,4,3,2,3,2,3,4,3,2,4,3,2,3,4
P001164,0.75,padrao_1,moderado,50,3,3,2,3,2,3,2,3,2,3,2,3,2,3,2,3,2,3,2,3
P008927,0.75,padrao_1,ativo,50,3,3,2,4,3,2,3,4,2,3,3,2,4,3,2,3,4,2,3,4
P005967,0.75,padrao_1,moderado,51,2,3,2,3,2,3,2,3,2,3,2,3,2,3,2,3,2,3,2,3
P008555,0.75,padrao_1,moderado,53,3,3,2,3,2,3,3,2,3,2,3,3,2,2,3,2,3,3,2,3
P006221,0.75,padrao_1,moderado,53,3,2,3,2,3,2,3,2,3,2,2,3,2,3,2,3,2,3,2,3
P000476,0.75,padrao_1,moderado,47,3,3,2,3,2,3,2,3,2,2,3,2,2,3,3,2,2,3,3,2
P004797,0.75,padrao_1,moderado,50,3,3,2,3,2,3,2,3,2,3,2,3,2,3,2,3,2,3,2,3
P000297,0.75,padrao_1,sedentário,49,3,2,3,2,3,2,3,3,2,3,2,3,2,3,2,3,2,3,3,3
P006026,0.75,padrao_1,sedentário,48,3,3,4,2,3,2,4,3,3,2,3,4,2,3,4,3,2,3,4,2
P000471,0.75,padrao_1,moderado,48,3,3,2,4,3,3,2,4,3,2,4,2,3,3,2,4,3,2,3,4
P010035,0.75,padrao_1,ativo,48,3,3,3,2,2,3,2,3,2,3,2,3,2,3,3,2,3,2,3,2
P006829,0.75,padrao_1,moderado,50,3,2,3,2,3,2,3,2,3,2,3,2,4,3,2,4,3,2,3,2
P003343,0.75,padrao_1,moderado,54,3,3,2,3,2,4,3,2,3,2,3,2,4,3,2,3,2,4,3,2
P000519,0.75,padrao_1,ativo,58,3,3,2,4,2,3,3,2,4,3,2,3,4,2,3,2,4,3,2,3
P009486,0.75,padrao_1,ativo,51,3,3,2,3,2,3,2,3,2,3,2,3,2,3,1,3,2,3,2,3
P008562,0.75,padrao_1,moderado,52,3,3,2,4,2,3,2,3,4,2,3,2,3,4,3,2,3,2,4,3
P008810,0.75,padrao_1,ativo,46,3,4,3,2,3,2,4,3,2,3,4,3,2,3,2,4,3,2,3,4
P010606,0.75,padrao_1,moderado,51,3,3,2,3,2,3,3,2,2,3,2,3,3,2,3,3,2,3,2,3
P000696,0.75,padrao_1,moderado,46,3,4,2,3,4,2,3,4,2,3,4,2,3,4,2,3,4,2,3,4
P003591,0.75,padrao_1,moderado,50,3,4,3,2,4,3,2,3,4,2,3,1,4,3,2,3,4,2,3,4
P009366,0.75,padrao_1,moderado,47,3,3,2,3,2,3,2,3,2,2,3,3,2,3,2,4,2,3,3,2
P000931,0.75,padrao_1,moderado,50,3,3,2,4,3,2,3,3,2,3,2,3,4,2,3,2,3,2,3,3
P000983,0.75,padrao_1,moderado,49,3,3,2,3,2,3,2,3,2,3,2,3,2,3,3,3,2,3,2,3
P009476,0.75,padrao_1,moderado,47,3,3,2,2,3,2,3,3,2,3,2,3,2,3,2,3,2,3,3,3
P004343,0.75,padrao_1,moderado,49,3,3,2,3,2,3,2,2,3,2,3,2,3,2,3,2,3,2,3,2
P003283,0.75,padrao_1,moderado,48,2,3,2,3,2,3,2,3,2,2,3,2,3,2,3,2,3,2,3,2
P004900,0.75,padrao_1,moderado,48,3,3,2,3,2,3,2,3,2,3,2,3,3,2,3,2,3,2,3,2
P007672,0.75,padrao_1,moderado,59,3,2,4,3,2,3,4,2,3,2,3,4,2,3,4,2,3,4,2,3
P003504,0.75,padrao_1,moderado,49,3,2,3,2,3,2,3,2,3,2,3,2,3,2,3,2,3,2,3,2
P007226,0.75,padrao_1,moderado,51,3,3,2,3,4,3,3,2,4,2,3,3,2,4,3,2,3,3,4,2
P005165,0.75,padrao_1,moderado,54,3,3,4,3,4,3,2,3,4,3,3,2,4,3,2,3,4,3,3,4
P003337,0.75,padrao_1,moderado,52,3,4,3,2,4,3,3,4,2,3,2,3,4,3,2,3,4,3,2,4
P003510,0.75,padrao_1,moderado,46,3,4,2,3,4,3,2,3,4,3,2,3,4,2,3,4,3,2,4,3
P002451,0.75,padrao_1,moderado,50,3,3,2,3,2,3,2,3,2,3,2,3,2,3,2,3,2,3,2,3
P007309,0.75,padrao_1,sedentário,45,3,2,3,2,4,3,2,3,2,4,3,2,3,2,4,3,2,3,2,4
P001702,0.75,padrao_1,sedentário,56,3,3,2,4,3,2,3,3,4,2,3,2,4,3,2,3,4,3,2,4
P006047,0.75,padrao_1,moderado,45,3,3,2,2,3,3,2,3,2,3,4,2,3,2,3,2,3,4,3,2
P002967,0.75,padrao_1,moderado,50,3,2,3,2,3,2,2,3,3,2,3,3,2,3,2,3,2,3,2,3
P005073,0.75,padrao_1,moderado,49,3,3,2,3,2,3,2,3,2,3,2,3,2,3,2,2,3,2,3,2
P009910,0.75,padrao_1,moderado,48,3,3,2,2,3,3,2,2,3,2,3,3,2,2,3,3,2,3,2,3
P002286,0.75,padrao_1,ativo,48,3,4,3,2,3,2,4,3,2,3,4,3,2,3,4,2,3,4,2,3
P003027,0.75,padrao_1,moderado,51,3,2,3,4,3,2,3,2,4,3,2,3,2,3,4,3,2,3,4,3
P010485,0.75,padrao_1,moderado,54,3,3,2,3,2,3,3,2,3,2,2,3,3,2,3,2,3,3,2,2
P003172,0.75,padrao_1,moderado,46,3,3,2,3,2,2,3,3,2,3,1,2,3,2,3,3,2,2,3,2
P002854,0.75,padrao_1,moderado,49,3,3,2,2,3,4,3,2,3,3,2,3,3,2,4,3,2,4,3,2
P009798,0.75,padrao_1,moderado,50,3,3,2,3,2,3,2,3,2,2,3,3,2,3,2,3,2,3,2,3
P002843,0.75,padrao_1,moderado,52,3,3,2,3,3,2,3,2,3,2,2,3,2,3,2,3,2,3,2,3
P004363,0.75,padrao_1,sedentário,47,3,3,2,2,3,3,2,2,3,4,3,2,3,2,3,2,3,2,3,4
P000400,0.75,padrao_1,moderado,52,3,3,2,4,2,3,2,3,2,3,3,2,2,4,3,2,3,4,2,3
P004028,0.75,padrao_1,moderado,56,3,2,4,3,3,2,4,3,3,2,4,3,2,4,3,2,4,3,2,3
P009213,0.75,padrao_1,moderado,52,3,3,2,3,2,3,2,2,3,2,3,3,2,2,3,2,3,3,2,3
P009320,0.75,padrao_1,moderado,50,3,3,2,3,2,3,2,3,2,3,2,3,2,3,2,3,2,3,2,3
P007092,0.75,padrao_1,moderado,49,3,2,3,2,3,2,3,2,3,2,3,2,3,2,3,2,3,2,3,2
P006945,0.75,padrao_1,sedentário,53,3,2,3,2,3,3,2,3,3,2,2,3,3,2,3,2,3,3,2,3
P010273,0.75,padrao_1,moderado,50,3,3,2,3,2,3,2,3,2,3,2,3,2,3,2,3,2,3,2,3
P005577,0.75,padrao_1,moderado,55,3,3,4,2,3,3,4,2,3,2,3,2,4,3,2,3,2,3,2,3
P001807,0.75,padrao_1,ativo,45,3,3,2,2,3,2,2,3,2,3,3,2,2,3,1,2,3,2,3,2
P007156,0.75,padrao_1,ativo,51,3,3,2,3,2,3,2,4,2,3,2,3,3,2,3,2,3,4,2,3
P003271,0.75,padrao_1,sedentário,45,3,3,2,3,2,3,2,3,2,3,3,2,3,2,3,3,2,3,3,2
P007050,0.75,padrao_1,sedentário,52,3,2,3,3,2,3,2,3,2,3,2,3,4,2,3,3,2,3,2,3
P003826,0.75,padrao_1,moderado,52,2,2,3,2,3,2,3,2,3,2,3,2,3,2,2,3,2,3,2,3
P006286,0.75,padrao_1,moderado,53,3,3,2,4,3,2,3,2,3,2,3,2,3,4,3,2,3,4,3,2
P003226,0.75,padrao_1,moderado,47,3,2,3,2,3,4,2,3,2,3,4,3,2,3,2,3,2,3,4,3
P008508,0.75,padrao_1,moderado,48,3,2,3,2,3,3,2,3,2,3,2,3,3,2,3,2,3,2,3,2
P003083,0.75,padrao_1,moderado,47,3,3,2,3,4,3,2,4,3,3,2,4,3,3,2,4,3,2,4,3
P009878,0.75,padrao_1,moderado,51,2,3,2,3,2,3,2,3,2,3,2,3,2,3,2,3,2,3,2,3
P000998,0.75,padrao_1,ativo,50,3,3,2,3,2,3,2,3,3,2,4,3,2,3,2,3,4,2,3,3
P008278,0.75,padrao_1,ativo,51,3,3,2,3,2,3,2,4,3,3,2,3,2,4,3,2,3,2,3,4
P000834,0.75,padrao_1,moderado,53,3,2,2,3,3,2,3,2,3,2,4,3,2,3,2,3,4,3,2,3
P001260,0.75,padrao_1,sedentário,57,3,2,3,4,2,3,4,2,3,2,3,4,2,3,4,2,3,4,3,2
P006966,0.75,padrao_1,moderado,46,3,3,2,2,3,3,2,3,2,3,2,3,2,3,3,2,3,2,3,2
P010083,0.75,padrao_1,ativo,50,3,3,2,3,2,3,2,4,3,2,3,4,2,3,2,3,2,4,3,2
P002442,0.75,padrao_1,moderado,48,3,3,2,3,2,3,2,3,2,3,2,3,3,2,3,2,3,2,3,2
P004652,0.75,padrao_1,moderado,48,3,3,2,4,3,3,2,4,3,2,3,4,2,3,4,3,2,4,3,2
P009426,0.75,padrao_1,ativo,52,3,4,3,2,3,4,2,3,4,3,2,4,3,2,3,3,4,2,3,4
P005353,0.75,padrao_1,moderado,48,3,3,2,4,3,3,2,4,2,3,3,2,4,3,2,4,3,2,3,4
P005066,0.75,padrao_1,moderado,49,3,2,3,2,3,2,3,2,2,3,2,3,3,2,3,2,3,2,3,2
P006088,0.75,padrao_1,moderado,49,3,2,3,3,2,3,2,4,2,3,3,2,3,4,2,3,3,2,3,2
P000222,0.75,padrao_1,moderado,55,3,2,3,3,2,3,3,2,2,3,2,3,2,3,3,2,3,3,2,3
P009512,0.75,padrao_1,ativo,45,3,4,3,2,3,2,3,4,3,2,3,4,3,2,3,4,2,3,4,3
P010430,0.75,padrao_1,moderado,49,3,3,2,2,3,2,3,2,3,2,3,2,3,3,2,3,2,3,2,2
P008657,0.75,padrao_1,moderado,49,3,2,3,2,3,2,3,2,3,2,3,2,3,2,3,2,3,2,3,2
P002616,0.75,padrao_1,moderado,48,3,3,2,3,2,3,2,3,2,3,2,3,2,3,2,3,3,2,3,2
P010540,0.75,padrao_1,moderado,53,3,2,3,2,3,2,3,2,3,2,2,3,2,3,2,3,2,3,2,3
P005500,0.75,padrao_1,moderado,49,3,3,2,2,1,3,1,2,2,3,1,3,2,2,1,3,2,3,2,1
P003228,0.75,padrao_1,moderado,49,3,2,3,2,3,2,3,2,3,2,3,2,3,2,3,2,3,2,3,2
P003587,0.75,padrao_1,moderado,51,3,3,2,4,3,2,3,2,3,4,3,2,4,3,2,3,4,2,3,3
P003162,0.75,padrao_1,sedentário,53,3,3,2,3,2,3,4,3,4,2,3,3,2,3,4,2,3,4,3,2
P007460,0.75,padrao_1,moderado,49,3,2,3,2,3,3,2,2,3,2,3,3,2,2,3,2,3,2,3,2
P001314,0.75,padrao_1,ativo,53,3,3,4,2,3,3,2,3,4,2,3,3,4,2,3,3,4,2,3,4
P010112,0.75,padrao_1,moderado,53,3,3,2,3,2,3,2,4,3,3,2,4,3,2,3,2,3,4,2,3
P002628,0.75,padrao_1,moderado,51,3,3,2,3,2,4,3,2,2,3,4,3,2,3,2,4,3,3,2,3
P009443,0.75,padrao_1,ativo,57,3,3,2,4,2,3,4,2,3,4,2,3,4,2,3,2,3,4,2,3
P001692,0.75,padrao_1,sedentário,54,3,3,2,3,2,2,4,3,2,3,2,4,3,2,3,2,4,3,2,3
P010250,0.75,padrao_1,sedentário,49,3,2,4,2,3,3,2,4,3,2,4,3,4,2,3,3,2,4,3,2
P010037,0.75,padrao_1,moderado,50,3,3,2,2,3,2,3,2,4,3,2,3,2,3,2,3,2,4,3,2
P002167,0.75,padrao_1,moderado,48,3,3,2,3,2,3,2,4,3,2,3,3,2,3,2,3,2,3,3,2
P006489,0.75,padrao_1,moderado,46,3,3,2,3,2,3,2,3,2,3,2,3,3,2,3,3,2,2,3,2
P000084,0.75,padrao_1,moderado,51,3,2,3,2,3,2,3,2,2,3,2,3,2,3,2,3,2,3,2,3
P009362,0.75,padrao_1,sedentário,51,3,3,2,4,3,2,3,4,2,3,3,2,4,3,2,3,4,3,2,3
P008274,0.75,padrao_1,moderado,49,3,2,3,2,3,2,3,2,2,3,2,3,3,2,3,2,3,2,3,2
P006443,0.75,padrao_1,ativo,52,3,3,2,4,3,2,3,2,3,2,4,3,4,2,3,2,3,4,3,2
P000309,0.75,padrao_1,moderado,49,3,2,3,2,3,2,3,2,3,2,3,2,3,2,3,2,3,2,3,2
P008445,0.75,padrao_1,moderado,48,3,2,3,2,3,2,3,4,2,3,2,3,2,3,3,2,4,2,3,2
P010753,0.75,padrao_1,moderado,48,3,3,2,3,2,3,2,4,3,2,3,3,2,3,2,3,3,2,4,3
P002780,0.75,padrao_1,moderado,49,3,3,2,3,2,3,2,2,2,3,2,3,3,2,3,2,2,3,3,2
P002448,0.75,padrao_1,moderado,52,3,3,2,4,3,2,4,3,2,3,2,4,3,3,2,4,3,2,3,4
P001179,0.75,padrao_1,moderado,52,3,3,4,2,3,3,4,2,3,2,4,3,4,2,3,3,4,2,3,2
P009634,0.75,padrao_1,ativo,51,3,3,2,4,3,2,3,4,2,3,3,4,2,3,3,2,4,3,3,4
P000470,0.75,padrao_1,moderado,50,3,2,3,2,3,2,3,2,3,2,3,3,2,3,2,3,3,2,3,2
P005481,0.75,padrao_1,moderado,45,3,4,2,3,4,3,2,4,2,3,2,3,4,3,2,4,3,2,4,3
P002617,0.75,padrao_1,moderado,49,3,3,2,3,2,3,2,3,2,3,1,3,2,3,2,3,2,3,3,2
P008692,0.75,padrao_1,moderado,56,3,2,3,3,2,3,4,2,3,2,4,3,2,3,2,3,2,3,2,4
P008535,0.75,padrao_1,moderado,53,3,3,2,3,2,3,2,2,3,2,2,3,2,3,3,2,3,2,2,3
P006909,0.75,padrao_1,sedentário,50,3,3,2,3,2,2,3,4,3,3,2,3,2,3,3,2,2,4,3,3
P005887,0.75,padrao_1,ativo,50,3,4,3,3,4,3,2,3,4,3,3,2,4,3,2,3,4,3,4,3
P010092,0.75,padrao_1,moderado,53,3,3,2,3,2,3,2,3,2,3,2,4,3,2,3,2,3,4,2,3
P002086,0.75,padrao_1,moderado,51,3,2,2,3,2,3,2,3,2,3,2,3,2,3,2,3,2,3,2,3
P005317,0.75,padrao_1,moderado,52,3,2,3,2,4,2,3,2,4,3,2,3,2,3,2,3,2,3,2,3
P007461,0.75,padrao_1,moderado,51,3,3,2,3,2,3,2,4,3,2,3,2,3,4,3,2,3,2,3,4
P003764,0.75,padrao_1,moderado,50,3,3,2,3,2,3,2,3,2,3,2,3,2,3,2,3,2,3,2,3
P009048,0.75,padrao_1,moderado,53,3,2,3,3,2,3,3,2,3,2,2,3,2,2,3,2,3,2,3,2
P001798,0.75,padrao_1,moderado,53,3,3,2,3,2,3,3,2,3,2,3,3,2,3,2,3,2,3,2,3
P001599,0.75,padrao_1,moderado,47,3,3,2,2,3,2,3,2,3,2,3,2,3,2,3,2,3,2,3,2
P007924,0.75,padrao_1,moderado,48,3,3,2,3,2,2,3,3,2,3,2,3,2,3,2,3,2,3,3,2
P010067,0.75,padrao_1,ativo,50,3,3,2,3,2,3,2,3,2,3,2,3,2,3,2,3,2,3,2,3
P003844,0.75,padrao_1,moderado,53,3,3,2,4,2,3,4,2,3,3,2,4,3,2,4,3,2,4,3,2
P007580,0.75,padrao_1,ativo,47,3,3,2,3,4,3,2,3,3,2,4,3,2,3,4,2,3,4,3,2
P009982,0.75,padrao_1,moderado,52,3,3,3,2,2,3,3,2,2,3,2,3,2,3,2,3,2,3,2,3
P000742,0.75,padrao_1,ativo,49,3,3,2,4,3,2,3,3,2,3,4,2,3,4,3,2,4,3,3,2
P002129,0.75,padrao_1,ativo,50,3,4,3,2,3,2,4,3,2,3,4,2,3,4,3,2,3,3,2,4
P009266,0.75,padrao_1,moderado,51,3,3,2,2,3,2,3,2,4,3,2,3,2,3,2,3,2,3,2,3
P000576,0.75,padrao_1,moderado,49,3,4,2,3,3,4,2,3,3,2,3,4,2,3,3,4,2,3,2,3
P000110,0.75,padrao_1,moderado,48,3,2,3,2,2,3,2,3,2,3,2,3,2,2,3,2,3,2,3,2
P004521,0.75,padrao_1,moderado,50,3,3,2,3,2,3,2,2,3,3,2,2,3,3,2,3,2,3,3,2
P010518,0.75,padrao_1,moderado,45,3,3,2,3,2,3,2,3,2,3,3,2,3,2,3,3,2,3,3,2
P005784,0.75,padrao_1,sedentário,50,3,3,2,4,3,2,3,2,4,3,2,3,4,2,3,4,3,2,4,3
P002728,0.75,padrao_1,moderado,52,3,3,2,4,3,2,4,3,3,2,4,3,2,3,4,2,3,3,2,4
P007547,0.75,padrao_1,moderado,52,3,3,2,3,2,3,4,2,2,3,2,3,4,2,3,3,4,2,3,2
P010338,0.75,padrao_1,sedentário,48,3,3,2,3,2,3,2,3,3,2,3,2,3,2,3,2,3,2,3,2
P007630,0.75,padrao_1,ativo,49,3,4,3,2,3,4,3,2,3,2,3,4,2,3,4,3,2,3,4,3
P010735,0.75,padrao_1,moderado,49,2,3,3,2,2,3,2,3,2,2,3,2,3,2,3,3,2,3,2,3
P002917,0.75,padrao_1,moderado,50,3,3,2,3,2,3,2,3,2,3,2,3,2,3,2,3,2,3,2,3
P001635,0.75,padrao_1,sedentário,52,3,3,2,3,2,2,3,2,3,2,3,3,2,2,3,2,3,3,2,3
P004701,0.75,padrao_1,moderado,50,3,3,2,3,2,3,2,3,2,3,2,3,2,3,2,3,2,3,2,3
P000327,0.75,padrao_1,moderado,47,3,3,2,3,2,3,2,3,2,4,2,3,3,2,3,2,3,2,3,2
P006144,0.75,padrao_1,moderado,48,3,2,3,4,3,2,4,3,2,3,4,2,3,2,3,4,3,2,3,4
P000627,0.75,padrao_1,moderado,51,3,3,2,3,2,3,2,3,2,3,2,3,3,2,3,2,3,3,2,3
P000096,0.75,padrao_1,moderado,53,3,4,3,3,2,3,4,2,3,3,2,3,4,2,3,4,3,2,3,4
P003557,0.75,padrao_1,moderado,49,3,3,2,3,2,3,2,3,2,3,2,3,4,2,3,2,3,2,3,2
P006533,0.75,padrao_1,moderado,49,3,2,3,2,3,2,3,2,3,2,3,2,3,2,3,2,3,2,3,2
P000236,0.75,padrao_1,moderado,49,3,2,3,2,3,2,3,2,3,2,3,2,3,2,3,2,3,2,3,2
P008356,0.75,padrao_1,moderado,49,3,3,2,3,2,4,2,3,3,2,3,2,4,1,2,3,3,2,4,3
P004354,0.75,padrao_1,moderado,53,3,3,2,3,2,3,4,3,2,3,2,3,3,2,3,2,3,3,2,3
