{"temp": 0.9, "batch": 53, "attempt": 2, "status": "error", "err": "Falha após 4 tentativas: Request timed out."}
{"temp": 0.9, "batch": 194, "attempt": 1, "status": "error", "err": "Falha após 4 tentativas: Request timed out."}
{"temp": 0.9, "batch": 1, "attempt": 1, "status": "error", "err": "Falha após 4 tentativas: Error code: 400 - {'error': {'message': \"Unsupported value: 'temperature' does not support 0.9 with this model. Only the default (1) value is supported.\", 'type': 'invalid_request_error', 'param': 'temperature', 'code': 'unsupported_value'}}"}
{"temp": 0.9, "batch": 1, "attempt": 2, "status": "error", "err": "Falha após 4 tentativas: Error code: 400 - {'error': {'message': \"Unsupported value: 'temperature' does not support 0.9 with this model. Only the default (1) value is supported.\", 'type': 'invalid_request_error', 'param': 'temperature', 'code': 'unsupported_value'}}"}
{"temp": 0.9, "batch": 1, "attempt": 3, "status": "error", "err": "Falha após 4 tentativas: Error code: 400 - {'error': {'message': \"Unsupported value: 'temperature' does not support 0.9 with this model. Only the default (1) value is supported.\", 'type': 'invalid_request_error', 'param': 'temperature', 'code': 'unsupported_value'}}"}
{"temp": 0.9, "batch": 1, "id": "P003074", "status": "single_error", "err": "Falha após 4 tentativas: Error code: 400 - {'error': {'message': \"Unsupported value: 'temperature' does not support 0.9 with this model. Only the default (1) value is supported.\", 'type': 'invalid_request_error', 'param': 'temperature', 'code': 'unsupported_value'}}"}
{"temp": 0.9, "batch": 1, "id": "P003074", "status": "single_error", "err": "Falha após 4 tentativas: Error code: 400 - {'error': {'message': \"Unsupported value: 'temperature' does not support 0.9 with this model. Only the default (1) value is supported.\", 'type': 'invalid_request_error', 'param': 'temperature', 'code': 'unsupported_value'}}"}
{"temp": 0.9, "batch": 1, "id": "P003074", "status": "single_failed"}
{"temp": 0.9, "batch": 1, "id": "P000489", "status": "single_error", "err": "Falha após 4 tentativas: Error code: 400 - {'error': {'message': \"Unsupported value: 'temperature' does not support 0.9 with this model. Only the default (1) value is supported.\", 'type': 'invalid_request_error', 'param': 'temperature', 'code': 'unsupported_value'}}"}
{"temp": 0.9, "batch": 1, "id": "P000489", "status": "single_error", "err": "Falha após 4 tentativas: Error code: 400 - {'error': {'message': \"Unsupported value: 'temperature' does not support 0.9 with this model. Only the default (1) value is supported.\", 'type': 'invalid_request_error', 'param': 'temperature', 'code': 'unsupported_value'}}"}
{"temp": 0.9, "batch": 1, "id": "P000489", "status": "single_failed"}
{"temp": 0.9, "batch": 1, "id": "P004482", "status": "single_error", "err": "Falha após 4 tentativas: Error code: 400 - {'error': {'message': \"Unsupported value: 'temperature' does not support 0.9 with this model. Only the default (1) value is supported.\", 'type': 'invalid_request_error', 'param': 'temperature', 'code': 'unsupported_value'}}"}
{"temp": 0.9, "batch": 1, "id": "P004482", "status": "single_error", "err": "Falha após 4 tentativas: Error code: 400 - {'error': {'message': \"Unsupported value: 'temperature' does not support 0.9 with this model. Only the default (1) value is supported.\", 'type': 'invalid_request_error', 'param': 'temperature', 'code': 'unsupported_value'}}"}
{"temp": 0.9, "batch": 1, "id": "P004482", "status": "single_failed"}
{"temp": 0.9, "batch": 1, "id": "P008219", "status": "single_error", "err": "Falha após 4 tentativas: Error code: 400 - {'error': {'message': \"Unsupported value: 'temperature' does not support 0.9 with this model. Only the default (1) value is supported.\", 'type': 'invalid_request_error', 'param': 'temperature', 'code': 'unsupported_value'}}"}
{"temp": 0.9, "batch": 1, "id": "P008219", "status": "single_error", "err": "Falha após 4 tentativas: Error code: 400 - {'error': {'message': \"Unsupported value: 'temperature' does not support 0.9 with this model. Only the default (1) value is supported.\", 'type': 'invalid_request_error', 'param': 'temperature', 'code': 'unsupported_value'}}"}
{"temp": 0.9, "batch": 1, "id": "P008219", "status": "single_failed"}
{"temp": 0.9, "batch": 1, "id": "P001054", "status": "single_error", "err": "Falha após 4 tentativas: Error code: 400 - {'error': {'message': \"Unsupported value: 'temperature' does not support 0.9 with this model. Only the default (1) value is supported.\", 'type': 'invalid_request_error', 'param': 'temperature', 'code': 'unsupported_value'}}"}
{"temp": 0.9, "batch": 1, "id": "P001054", "status": "single_error", "err": "Falha após 4 tentativas: Error code: 400 - {'error': {'message': \"Unsupported value: 'temperature' does not support 0.9 with this model. Only the default (1) value is supported.\", 'type': 'invalid_request_error', 'param': 'temperature', 'code': 'unsupported_value'}}"}
{"temp": 0.9, "batch": 1, "id": "P001054", "status": "single_failed"}
{"temp": 0.9, "batch": 1, "id": "P006392", "status": "single_error", "err": "Falha após 4 tentativas: Error code: 400 - {'error': {'message': \"Unsupported value: 'temperature' does not support 0.9 with this model. Only the default (1) value is supported.\", 'type': 'invalid_request_error', 'param': 'temperature', 'code': 'unsupported_value'}}"}
{"temp": 0.9, "batch": 1, "id": "P006392", "status": "single_error", "err": "Falha após 4 tentativas: Error code: 400 - {'error': {'message': \"Unsupported value: 'temperature' does not support 0.9 with this model. Only the default (1) value is supported.\", 'type': 'invalid_request_error', 'param': 'temperature', 'code': 'unsupported_value'}}"}
{"temp": 0.9, "batch": 1, "id": "P006392", "status": "single_failed"}
{"temp": 0.9, "batch": 1, "id": "P003106", "status": "single_error", "err": "Falha após 4 tentativas: Error code: 400 - {'error': {'message': \"Unsupported value: 'temperature' does not support 0.9 with this model. Only the default (1) value is supported.\", 'type': 'invalid_request_error', 'param': 'temperature', 'code': 'unsupported_value'}}"}
{"temp": 0.9, "batch": 1, "id": "P003106", "status": "single_error", "err": "Falha após 4 tentativas: Error code: 400 - {'error': {'message': \"Unsupported value: 'temperature' does not support 0.9 with this model. Only the default (1) value is supported.\", 'type': 'invalid_request_error', 'param': 'temperature', 'code': 'unsupported_value'}}"}
{"temp": 0.9, "batch": 1, "id": "P003106", "status": "single_failed"}
{"temp": 0.9, "batch": 1, "id": "P005379", "status": "single_error", "err": "Falha após 4 tentativas: Error code: 400 - {'error': {'message': \"Unsupported value: 'temperature' does not support 0.9 with this model. Only the default (1) value is supported.\", 'type': 'invalid_request_error', 'param': 'temperature', 'code': 'unsupported_value'}}"}
{"temp": 0.9, "batch": 1, "id": "P005379", "status": "single_error", "err": "Falha após 4 tentativas: Error code: 400 - {'error': {'message': \"Unsupported value: 'temperature' does not support 0.9 with this model. Only the default (1) value is supported.\", 'type': 'invalid_request_error', 'param': 'temperature', 'code': 'unsupported_value'}}"}
{"temp": 0.9, "batch": 1, "id": "P005379", "status": "single_failed"}
{"temp": 0.9, "batch": 1, "id": "P006890", "status": "single_error", "err": "Falha após 4 tentativas: Error code: 400 - {'error': {'message': \"Unsupported value: 'temperature' does not support 0.9 with this model. Only the default (1) value is supported.\", 'type': 'invalid_request_error', 'param': 'temperature', 'code': 'unsupported_value'}}"}
{"temp": 0.9, "batch": 1, "id": "P006890", "status": "single_error", "err": "Falha após 4 tentativas: Error code: 400 - {'error': {'message': \"Unsupported value: 'temperature' does not support 0.9 with this model. Only the default (1) value is supported.\", 'type': 'invalid_request_error', 'param': 'temperature', 'code': 'unsupported_value'}}"}
{"temp": 0.9, "batch": 1, "id": "P006890", "status": "single_failed"}
{"temp": 0.9, "batch": 1, "id": "P003920", "status": "single_error", "err": "Falha após 4 tentativas: Error code: 400 - {'error': {'message': \"Unsupported value: 'temperature' does not support 0.9 with this model. Only the default (1) value is supported.\", 'type': 'invalid_request_error', 'param': 'temperature', 'code': 'unsupported_value'}}"}
{"temp": 0.9, "batch": 1, "id": "P003920", "status": "single_error", "err": "Falha após 4 tentativas: Error code: 400 - {'error': {'message': \"Unsupported value: 'temperature' does not support 0.9 with this model. Only the default (1) value is supported.\", 'type': 'invalid_request_error', 'param': 'temperature', 'code': 'unsupported_value'}}"}
{"temp": 0.9, "batch": 1, "id": "P003920", "status": "single_failed"}
{"temp": 0.9, "batch": 1, "id": "P010548", "status": "single_error", "err": "Falha após 4 tentativas: Error code: 400 - {'error': {'message': \"Unsupported value: 'temperature' does not support 0.9 with this model. Only the default (1) value is supported.\", 'type': 'invalid_request_error', 'param': 'temperature', 'code': 'unsupported_value'}}"}
{"temp": 0.9, "batch": 1, "id": "P010548", "status": "single_error", "err": "Falha após 4 tentativas: Error code: 400 - {'error': {'message': \"Unsupported value: 'temperature' does not support 0.9 with this model. Only the default (1) value is supported.\", 'type': 'invalid_request_error', 'param': 'temperature', 'code': 'unsupported_value'}}"}
{"temp": 0.9, "batch": 1, "id": "P010548", "status": "single_failed"}
{"temp": 0.9, "batch": 1, "id": "P010466", "status": "single_error", "err": "Falha após 4 tentativas: Error code: 400 - {'error': {'message': \"Unsupported value: 'temperature' does not support 0.9 with this model. Only the default (1) value is supported.\", 'type': 'invalid_request_error', 'param': 'temperature', 'code': 'unsupported_value'}}"}
{"temp": 0.9, "batch": 1, "id": "P010466", "status": "single_error", "err": "Falha após 4 tentativas: Error code: 400 - {'error': {'message': \"Unsupported value: 'temperature' does not support 0.9 with this model. Only the default (1) value is supported.\", 'type': 'invalid_request_error', 'param': 'temperature', 'code': 'unsupported_value'}}"}
{"temp": 0.9, "batch": 1, "id": "P010466", "status": "single_failed"}
{"temp": 0.9, "batch": 2, "attempt": 1, "status": "error", "err": "Falha após 4 tentativas: Error code: 400 - {'error': {'message': \"Unsupported value: 'temperature' does not support 0.9 with this model. Only the default (1) value is supported.\", 'type': 'invalid_request_error', 'param': 'temperature', 'code': 'unsupported_value'}}"}
{"temp": 0.9, "batch": 2, "attempt": 2, "status": "error", "err": "Falha após 4 tentativas: Error code: 400 - {'error': {'message': \"Unsupported value: 'temperature' does not support 0.9 with this model. Only the default (1) value is supported.\", 'type': 'invalid_request_error', 'param': 'temperature', 'code': 'unsupported_value'}}"}
{"temp": 0.9, "batch": 2, "attempt": 3, "status": "error", "err": "Falha após 4 tentativas: Error code: 400 - {'error': {'message': \"Unsupported value: 'temperature' does not support 0.9 with this model. Only the default (1) value is supported.\", 'type': 'invalid_request_error', 'param': 'temperature', 'code': 'unsupported_value'}}"}
{"temp": 0.9, "batch": 2, "id": "P000363", "status": "single_error", "err": "Falha após 4 tentativas: Error code: 400 - {'error': {'message': \"Unsupported value: 'temperature' does not support 0.9 with this model. Only the default (1) value is supported.\", 'type': 'invalid_request_error', 'param': 'temperature', 'code': 'unsupported_value'}}"}
{"temp": 0.9, "batch": 2, "id": "P000363", "status": "single_error", "err": "Falha após 4 tentativas: Error code: 400 - {'error': {'message': \"Unsupported value: 'temperature' does not support 0.9 with this model. Only the default (1) value is supported.\", 'type': 'invalid_request_error', 'param': 'temperature', 'code': 'unsupported_value'}}"}
{"temp": 0.9, "batch": 2, "id": "P000363", "status": "single_failed"}
{"temp": 0.9, "batch": 2, "id": "P000912", "status": "single_error", "err": "Falha após 4 tentativas: Error code: 400 - {'error': {'message': \"Unsupported value: 'temperature' does not support 0.9 with this model. Only the default (1) value is supported.\", 'type': 'invalid_request_error', 'param': 'temperature', 'code': 'unsupported_value'}}"}
{"temp": 0.9, "batch": 2, "id": "P000912", "status": "single_error", "err": "Falha após 4 tentativas: Error code: 400 - {'error': {'message': \"Unsupported value: 'temperature' does not support 0.9 with this model. Only the default (1) value is supported.\", 'type': 'invalid_request_error', 'param': 'temperature', 'code': 'unsupported_value'}}"}
{"temp": 0.9, "batch": 2, "id": "P000912", "status": "single_failed"}
{"temp": 0.9, "batch": 2, "id": "P001997", "status": "single_error", "err": "Falha após 4 tentativas: Error code: 400 - {'error': {'message': \"Unsupported value: 'temperature' does not support 0.9 with this model. Only the default (1) value is supported.\", 'type': 'invalid_request_error', 'param': 'temperature', 'code': 'unsupported_value'}}"}
{"temp": 0.9, "batch": 2, "id": "P001997", "status": "single_error", "err": "Falha após 4 tentativas: Error code: 400 - {'error': {'message': \"Unsupported value: 'temperature' does not support 0.9 with this model. Only the default (1) value is supported.\", 'type': 'invalid_request_error', 'param': 'temperature', 'code': 'unsupported_value'}}"}
{"temp": 0.9, "batch": 2, "id": "P001997", "status": "single_failed"}
{"temp": 0.9, "batch": 2, "id": "P004340", "status": "single_error", "err": "Falha após 4 tentativas: Error code: 400 - {'error': {'message': \"Unsupported value: 'temperature' does not support 0.9 with this model. Only the default (1) value is supported.\", 'type': 'invalid_request_error', 'param': 'temperature', 'code': 'unsupported_value'}}"}
{"temp": 0.9, "batch": 2, "id": "P004340", "status": "single_error", "err": "Falha após 4 tentativas: Error code: 400 - {'error': {'message': \"Unsupported value: 'temperature' does not support 0.9 with this model. Only the default (1) value is supported.\", 'type': 'invalid_request_error', 'param': 'temperature', 'code': 'unsupported_value'}}"}
{"temp": 0.9, "batch": 2, "id": "P004340", "status": "single_failed"}
{"temp": 0.9, "batch": 2, "id": "P001638", "status": "single_error", "err": "Falha após 4 tentativas: Error code: 400 - {'error': {'message': \"Unsupported value: 'temperature' does not support 0.9 with this model. Only the default (1) value is supported.\", 'type': 'invalid_request_error', 'param': 'temperature', 'code': 'unsupported_value'}}"}
{"temp": 0.9, "batch": 2, "id": "P001638", "status": "single_error", "err": "Falha após 4 tentativas: Error code: 400 - {'error': {'message': \"Unsupported value: 'temperature' does not support 0.9 with this model. Only the default (1) value is supported.\", 'type': 'invalid_request_error', 'param': 'temperature', 'code': 'unsupported_value'}}"}
{"temp": 0.9, "batch": 2, "id": "P001638", "status": "single_failed"}
{"temp": 0.9, "batch": 2, "id": "P005993", "status": "single_error", "err": "Falha após 4 tentativas: Error code: 400 - {'error': {'message': \"Unsupported value: 'temperature' does not support 0.9 with this model. Only the default (1) value is supported.\", 'type': 'invalid_request_error', 'param': 'temperature', 'code': 'unsupported_value'}}"}
{"temp": 0.9, "batch": 2, "id": "P005993", "status": "single_error", "err": "Falha após 4 tentativas: Error code: 400 - {'error': {'message': \"Unsupported value: 'temperature' does not support 0.9 with this model. Only the default (1) value is supported.\", 'type': 'invalid_request_error', 'param': 'temperature', 'code': 'unsupported_value'}}"}
{"temp": 0.9, "batch": 2, "id": "P005993", "status": "single_failed"}
{"temp": 0.9, "batch": 2, "id": "P009663", "status": "single_error", "err": "Falha após 4 tentativas: Error code: 400 - {'error': {'message': \"Unsupported value: 'temperature' does not support 0.9 with this model. Only the default (1) value is supported.\", 'type': 'invalid_request_error', 'param': 'temperature', 'code': 'unsupported_value'}}"}
{"temp": 0.9, "batch": 2, "id": "P009663", "status": "single_error", "err": "Falha após 4 tentativas: Error code: 400 - {'error': {'message': \"Unsupported value: 'temperature' does not support 0.9 with this model. Only the default (1) value is supported.\", 'type': 'invalid_request_error', 'param': 'temperature', 'code': 'unsupported_value'}}"}
{"temp": 0.9, "batch": 2, "id": "P009663", "status": "single_failed"}
{"temp": 0.9, "batch": 2, "id": "P008582", "status": "single_error", "err": "Falha após 4 tentativas: Error code: 400 - {'error': {'message': \"Unsupported value: 'temperature' does not support 0.9 with this model. Only the default (1) value is supported.\", 'type': 'invalid_request_error', 'param': 'temperature', 'code': 'unsupported_value'}}"}
{"temp": 0.9, "batch": 2, "id": "P008582", "status": "single_error", "err": "Falha após 4 tentativas: Error code: 400 - {'error': {'message': \"Unsupported value: 'temperature' does not support 0.9 with this model. Only the default (1) value is supported.\", 'type': 'invalid_request_error', 'param': 'temperature', 'code': 'unsupported_value'}}"}
{"temp": 0.9, "batch": 2, "id": "P008582", "status": "single_failed"}
{"temp": 0.9, "batch": 2, "id": "P005868", "status": "single_error", "err": "Falha após 4 tentativas: Error code: 400 - {'error': {'message': \"Unsupported value: 'temperature' does not support 0.9 with this model. Only the default (1) value is supported.\", 'type': 'invalid_request_error', 'param': 'temperature', 'code': 'unsupported_value'}}"}
{"temp": 0.9, "batch": 2, "id": "P005868", "status": "single_error", "err": "Falha após 4 tentativas: Error code: 400 - {'error': {'message': \"Unsupported value: 'temperature' does not support 0.9 with this model. Only the default (1) value is supported.\", 'type': 'invalid_request_error', 'param': 'temperature', 'code': 'unsupported_value'}}"}
{"temp": 0.9, "batch": 2, "id": "P005868", "status": "single_failed"}
{"temp": 0.9, "batch": 2, "id": "P004930", "status": "single_error", "err": "Falha após 4 tentativas: Error code: 400 - {'error': {'message': \"Unsupported value: 'temperature' does not support 0.9 with this model. Only the default (1) value is supported.\", 'type': 'invalid_request_error', 'param': 'temperature', 'code': 'unsupported_value'}}"}
{"temp": 0.9, "batch": 2, "id": "P004930", "status": "single_error", "err": "Falha após 4 tentativas: Error code: 400 - {'error': {'message': \"Unsupported value: 'temperature' does not support 0.9 with this model. Only the default (1) value is supported.\", 'type': 'invalid_request_error', 'param': 'temperature', 'code': 'unsupported_value'}}"}
{"temp": 0.9, "batch": 2, "id": "P004930", "status": "single_failed"}
{"temp": 0.9, "batch": 2, "id": "P008962", "status": "single_error", "err": "Falha após 4 tentativas: Error code: 400 - {'error': {'message': \"Unsupported value: 'temperature' does not support 0.9 with this model. Only the default (1) value is supported.\", 'type': 'invalid_request_error', 'param': 'temperature', 'code': 'unsupported_value'}}"}
{"temp": 0.9, "batch": 2, "id": "P008962", "status": "single_error", "err": "Falha após 4 tentativas: Error code: 400 - {'error': {'message': \"Unsupported value: 'temperature' does not support 0.9 with this model. Only the default (1) value is supported.\", 'type': 'invalid_request_error', 'param': 'temperature', 'code': 'unsupported_value'}}"}
{"temp": 0.9, "batch": 2, "id": "P008962", "status": "single_failed"}
{"temp": 0.9, "batch": 2, "id": "P007325", "status": "single_error", "err": "Falha após 4 tentativas: Error code: 400 - {'error': {'message': \"Unsupported value: 'temperature' does not support 0.9 with this model. Only the default (1) value is supported.\", 'type': 'invalid_request_error', 'param': 'temperature', 'code': 'unsupported_value'}}"}
{"temp": 0.9, "batch": 2, "id": "P007325", "status": "single_error", "err": "Falha após 4 tentativas: Error code: 400 - {'error': {'message': \"Unsupported value: 'temperature' does not support 0.9 with this model. Only the default (1) value is supported.\", 'type': 'invalid_request_error', 'param': 'temperature', 'code': 'unsupported_value'}}"}
{"temp": 0.9, "batch": 2, "id": "P007325", "status": "single_failed"}
{"temp": 0.9, "batch": 3, "attempt": 1, "status": "error", "err": "Falha após 4 tentativas: Error code: 400 - {'error': {'message': \"Unsupported value: 'temperature' does not support 0.9 with this model. Only the default (1) value is supported.\", 'type': 'invalid_request_error', 'param': 'temperature', 'code': 'unsupported_value'}}"}
{"temp": 0.9, "batch": 3, "attempt": 2, "status": "error", "err": "Falha após 4 tentativas: Error code: 400 - {'error': {'message': \"Unsupported value: 'temperature' does not support 0.9 with this model. Only the default (1) value is supported.\", 'type': 'invalid_request_error', 'param': 'temperature', 'code': 'unsupported_value'}}"}
{"temp": 0.9, "batch": 3, "attempt": 3, "status": "error", "err": "Falha após 4 tentativas: Error code: 400 - {'error': {'message': \"Unsupported value: 'temperature' does not support 0.9 with this model. Only the default (1) value is supported.\", 'type': 'invalid_request_error', 'param': 'temperature', 'code': 'unsupported_value'}}"}
{"temp": 0.9, "batch": 3, "id": "P002318", "status": "single_error", "err": "Falha após 4 tentativas: Error code: 400 - {'error': {'message': \"Unsupported value: 'temperature' does not support 0.9 with this model. Only the default (1) value is supported.\", 'type': 'invalid_request_error', 'param': 'temperature', 'code': 'unsupported_value'}}"}
{"temp": 0.9, "batch": 3, "id": "P002318", "status": "single_error", "err": "Falha após 4 tentativas: Error code: 400 - {'error': {'message': \"Unsupported value: 'temperature' does not support 0.9 with this model. Only the default (1) value is supported.\", 'type': 'invalid_request_error', 'param': 'temperature', 'code': 'unsupported_value'}}"}
{"temp": 0.9, "batch": 3, "id": "P002318", "status": "single_failed"}
{"temp": 0.9, "batch": 3, "id": "P001853", "status": "single_error", "err": "Falha após 4 tentativas: Error code: 400 - {'error': {'message': \"Unsupported value: 'temperature' does not support 0.9 with this model. Only the default (1) value is supported.\", 'type': 'invalid_request_error', 'param': 'temperature', 'code': 'unsupported_value'}}"}
{"temp": 0.9, "batch": 3, "id": "P001853", "status": "single_error", "err": "Falha após 4 tentativas: Error code: 400 - {'error': {'message': \"Unsupported value: 'temperature' does not support 0.9 with this model. Only the default (1) value is supported.\", 'type': 'invalid_request_error', 'param': 'temperature', 'code': 'unsupported_value'}}"}
{"temp": 0.9, "batch": 3, "id": "P001853", "status": "single_failed"}
{"temp": 0.9, "batch": 3, "id": "P001329", "status": "single_error", "err": "Falha após 4 tentativas: Error code: 400 - {'error': {'message': \"Unsupported value: 'temperature' does not support 0.9 with this model. Only the default (1) value is supported.\", 'type': 'invalid_request_error', 'param': 'temperature', 'code': 'unsupported_value'}}"}
{"temp": 0.9, "batch": 3, "id": "P001329", "status": "single_error", "err": "Falha após 4 tentativas: Error code: 400 - {'error': {'message': \"Unsupported value: 'temperature' does not support 0.9 with this model. Only the default (1) value is supported.\", 'type': 'invalid_request_error', 'param': 'temperature', 'code': 'unsupported_value'}}"}
{"temp": 0.9, "batch": 3, "id": "P001329", "status": "single_failed"}
{"temp": 0.9, "batch": 3, "id": "P003381", "status": "single_error", "err": "Falha após 4 tentativas: Error code: 400 - {'error': {'message': \"Unsupported value: 'temperature' does not support 0.9 with this model. Only the default (1) value is supported.\", 'type': 'invalid_request_error', 'param': 'temperature', 'code': 'unsupported_value'}}"}
{"temp": 0.9, "batch": 3, "id": "P003381", "status": "single_error", "err": "Falha após 4 tentativas: Error code: 400 - {'error': {'message': \"Unsupported value: 'temperature' does not support 0.9 with this model. Only the default (1) value is supported.\", 'type': 'invalid_request_error', 'param': 'temperature', 'code': 'unsupported_value'}}"}
{"temp": 0.9, "batch": 3, "id": "P003381", "status": "single_failed"}
{"temp": 0.9, "batch": 3, "id": "P002944", "status": "single_error", "err": "Falha após 4 tentativas: Error code: 400 - {'error': {'message': \"Unsupported value: 'temperature' does not support 0.9 with this model. Only the default (1) value is supported.\", 'type': 'invalid_request_error', 'param': 'temperature', 'code': 'unsupported_value'}}"}
{"temp": 0.9, "batch": 3, "id": "P002944", "status": "single_error", "err": "Falha após 4 tentativas: Error code: 400 - {'error': {'message': \"Unsupported value: 'temperature' does not support 0.9 with this model. Only the default (1) value is supported.\", 'type': 'invalid_request_error', 'param': 'temperature', 'code': 'unsupported_value'}}"}
{"temp": 0.9, "batch": 3, "id": "P002944", "status": "single_failed"}
{"temp": 0.9, "batch": 3, "id": "P002883", "status": "single_error", "err": "Falha após 4 tentativas: Error code: 400 - {'error': {'message': \"Unsupported value: 'temperature' does not support 0.9 with this model. Only the default (1) value is supported.\", 'type': 'invalid_request_error', 'param': 'temperature', 'code': 'unsupported_value'}}"}
{"temp": 0.9, "batch": 3, "id": "P002883", "status": "single_error", "err": "Falha após 4 tentativas: Error code: 400 - {'error': {'message': \"Unsupported value: 'temperature' does not support 0.9 with this model. Only the default (1) value is supported.\", 'type': 'invalid_request_error', 'param': 'temperature', 'code': 'unsupported_value'}}"}
{"temp": 0.9, "batch": 3, "id": "P002883", "status": "single_failed"}
{"temp": 0.9, "batch": 3, "id": "P007051", "status": "single_error", "err": "Falha após 4 tentativas: Error code: 400 - {'error': {'message': \"Unsupported value: 'temperature' does not support 0.9 with this model. Only the default (1) value is supported.\", 'type': 'invalid_request_error', 'param': 'temperature', 'code': 'unsupported_value'}}"}
{"temp": 0.9, "batch": 3, "id": "P007051", "status": "single_error", "err": "Falha após 4 tentativas: Error code: 400 - {'error': {'message': \"Unsupported value: 'temperature' does not support 0.9 with this model. Only the default (1) value is supported.\", 'type': 'invalid_request_error', 'param': 'temperature', 'code': 'unsupported_value'}}"}
{"temp": 0.9, "batch": 3, "id": "P007051", "status": "single_failed"}
{"temp": 0.9, "batch": 3, "id": "P003037", "status": "single_error", "err": "Falha após 4 tentativas: Error code: 400 - {'error': {'message': \"Unsupported value: 'temperature' does not support 0.9 with this model. Only the default (1) value is supported.\", 'type': 'invalid_request_error', 'param': 'temperature', 'code': 'unsupported_value'}}"}
{"temp": 0.9, "batch": 3, "id": "P003037", "status": "single_error", "err": "Falha após 4 tentativas: Error code: 400 - {'error': {'message': \"Unsupported value: 'temperature' does not support 0.9 with this model. Only the default (1) value is supported.\", 'type': 'invalid_request_error', 'param': 'temperature', 'code': 'unsupported_value'}}"}
{"temp": 0.9, "batch": 3, "id": "P003037", "status": "single_failed"}
{"temp": 0.9, "batch": 3, "id": "P004232", "status": "single_error", "err": "Falha após 4 tentativas: Error code: 400 - {'error': {'message': \"Unsupported value: 'temperature' does not support 0.9 with this model. Only the default (1) value is supported.\", 'type': 'invalid_request_error', 'param': 'temperature', 'code': 'unsupported_value'}}"}
{"temp": 0.9, "batch": 3, "id": "P004232", "status": "single_error", "err": "Falha após 4 tentativas: Error code: 400 - {'error': {'message': \"Unsupported value: 'temperature' does not support 0.9 with this model. Only the default (1) value is supported.\", 'type': 'invalid_request_error', 'param': 'temperature', 'code': 'unsupported_value'}}"}
{"temp": 0.9, "batch": 3, "id": "P004232", "status": "single_failed"}
{"temp": 0.9, "batch": 3, "id": "P008041", "status": "single_error", "err": "Falha após 4 tentativas: Error code: 400 - {'error': {'message': \"Unsupported value: 'temperature' does not support 0.9 with this model. Only the default (1) value is supported.\", 'type': 'invalid_request_error', 'param': 'temperature', 'code': 'unsupported_value'}}"}
{"temp": 0.9, "batch": 3, "id": "P008041", "status": "single_error", "err": "Falha após 4 tentativas: Error code: 400 - {'error': {'message': \"Unsupported value: 'temperature' does not support 0.9 with this model. Only the default (1) value is supported.\", 'type': 'invalid_request_error', 'param': 'temperature', 'code': 'unsupported_value'}}"}
{"temp": 0.9, "batch": 3, "id": "P008041", "status": "single_failed"}
{"temp": 0.9, "batch": 3, "id": "P006792", "status": "single_error", "err": "Falha após 4 tentativas: Error code: 400 - {'error': {'message': \"Unsupported value: 'temperature' does not support 0.9 with this model. Only the default (1) value is supported.\", 'type': 'invalid_request_error', 'param': 'temperature', 'code': 'unsupported_value'}}"}
{"temp": 0.9, "batch": 3, "id": "P006792", "status": "single_error", "err": "Falha após 4 tentativas: Error code: 400 - {'error': {'message': \"Unsupported value: 'temperature' does not support 0.9 with this model. Only the default (1) value is supported.\", 'type': 'invalid_request_error', 'param': 'temperature', 'code': 'unsupported_value'}}"}
{"temp": 0.9, "batch": 3, "id": "P006792", "status": "single_failed"}
{"temp": 0.9, "batch": 3, "id": "P000878", "status": "single_error", "err": "Falha após 4 tentativas: Error code: 400 - {'error': {'message': \"Unsupported value: 'temperature' does not support 0.9 with this model. Only the default (1) value is supported.\", 'type': 'invalid_request_error', 'param': 'temperature', 'code': 'unsupported_value'}}"}
{"temp": 0.9, "batch": 3, "id": "P000878", "status": "single_error", "err": "Falha após 4 tentativas: Error code: 400 - {'error': {'message': \"Unsupported value: 'temperature' does not support 0.9 with this model. Only the default (1) value is supported.\", 'type': 'invalid_request_error', 'param': 'temperature', 'code': 'unsupported_value'}}"}
{"temp": 0.9, "batch": 3, "id": "P000878", "status": "single_failed"}
{"temp": 0.9, "batch": 4, "attempt": 1, "status": "error", "err": "Falha após 4 tentativas: Error code: 400 - {'error': {'message': \"Unsupported value: 'temperature' does not support 0.9 with this model. Only the default (1) value is supported.\", 'type': 'invalid_request_error', 'param': 'temperature', 'code': 'unsupported_value'}}"}
{"temp": 0.9, "batch": 4, "attempt": 2, "status": "error", "err": "Falha após 4 tentativas: Error code: 400 - {'error': {'message': \"Unsupported value: 'temperature' does not support 0.9 with this model. Only the default (1) value is supported.\", 'type': 'invalid_request_error', 'param': 'temperature', 'code': 'unsupported_value'}}"}
{"temp": 0.9, "batch": 4, "attempt": 3, "status": "error", "err": "Falha após 4 tentativas: Error code: 400 - {'error': {'message': \"Unsupported value: 'temperature' does not support 0.9 with this model. Only the default (1) value is supported.\", 'type': 'invalid_request_error', 'param': 'temperature', 'code': 'unsupported_value'}}"}
{"temp": 0.9, "batch": 4, "id": "P003399", "status": "single_error", "err": "Falha após 4 tentativas: Error code: 400 - {'error': {'message': \"Unsupported value: 'temperature' does not support 0.9 with this model. Only the default (1) value is supported.\", 'type': 'invalid_request_error', 'param': 'temperature', 'code': 'unsupported_value'}}"}
{"temp": 0.9, "batch": 4, "id": "P003399", "status": "single_error", "err": "Falha após 4 tentativas: Error code: 400 - {'error': {'message': \"Unsupported value: 'temperature' does not support 0.9 with this model. Only the default (1) value is supported.\", 'type': 'invalid_request_error', 'param': 'temperature', 'code': 'unsupported_value'}}"}
{"temp": 0.9, "batch": 4, "id": "P003399", "status": "single_failed"}
{"temp": 0.9, "batch": 4, "id": "P003558", "status": "single_error", "err": "Falha após 4 tentativas: Error code: 400 - {'error': {'message': \"Unsupported value: 'temperature' does not support 0.9 with this model. Only the default (1) value is supported.\", 'type': 'invalid_request_error', 'param': 'temperature', 'code': 'unsupported_value'}}"}
{"temp": 0.9, "batch": 4, "id": "P003558", "status": "single_error", "err": "Falha após 4 tentativas: Error code: 400 - {'error': {'message': \"Unsupported value: 'temperature' does not support 0.9 with this model. Only the default (1) value is supported.\", 'type': 'invalid_request_error', 'param': 'temperature', 'code': 'unsupported_value'}}"}
{"temp": 0.9, "batch": 4, "id": "P003558", "status": "single_failed"}
{"temp": 0.9, "batch": 4, "id": "P001569", "status": "single_error", "err": "Falha após 4 tentativas: Error code: 400 - {'error': {'message': \"Unsupported value: 'temperature' does not support 0.9 with this model. Only the default (1) value is supported.\", 'type': 'invalid_request_error', 'param': 'temperature', 'code': 'unsupported_value'}}"}
{"temp": 0.9, "batch": 4, "id": "P001569", "status": "single_error", "err": "Falha após 4 tentativas: Error code: 400 - {'error': {'message': \"Unsupported value: 'temperature' does not support 0.9 with this model. Only the default (1) value is supported.\", 'type': 'invalid_request_error', 'param': 'temperature', 'code': 'unsupported_value'}}"}
{"temp": 0.9, "batch": 4, "id": "P001569", "status": "single_failed"}
{"temp": 0.9, "batch": 4, "id": "P000901", "status": "single_error", "err": "Falha após 4 tentativas: Error code: 400 - {'error': {'message': \"Unsupported value: 'temperature' does not support 0.9 with this model. Only the default (1) value is supported.\", 'type': 'invalid_request_error', 'param': 'temperature', 'code': 'unsupported_value'}}"}
{"temp": 0.9, "batch": 4, "id": "P000901", "status": "single_error", "err": "Falha após 4 tentativas: Error code: 400 - {'error': {'message': \"Unsupported value: 'temperature' does not support 0.9 with this model. Only the default (1) value is supported.\", 'type': 'invalid_request_error', 'param': 'temperature', 'code': 'unsupported_value'}}"}
{"temp": 0.9, "batch": 4, "id": "P000901", "status": "single_failed"}
{"temp": 0.9, "batch": 4, "id": "P001135", "status": "single_error", "err": "Falha após 4 tentativas: Error code: 400 - {'error': {'message': \"Unsupported value: 'temperature' does not support 0.9 with this model. Only the default (1) value is supported.\", 'type': 'invalid_request_error', 'param': 'temperature', 'code': 'unsupported_value'}}"}
{"temp": 0.9, "batch": 4, "id": "P001135", "status": "single_error", "err": "Falha após 4 tentativas: Error code: 400 - {'error': {'message': \"Unsupported value: 'temperature' does not support 0.9 with this model. Only the default (1) value is supported.\", 'type': 'invalid_request_error', 'param': 'temperature', 'code': 'unsupported_value'}}"}
{"temp": 0.9, "batch": 4, "id": "P001135", "status": "single_failed"}
{"temp": 0.9, "batch": 4, "id": "P007102", "status": "single_error", "err": "Falha após 4 tentativas: Error code: 400 - {'error': {'message': \"Unsupported value: 'temperature' does not support 0.9 with this model. Only the default (1) value is supported.\", 'type': 'invalid_request_error', 'param': 'temperature', 'code': 'unsupported_value'}}"}
{"temp": 0.9, "batch": 4, "id": "P007102", "status": "single_error", "err": "Falha após 4 tentativas: Error code: 400 - {'error': {'message': \"Unsupported value: 'temperature' does not support 0.9 with this model. Only the default (1) value is supported.\", 'type': 'invalid_request_error', 'param': 'temperature', 'code': 'unsupported_value'}}"}
{"temp": 0.9, "batch": 4, "id": "P007102", "status": "single_failed"}
{"temp": 0.9, "batch": 4, "id": "P006951", "status": "single_error", "err": "Falha após 4 tentativas: Error code: 400 - {'error': {'message': \"Unsupported value: 'temperature' does not support 0.9 with this model. Only the default (1) value is supported.\", 'type': 'invalid_request_error', 'param': 'temperature', 'code': 'unsupported_value'}}"}
{"temp": 0.9, "batch": 4, "id": "P006951", "status": "single_error", "err": "Falha após 4 tentativas: Error code: 400 - {'error': {'message': \"Unsupported value: 'temperature' does not support 0.9 with this model. Only the default (1) value is supported.\", 'type': 'invalid_request_error', 'param': 'temperature', 'code': 'unsupported_value'}}"}
{"temp": 0.9, "batch": 4, "id": "P006951", "status": "single_failed"}
{"temp": 0.9, "batch": 4, "id": "P002732", "status": "single_error", "err": "Falha após 4 tentativas: Error code: 400 - {'error': {'message': \"Unsupported value: 'temperature' does not support 0.9 with this model. Only the default (1) value is supported.\", 'type': 'invalid_request_error', 'param': 'temperature', 'code': 'unsupported_value'}}"}
{"temp": 0.9, "batch": 4, "id": "P002732", "status": "single_error", "err": "Falha após 4 tentativas: Error code: 400 - {'error': {'message': \"Unsupported value: 'temperature' does not support 0.9 with this model. Only the default (1) value is supported.\", 'type': 'invalid_request_error', 'param': 'temperature', 'code': 'unsupported_value'}}"}
{"temp": 0.9, "batch": 4, "id": "P002732", "status": "single_failed"}
{"temp": 0.9, "batch": 4, "id": "P008304", "status": "single_error", "err": "Falha após 4 tentativas: Error code: 400 - {'error': {'message': \"Unsupported value: 'temperature' does not support 0.9 with this model. Only the default (1) value is supported.\", 'type': 'invalid_request_error', 'param': 'temperature', 'code': 'unsupported_value'}}"}
{"temp": 0.9, "batch": 4, "id": "P008304", "status": "single_error", "err": "Falha após 4 tentativas: Error code: 400 - {'error': {'message': \"Unsupported value: 'temperature' does not support 0.9 with this model. Only the default (1) value is supported.\", 'type': 'invalid_request_error', 'param': 'temperature', 'code': 'unsupported_value'}}"}
{"temp": 0.9, "batch": 4, "id": "P008304", "status": "single_failed"}
{"temp": 0.9, "batch": 4, "id": "P009438", "status": "single_error", "err": "Falha após 4 tentativas: Error code: 400 - {'error': {'message': \"Unsupported value: 'temperature' does not support 0.9 with this model. Only the default (1) value is supported.\", 'type': 'invalid_request_error', 'param': 'temperature', 'code': 'unsupported_value'}}"}
{"temp": 0.9, "batch": 4, "id": "P009438", "status": "single_error", "err": "Falha após 4 tentativas: Error code: 400 - {'error': {'message': \"Unsupported value: 'temperature' does not support 0.9 with this model. Only the default (1) value is supported.\", 'type': 'invalid_request_error', 'param': 'temperature', 'code': 'unsupported_value'}}"}
{"temp": 0.9, "batch": 4, "id": "P009438", "status": "single_failed"}
{"temp": 0.9, "batch": 4, "id": "P009828", "status": "single_error", "err": "Falha após 4 tentativas: Error code: 400 - {'error': {'message': \"Unsupported value: 'temperature' does not support 0.9 with this model. Only the default (1) value is supported.\", 'type': 'invalid_request_error', 'param': 'temperature', 'code': 'unsupported_value'}}"}
{"temp": 0.9, "batch": 4, "id": "P009828", "status": "single_error", "err": "Falha após 4 tentativas: Error code: 400 - {'error': {'message': \"Unsupported value: 'temperature' does not support 0.9 with this model. Only the default (1) value is supported.\", 'type': 'invalid_request_error', 'param': 'temperature', 'code': 'unsupported_value'}}"}
{"temp": 0.9, "batch": 4, "id": "P009828", "status": "single_failed"}
{"temp": 0.9, "batch": 4, "id": "P010620", "status": "single_error", "err": "Falha após 4 tentativas: Error code: 400 - {'error': {'message': \"Unsupported value: 'temperature' does not support 0.9 with this model. Only the default (1) value is supported.\", 'type': 'invalid_request_error', 'param': 'temperature', 'code': 'unsupported_value'}}"}
{"temp": 0.9, "batch": 4, "id": "P010620", "status": "single_error", "err": "Falha após 4 tentativas: Error code: 400 - {'error': {'message': \"Unsupported value: 'temperature' does not support 0.9 with this model. Only the default (1) value is supported.\", 'type': 'invalid_request_error', 'param': 'temperature', 'code': 'unsupported_value'}}"}
{"temp": 0.9, "batch": 4, "id": "P010620", "status": "single_failed"}
{"temp": 0.9, "batch": 5, "attempt": 1, "status": "error", "err": "Falha após 4 tentativas: Error code: 400 - {'error': {'message': \"Unsupported value: 'temperature' does not support 0.9 with this model. Only the default (1) value is supported.\", 'type': 'invalid_request_error', 'param': 'temperature', 'code': 'unsupported_value'}}"}
{"temp": 0.9, "batch": 5, "attempt": 2, "status": "error", "err": "Falha após 4 tentativas: Error code: 400 - {'error': {'message': \"Unsupported value: 'temperature' does not support 0.9 with this model. Only the default (1) value is supported.\", 'type': 'invalid_request_error', 'param': 'temperature', 'code': 'unsupported_value'}}"}
{"temp": 0.9, "batch": 5, "attempt": 3, "status": "error", "err": "Falha após 4 tentativas: Error code: 400 - {'error': {'message': \"Unsupported value: 'temperature' does not support 0.9 with this model. Only the default (1) value is supported.\", 'type': 'invalid_request_error', 'param': 'temperature', 'code': 'unsupported_value'}}"}
{"temp": 0.9, "batch": 5, "id": "P002696", "status": "single_error", "err": "Falha após 4 tentativas: Error code: 400 - {'error': {'message': \"Unsupported value: 'temperature' does not support 0.9 with this model. Only the default (1) value is supported.\", 'type': 'invalid_request_error', 'param': 'temperature', 'code': 'unsupported_value'}}"}
{"temp": 0.9, "batch": 5, "id": "P002696", "status": "single_error", "err": "Falha após 4 tentativas: Error code: 400 - {'error': {'message': \"Unsupported value: 'temperature' does not support 0.9 with this model. Only the default (1) value is supported.\", 'type': 'invalid_request_error', 'param': 'temperature', 'code': 'unsupported_value'}}"}
{"temp": 0.9, "batch": 5, "id": "P002696", "status": "single_failed"}
{"temp": 0.9, "batch": 5, "id": "P009079", "status": "single_error", "err": "Falha após 4 tentativas: Error code: 400 - {'error': {'message': \"Unsupported value: 'temperature' does not support 0.9 with this model. Only the default (1) value is supported.\", 'type': 'invalid_request_error', 'param': 'temperature', 'code': 'unsupported_value'}}"}
{"temp": 0.9, "batch": 5, "id": "P009079", "status": "single_error", "err": "Falha após 4 tentativas: Error code: 400 - {'error': {'message': \"Unsupported value: 'temperature' does not support 0.9 with this model. Only the default (1) value is supported.\", 'type': 'invalid_request_error', 'param': 'temperature', 'code': 'unsupported_value'}}"}
{"temp": 0.9, "batch": 5, "id": "P009079", "status": "single_failed"}
{"temp": 0.9, "batch": 5, "id": "P000209", "status": "single_error", "err": "Falha após 4 tentativas: Error code: 400 - {'error': {'message': \"Unsupported value: 'temperature' does not support 0.9 with this model. Only the default (1) value is supported.\", 'type': 'invalid_request_error', 'param': 'temperature', 'code': 'unsupported_value'}}"}
{"temp": 0.9, "batch": 5, "id": "P000209", "status": "single_error", "err": "Falha após 4 tentativas: Error code: 400 - {'error': {'message': \"Unsupported value: 'temperature' does not support 0.9 with this model. Only the default (1) value is supported.\", 'type': 'invalid_request_error', 'param': 'temperature', 'code': 'unsupported_value'}}"}
{"temp": 0.9, "batch": 5, "id": "P000209", "status": "single_failed"}
{"temp": 0.9, "batch": 5, "id": "P001535", "status": "single_error", "err": "Falha após 4 tentativas: Error code: 400 - {'error': {'message': \"Unsupported value: 'temperature' does not support 0.9 with this model. Only the default (1) value is supported.\", 'type': 'invalid_request_error', 'param': 'temperature', 'code': 'unsupported_value'}}"}
{"temp": 0.9, "batch": 5, "id": "P001535", "status": "single_error", "err": "Falha após 4 tentativas: Error code: 400 - {'error': {'message': \"Unsupported value: 'temperature' does not support 0.9 with this model. Only the default (1) value is supported.\", 'type': 'invalid_request_error', 'param': 'temperature', 'code': 'unsupported_value'}}"}
{"temp": 0.9, "batch": 5, "id": "P001535", "status": "single_failed"}
{"temp": 0.9, "batch": 5, "id": "P005782", "status": "single_error", "err": "Falha após 4 tentativas: Error code: 400 - {'error': {'message': \"Unsupported value: 'temperature' does not support 0.9 with this model. Only the default (1) value is supported.\", 'type': 'invalid_request_error', 'param': 'temperature', 'code': 'unsupported_value'}}"}
{"temp": 0.9, "batch": 5, "id": "P005782", "status": "single_error", "err": "Falha após 4 tentativas: Error code: 400 - {'error': {'message': \"Unsupported value: 'temperature' does not support 0.9 with this model. Only the default (1) value is supported.\", 'type': 'invalid_request_error', 'param': 'temperature', 'code': 'unsupported_value'}}"}
{"temp": 0.9, "batch": 5, "id": "P005782", "status": "single_failed"}
{"temp": 0.9, "batch": 5, "id": "P007527", "status": "single_error", "err": "Falha após 4 tentativas: Error code: 400 - {'error': {'message': \"Unsupported value: 'temperature' does not support 0.9 with this model. Only the default (1) value is supported.\", 'type': 'invalid_request_error', 'param': 'temperature', 'code': 'unsupported_value'}}"}
{"temp": 0.9, "batch": 5, "id": "P007527", "status": "single_error", "err": "Falha após 4 tentativas: Error code: 400 - {'error': {'message': \"Unsupported value: 'temperature' does not support 0.9 with this model. Only the default (1) value is supported.\", 'type': 'invalid_request_error', 'param': 'temperature', 'code': 'unsupported_value'}}"}
{"temp": 0.9, "batch": 5, "id": "P007527", "status": "single_failed"}
{"temp": 0.9, "batch": 5, "id": "P008361", "status": "single_error", "err": "Falha após 4 tentativas: Error code: 400 - {'error': {'message': \"Unsupported value: 'temperature' does not support 0.9 with this model. Only the default (1) value is supported.\", 'type': 'invalid_request_error', 'param': 'temperature', 'code': 'unsupported_value'}}"}
{"temp": 0.9, "batch": 5, "id": "P008361", "status": "single_error", "err": "Falha após 4 tentativas: Error code: 400 - {'error': {'message': \"Unsupported value: 'temperature' does not support 0.9 with this model. Only the default (1) value is supported.\", 'type': 'invalid_request_error', 'param': 'temperature', 'code': 'unsupported_value'}}"}
{"temp": 0.9, "batch": 5, "id": "P008361", "status": "single_failed"}
{"temp": 0.9, "batch": 5, "id": "P010051", "status": "single_error", "err": "Falha após 4 tentativas: Error code: 400 - {'error': {'message': \"Unsupported value: 'temperature' does not support 0.9 with this model. Only the default (1) value is supported.\", 'type': 'invalid_request_error', 'param': 'temperature', 'code': 'unsupported_value'}}"}
{"temp": 0.9, "batch": 5, "id": "P010051", "status": "single_error", "err": "Falha após 4 tentativas: Error code: 400 - {'error': {'message': \"Unsupported value: 'temperature' does not support 0.9 with this model. Only the default (1) value is supported.\", 'type': 'invalid_request_error', 'param': 'temperature', 'code': 'unsupported_value'}}"}
{"temp": 0.9, "batch": 5, "id": "P010051", "status": "single_failed"}
{"temp": 0.9, "batch": 5, "id": "P009497", "status": "single_error", "err": "Falha após 4 tentativas: Error code: 400 - {'error': {'message': \"Unsupported value: 'temperature' does not support 0.9 with this model. Only the default (1) value is supported.\", 'type': 'invalid_request_error', 'param': 'temperature', 'code': 'unsupported_value'}}"}
{"temp": 0.9, "batch": 5, "id": "P009497", "status": "single_error", "err": "Falha após 4 tentativas: Error code: 400 - {'error': {'message': \"Unsupported value: 'temperature' does not support 0.9 with this model. Only the default (1) value is supported.\", 'type': 'invalid_request_error', 'param': 'temperature', 'code': 'unsupported_value'}}"}
{"temp": 0.9, "batch": 5, "id": "P009497", "status": "single_failed"}
{"temp": 0.9, "batch": 5, "id": "P003488", "status": "single_error", "err": "Falha após 4 tentativas: Error code: 400 - {'error': {'message': \"Unsupported value: 'temperature' does not support 0.9 with this model. Only the default (1) value is supported.\", 'type': 'invalid_request_error', 'param': 'temperature', 'code': 'unsupported_value'}}"}
{"temp": 0.9, "batch": 5, "id": "P003488", "status": "single_error", "err": "Falha após 4 tentativas: Error code: 400 - {'error': {'message': \"Unsupported value: 'temperature' does not support 0.9 with this model. Only the default (1) value is supported.\", 'type': 'invalid_request_error', 'param': 'temperature', 'code': 'unsupported_value'}}"}
{"temp": 0.9, "batch": 5, "id": "P003488", "status": "single_failed"}
{"temp": 0.9, "batch": 5, "id": "P000014", "status": "single_error", "err": "Falha após 4 tentativas: Error code: 400 - {'error': {'message': \"Unsupported value: 'temperature' does not support 0.9 with this model. Only the default (1) value is supported.\", 'type': 'invalid_request_error', 'param': 'temperature', 'code': 'unsupported_value'}}"}
{"temp": 0.9, "batch": 5, "id": "P000014", "status": "single_error", "err": "Falha após 4 tentativas: Error code: 400 - {'error': {'message': \"Unsupported value: 'temperature' does not support 0.9 with this model. Only the default (1) value is supported.\", 'type': 'invalid_request_error', 'param': 'temperature', 'code': 'unsupported_value'}}"}
{"temp": 0.9, "batch": 5, "id": "P000014", "status": "single_failed"}
{"temp": 0.9, "batch": 5, "id": "P005661", "status": "single_error", "err": "Falha após 4 tentativas: Error code: 400 - {'error': {'message': \"Unsupported value: 'temperature' does not support 0.9 with this model. Only the default (1) value is supported.\", 'type': 'invalid_request_error', 'param': 'temperature', 'code': 'unsupported_value'}}"}
{"temp": 0.9, "batch": 5, "id": "P005661", "status": "single_error", "err": "Falha após 4 tentativas: Error code: 400 - {'error': {'message': \"Unsupported value: 'temperature' does not support 0.9 with this model. Only the default (1) value is supported.\", 'type': 'invalid_request_error', 'param': 'temperature', 'code': 'unsupported_value'}}"}
{"temp": 0.9, "batch": 5, "id": "P005661", "status": "single_failed"}
{"temp": 0.9, "batch": 6, "attempt": 1, "status": "error", "err": "Falha após 4 tentativas: Error code: 400 - {'error': {'message': \"Unsupported value: 'temperature' does not support 0.9 with this model. Only the default (1) value is supported.\", 'type': 'invalid_request_error', 'param': 'temperature', 'code': 'unsupported_value'}}"}
{"temp": 0.9, "batch": 6, "attempt": 2, "status": "error", "err": "Falha após 4 tentativas: Error code: 400 - {'error': {'message': \"Unsupported value: 'temperature' does not support 0.9 with this model. Only the default (1) value is supported.\", 'type': 'invalid_request_error', 'param': 'temperature', 'code': 'unsupported_value'}}"}
{"temp": 0.9, "batch": 6, "attempt": 3, "status": "error", "err": "Falha após 4 tentativas: Error code: 400 - {'error': {'message': \"Unsupported value: 'temperature' does not support 0.9 with this model. Only the default (1) value is supported.\", 'type': 'invalid_request_error', 'param': 'temperature', 'code': 'unsupported_value'}}"}
{"temp": 0.9, "batch": 6, "id": "P008046", "status": "single_error", "err": "Falha após 4 tentativas: Error code: 400 - {'error': {'message': \"Unsupported value: 'temperature' does not support 0.9 with this model. Only the default (1) value is supported.\", 'type': 'invalid_request_error', 'param': 'temperature', 'code': 'unsupported_value'}}"}
{"temp": 0.9, "batch": 6, "id": "P008046", "status": "single_error", "err": "Falha após 4 tentativas: Error code: 400 - {'error': {'message': \"Unsupported value: 'temperature' does not support 0.9 with this model. Only the default (1) value is supported.\", 'type': 'invalid_request_error', 'param': 'temperature', 'code': 'unsupported_value'}}"}
{"temp": 0.9, "batch": 6, "id": "P008046", "status": "single_failed"}
{"temp": 0.9, "batch": 6, "id": "P002027", "status": "single_error", "err": "Falha após 4 tentativas: Error code: 400 - {'error': {'message': \"Unsupported value: 'temperature' does not support 0.9 with this model. Only the default (1) value is supported.\", 'type': 'invalid_request_error', 'param': 'temperature', 'code': 'unsupported_value'}}"}
{"temp": 0.9, "batch": 6, "id": "P002027", "status": "single_error", "err": "Falha após 4 tentativas: Error code: 400 - {'error': {'message': \"Unsupported value: 'temperature' does not support 0.9 with this model. Only the default (1) value is supported.\", 'type': 'invalid_request_error', 'param': 'temperature', 'code': 'unsupported_value'}}"}
{"temp": 0.9, "batch": 6, "id": "P002027", "status": "single_failed"}
{"temp": 0.9, "batch": 6, "id": "P004014", "status": "single_error", "err": "Falha após 4 tentativas: Error code: 400 - {'error': {'message': \"Unsupported value: 'temperature' does not support 0.9 with this model. Only the default (1) value is supported.\", 'type': 'invalid_request_error', 'param': 'temperature', 'code': 'unsupported_value'}}"}
{"temp": 0.9, "batch": 6, "id": "P004014", "status": "single_error", "err": "Falha após 4 tentativas: Error code: 400 - {'error': {'message': \"Unsupported value: 'temperature' does not support 0.9 with this model. Only the default (1) value is supported.\", 'type': 'invalid_request_error', 'param': 'temperature', 'code': 'unsupported_value'}}"}
{"temp": 0.9, "batch": 6, "id": "P004014", "status": "single_failed"}
{"temp": 0.9, "batch": 6, "id": "P002757", "status": "single_error", "err": "Falha após 4 tentativas: Error code: 400 - {'error': {'message': \"Unsupported value: 'temperature' does not support 0.9 with this model. Only the default (1) value is supported.\", 'type': 'invalid_request_error', 'param': 'temperature', 'code': 'unsupported_value'}}"}
{"temp": 0.9, "batch": 6, "id": "P002757", "status": "single_error", "err": "Falha após 4 tentativas: Error code: 400 - {'error': {'message': \"Unsupported value: 'temperature' does not support 0.9 with this model. Only the default (1) value is supported.\", 'type': 'invalid_request_error', 'param': 'temperature', 'code': 'unsupported_value'}}"}
{"temp": 0.9, "batch": 6, "id": "P002757", "status": "single_failed"}
{"temp": 0.9, "batch": 6, "id": "P001751", "status": "single_error", "err": "Falha após 4 tentativas: Error code: 400 - {'error': {'message': \"Unsupported value: 'temperature' does not support 0.9 with this model. Only the default (1) value is supported.\", 'type': 'invalid_request_error', 'param': 'temperature', 'code': 'unsupported_value'}}"}
{"temp": 0.9, "batch": 6, "id": "P001751", "status": "single_error", "err": "Falha após 4 tentativas: Error code: 400 - {'error': {'message': \"Unsupported value: 'temperature' does not support 0.9 with this model. Only the default (1) value is supported.\", 'type': 'invalid_request_error', 'param': 'temperature', 'code': 'unsupported_value'}}"}
{"temp": 0.9, "batch": 6, "id": "P001751", "status": "single_failed"}
{"temp": 0.9, "batch": 6, "id": "P009445", "status": "single_error", "err": "Falha após 4 tentativas: Error code: 400 - {'error': {'message': \"Unsupported value: 'temperature' does not support 0.9 with this model. Only the default (1) value is supported.\", 'type': 'invalid_request_error', 'param': 'temperature', 'code': 'unsupported_value'}}"}
{"temp": 0.9, "batch": 6, "id": "P009445", "status": "single_error", "err": "Falha após 4 tentativas: Error code: 400 - {'error': {'message': \"Unsupported value: 'temperature' does not support 0.9 with this model. Only the default (1) value is supported.\", 'type': 'invalid_request_error', 'param': 'temperature', 'code': 'unsupported_value'}}"}
{"temp": 0.9, "batch": 6, "id": "P009445", "status": "single_failed"}
{"temp": 0.9, "batch": 6, "id": "P006491", "status": "single_error", "err": "Falha após 4 tentativas: Error code: 400 - {'error': {'message': \"Unsupported value: 'temperature' does not support 0.9 with this model. Only the default (1) value is supported.\", 'type': 'invalid_request_error', 'param': 'temperature', 'code': 'unsupported_value'}}"}
{"temp": 0.9, "batch": 6, "id": "P006491", "status": "single_error", "err": "Falha após 4 tentativas: Error code: 400 - {'error': {'message': \"Unsupported value: 'temperature' does not support 0.9 with this model. Only the default (1) value is supported.\", 'type': 'invalid_request_error', 'param': 'temperature', 'code': 'unsupported_value'}}"}
{"temp": 0.9, "batch": 6, "id": "P006491", "status": "single_failed"}
{"temp": 0.9, "batch": 6, "id": "P007538", "status": "single_error", "err": "Falha após 4 tentativas: Error code: 400 - {'error': {'message': \"Unsupported value: 'temperature' does not support 0.9 with this model. Only the default (1) value is supported.\", 'type': 'invalid_request_error', 'param': 'temperature', 'code': 'unsupported_value'}}"}
{"temp": 0.9, "batch": 6, "id": "P007538", "status": "single_error", "err": "Falha após 4 tentativas: Error code: 400 - {'error': {'message': \"Unsupported value: 'temperature' does not support 0.9 with this model. Only the default (1) value is supported.\", 'type': 'invalid_request_error', 'param': 'temperature', 'code': 'unsupported_value'}}"}
{"temp": 0.9, "batch": 6, "id": "P007538", "status": "single_failed"}
{"temp": 0.9, "batch": 6, "id": "P002845", "status": "single_error", "err": "Falha após 4 tentativas: Error code: 400 - {'error': {'message': \"Unsupported value: 'temperature' does not support 0.9 with this model. Only the default (1) value is supported.\", 'type': 'invalid_request_error', 'param': 'temperature', 'code': 'unsupported_value'}}"}
{"temp": 0.9, "batch": 6, "id": "P002845", "status": "single_error", "err": "Falha após 4 tentativas: Error code: 400 - {'error': {'message': \"Unsupported value: 'temperature' does not support 0.9 with this model. Only the default (1) value is supported.\", 'type': 'invalid_request_error', 'param': 'temperature', 'code': 'unsupported_value'}}"}
{"temp": 0.9, "batch": 6, "id": "P002845", "status": "single_failed"}
{"temp": 0.9, "batch": 6, "id": "P010044", "status": "single_error", "err": "Falha após 4 tentativas: Error code: 400 - {'error': {'message': \"Unsupported value: 'temperature' does not support 0.9 with this model. Only the default (1) value is supported.\", 'type': 'invalid_request_error', 'param': 'temperature', 'code': 'unsupported_value'}}"}
{"temp": 0.9, "batch": 6, "id": "P010044", "status": "single_error", "err": "Falha após 4 tentativas: Error code: 400 - {'error': {'message': \"Unsupported value: 'temperature' does not support 0.9 with this model. Only the default (1) value is supported.\", 'type': 'invalid_request_error', 'param': 'temperature', 'code': 'unsupported_value'}}"}
{"temp": 0.9, "batch": 6, "id": "P010044", "status": "single_failed"}
{"temp": 0.9, "batch": 6, "id": "P001972", "status": "single_error", "err": "Falha após 4 tentativas: Error code: 400 - {'error': {'message': \"Unsupported value: 'temperature' does not support 0.9 with this model. Only the default (1) value is supported.\", 'type': 'invalid_request_error', 'param': 'temperature', 'code': 'unsupported_value'}}"}
{"temp": 0.9, "batch": 6, "id": "P001972", "status": "single_error", "err": "Falha após 4 tentativas: Error code: 400 - {'error': {'message': \"Unsupported value: 'temperature' does not support 0.9 with this model. Only the default (1) value is supported.\", 'type': 'invalid_request_error', 'param': 'temperature', 'code': 'unsupported_value'}}"}
{"temp": 0.9, "batch": 6, "id": "P001972", "status": "single_failed"}
{"temp": 0.9, "batch": 6, "id": "P004616", "status": "single_error", "err": "Falha após 4 tentativas: Error code: 400 - {'error': {'message': \"Unsupported value: 'temperature' does not support 0.9 with this model. Only the default (1) value is supported.\", 'type': 'invalid_request_error', 'param': 'temperature', 'code': 'unsupported_value'}}"}
{"temp": 0.9, "batch": 6, "id": "P004616", "status": "single_error", "err": "Falha após 4 tentativas: Error code: 400 - {'error': {'message': \"Unsupported value: 'temperature' does not support 0.9 with this model. Only the default (1) value is supported.\", 'type': 'invalid_request_error', 'param': 'temperature', 'code': 'unsupported_value'}}"}
{"temp": 0.9, "batch": 6, "id": "P004616", "status": "single_failed"}
{"temp": 0.9, "batch": 7, "attempt": 1, "status": "error", "err": "Falha após 4 tentativas: Error code: 400 - {'error': {'message': \"Unsupported value: 'temperature' does not support 0.9 with this model. Only the default (1) value is supported.\", 'type': 'invalid_request_error', 'param': 'temperature', 'code': 'unsupported_value'}}"}
{"temp": 0.9, "batch": 7, "attempt": 2, "status": "error", "err": "Falha após 4 tentativas: Error code: 400 - {'error': {'message': \"Unsupported value: 'temperature' does not support 0.9 with this model. Only the default (1) value is supported.\", 'type': 'invalid_request_error', 'param': 'temperature', 'code': 'unsupported_value'}}"}
{"temp": 0.9, "batch": 7, "attempt": 3, "status": "error", "err": "Falha após 4 tentativas: Error code: 400 - {'error': {'message': \"Unsupported value: 'temperature' does not support 0.9 with this model. Only the default (1) value is supported.\", 'type': 'invalid_request_error', 'param': 'temperature', 'code': 'unsupported_value'}}"}
{"temp": 0.9, "batch": 7, "id": "P006447", "status": "single_error", "err": "Falha após 4 tentativas: Error code: 400 - {'error': {'message': \"Unsupported value: 'temperature' does not support 0.9 with this model. Only the default (1) value is supported.\", 'type': 'invalid_request_error', 'param': 'temperature', 'code': 'unsupported_value'}}"}
{"temp": 0.9, "batch": 7, "id": "P006447", "status": "single_error", "err": "Falha após 4 tentativas: Error code: 400 - {'error': {'message': \"Unsupported value: 'temperature' does not support 0.9 with this model. Only the default (1) value is supported.\", 'type': 'invalid_request_error', 'param': 'temperature', 'code': 'unsupported_value'}}"}
{"temp": 0.9, "batch": 7, "id": "P006447", "status": "single_failed"}
{"temp": 0.9, "batch": 7, "id": "P000134", "status": "single_error", "err": "Falha após 4 tentativas: Error code: 400 - {'error': {'message': \"Unsupported value: 'temperature' does not support 0.9 with this model. Only the default (1) value is supported.\", 'type': 'invalid_request_error', 'param': 'temperature', 'code': 'unsupported_value'}}"}
{"temp": 0.9, "batch": 7, "id": "P000134", "status": "single_error", "err": "Falha após 4 tentativas: Error code: 400 - {'error': {'message': \"Unsupported value: 'temperature' does not support 0.9 with this model. Only the default (1) value is supported.\", 'type': 'invalid_request_error', 'param': 'temperature', 'code': 'unsupported_value'}}"}
{"temp": 0.9, "batch": 7, "id": "P000134", "status": "single_failed"}
{"temp": 0.9, "batch": 7, "id": "P005742", "status": "single_error", "err": "Falha após 4 tentativas: Error code: 400 - {'error': {'message': \"Unsupported value: 'temperature' does not support 0.9 with this model. Only the default (1) value is supported.\", 'type': 'invalid_request_error', 'param': 'temperature', 'code': 'unsupported_value'}}"}
{"temp": 0.9, "batch": 7, "id": "P005742", "status": "single_error", "err": "Falha após 4 tentativas: Error code: 400 - {'error': {'message': \"Unsupported value: 'temperature' does not support 0.9 with this model. Only the default (1) value is supported.\", 'type': 'invalid_request_error', 'param': 'temperature', 'code': 'unsupported_value'}}"}
{"temp": 0.9, "batch": 7, "id": "P005742", "status": "single_failed"}
{"temp": 0.9, "batch": 7, "id": "P005324", "status": "single_error", "err": "Falha após 4 tentativas: Error code: 400 - {'error': {'message': \"Unsupported value: 'temperature' does not support 0.9 with this model. Only the default (1) value is supported.\", 'type': 'invalid_request_error', 'param': 'temperature', 'code': 'unsupported_value'}}"}
{"temp": 0.9, "batch": 7, "id": "P005324", "status": "single_error", "err": "Falha após 4 tentativas: Error code: 400 - {'error': {'message': \"Unsupported value: 'temperature' does not support 0.9 with this model. Only the default (1) value is supported.\", 'type': 'invalid_request_error', 'param': 'temperature', 'code': 'unsupported_value'}}"}
{"temp": 0.9, "batch": 7, "id": "P005324", "status": "single_failed"}
{"temp": 0.9, "batch": 7, "id": "P003851", "status": "single_error", "err": "Falha após 4 tentativas: Error code: 400 - {'error': {'message': \"Unsupported value: 'temperature' does not support 0.9 with this model. Only the default (1) value is supported.\", 'type': 'invalid_request_error', 'param': 'temperature', 'code': 'unsupported_value'}}"}
{"temp": 0.9, "batch": 7, "id": "P003851", "status": "single_error", "err": "Falha após 4 tentativas: Error code: 400 - {'error': {'message': \"Unsupported value: 'temperature' does not support 0.9 with this model. Only the default (1) value is supported.\", 'type': 'invalid_request_error', 'param': 'temperature', 'code': 'unsupported_value'}}"}
{"temp": 0.9, "batch": 7, "id": "P003851", "status": "single_failed"}
{"temp": 0.9, "batch": 7, "id": "P001943", "status": "single_error", "err": "Falha após 4 tentativas: Error code: 400 - {'error': {'message': \"Unsupported value: 'temperature' does not support 0.9 with this model. Only the default (1) value is supported.\", 'type': 'invalid_request_error', 'param': 'temperature', 'code': 'unsupported_value'}}"}
{"temp": 0.9, "batch": 7, "id": "P001943", "status": "single_error", "err": "Falha após 4 tentativas: Error code: 400 - {'error': {'message': \"Unsupported value: 'temperature' does not support 0.9 with this model. Only the default (1) value is supported.\", 'type': 'invalid_request_error', 'param': 'temperature', 'code': 'unsupported_value'}}"}
{"temp": 0.9, "batch": 7, "id": "P001943", "status": "single_failed"}
{"temp": 0.9, "batch": 7, "id": "P004187", "status": "single_error", "err": "Falha após 4 tentativas: Error code: 400 - {'error': {'message': \"Unsupported value: 'temperature' does not support 0.9 with this model. Only the default (1) value is supported.\", 'type': 'invalid_request_error', 'param': 'temperature', 'code': 'unsupported_value'}}"}
{"temp": 0.9, "batch": 7, "id": "P004187", "status": "single_error", "err": "Falha após 4 tentativas: Error code: 400 - {'error': {'message': \"Unsupported value: 'temperature' does not support 0.9 with this model. Only the default (1) value is supported.\", 'type': 'invalid_request_error', 'param': 'temperature', 'code': 'unsupported_value'}}"}
{"temp": 0.9, "batch": 7, "id": "P004187", "status": "single_failed"}
{"temp": 0.9, "batch": 7, "id": "P000592", "status": "single_error", "err": "Falha após 4 tentativas: Error code: 400 - {'error': {'message': \"Unsupported value: 'temperature' does not support 0.9 with this model. Only the default (1) value is supported.\", 'type': 'invalid_request_error', 'param': 'temperature', 'code': 'unsupported_value'}}"}
{"temp": 0.9, "batch": 7, "id": "P000592", "status": "single_error", "err": "Falha após 4 tentativas: Error code: 400 - {'error': {'message': \"Unsupported value: 'temperature' does not support 0.9 with this model. Only the default (1) value is supported.\", 'type': 'invalid_request_error', 'param': 'temperature', 'code': 'unsupported_value'}}"}
{"temp": 0.9, "batch": 7, "id": "P000592", "status": "single_failed"}
{"temp": 0.9, "batch": 7, "id": "P009622", "status": "single_error", "err": "Falha após 4 tentativas: Error code: 400 - {'error': {'message': \"Unsupported value: 'temperature' does not support 0.9 with this model. Only the default (1) value is supported.\", 'type': 'invalid_request_error', 'param': 'temperature', 'code': 'unsupported_value'}}"}
{"temp": 0.9, "batch": 7, "id": "P009622", "status": "single_error", "err": "Falha após 4 tentativas: Error code: 400 - {'error': {'message': \"Unsupported value: 'temperature' does not support 0.9 with this model. Only the default (1) value is supported.\", 'type': 'invalid_request_error', 'param': 'temperature', 'code': 'unsupported_value'}}"}
{"temp": 0.9, "batch": 7, "id": "P009622", "status": "single_failed"}
{"temp": 0.9, "batch": 7, "id": "P003821", "status": "single_error", "err": "Falha após 4 tentativas: Error code: 400 - {'error': {'message': \"Unsupported value: 'temperature' does not support 0.9 with this model. Only the default (1) value is supported.\", 'type': 'invalid_request_error', 'param': 'temperature', 'code': 'unsupported_value'}}"}
{"temp": 0.9, "batch": 7, "id": "P003821", "status": "single_error", "err": "Falha após 4 tentativas: Error code: 400 - {'error': {'message': \"Unsupported value: 'temperature' does not support 0.9 with this model. Only the default (1) value is supported.\", 'type': 'invalid_request_error', 'param': 'temperature', 'code': 'unsupported_value'}}"}
{"temp": 0.9, "batch": 7, "id": "P003821", "status": "single_failed"}
{"temp": 0.9, "batch": 7, "id": "P008091", "status": "single_error", "err": "Falha após 4 tentativas: Error code: 400 - {'error': {'message': \"Unsupported value: 'temperature' does not support 0.9 with this model. Only the default (1) value is supported.\", 'type': 'invalid_request_error', 'param': 'temperature', 'code': 'unsupported_value'}}"}
{"temp": 0.9, "batch": 7, "id": "P008091", "status": "single_error", "err": "Falha após 4 tentativas: Error code: 400 - {'error': {'message': \"Unsupported value: 'temperature' does not support 0.9 with this model. Only the default (1) value is supported.\", 'type': 'invalid_request_error', 'param': 'temperature', 'code': 'unsupported_value'}}"}
{"temp": 0.9, "batch": 7, "id": "P008091", "status": "single_failed"}
{"temp": 0.9, "batch": 7, "id": "P010431", "status": "single_error", "err": "Falha após 4 tentativas: Error code: 400 - {'error': {'message': \"Unsupported value: 'temperature' does not support 0.9 with this model. Only the default (1) value is supported.\", 'type': 'invalid_request_error', 'param': 'temperature', 'code': 'unsupported_value'}}"}
{"temp": 0.9, "batch": 7, "id": "P010431", "status": "single_error", "err": "Falha após 4 tentativas: Error code: 400 - {'error': {'message': \"Unsupported value: 'temperature' does not support 0.9 with this model. Only the default (1) value is supported.\", 'type': 'invalid_request_error', 'param': 'temperature', 'code': 'unsupported_value'}}"}
{"temp": 0.9, "batch": 7, "id": "P010431", "status": "single_failed"}
{"temp": 0.9, "batch": 8, "attempt": 1, "status": "error", "err": "Falha após 4 tentativas: Error code: 400 - {'error': {'message': \"Unsupported value: 'temperature' does not support 0.9 with this model. Only the default (1) value is supported.\", 'type': 'invalid_request_error', 'param': 'temperature', 'code': 'unsupported_value'}}"}
{"temp": 0.9, "batch": 8, "attempt": 2, "status": "error", "err": "Falha após 4 tentativas: Error code: 400 - {'error': {'message': \"Unsupported value: 'temperature' does not support 0.9 with this model. Only the default (1) value is supported.\", 'type': 'invalid_request_error', 'param': 'temperature', 'code': 'unsupported_value'}}"}
{"temp": 0.9, "batch": 8, "attempt": 3, "status": "error", "err": "Falha após 4 tentativas: Error code: 400 - {'error': {'message': \"Unsupported value: 'temperature' does not support 0.9 with this model. Only the default (1) value is supported.\", 'type': 'invalid_request_error', 'param': 'temperature', 'code': 'unsupported_value'}}"}
{"temp": 0.9, "batch": 8, "id": "P009516", "status": "single_error", "err": "Falha após 4 tentativas: Error code: 400 - {'error': {'message': \"Unsupported value: 'temperature' does not support 0.9 with this model. Only the default (1) value is supported.\", 'type': 'invalid_request_error', 'param': 'temperature', 'code': 'unsupported_value'}}"}
{"temp": 0.9, "batch": 8, "id": "P009516", "status": "single_error", "err": "Falha após 4 tentativas: Error code: 400 - {'error': {'message': \"Unsupported value: 'temperature' does not support 0.9 with this model. Only the default (1) value is supported.\", 'type': 'invalid_request_error', 'param': 'temperature', 'code': 'unsupported_value'}}"}
{"temp": 0.9, "batch": 8, "id": "P009516", "status": "single_failed"}
{"temp": 0.9, "batch": 8, "id": "P009223", "status": "single_error", "err": "Falha após 4 tentativas: Error code: 400 - {'error': {'message': \"Unsupported value: 'temperature' does not support 0.9 with this model. Only the default (1) value is supported.\", 'type': 'invalid_request_error', 'param': 'temperature', 'code': 'unsupported_value'}}"}
{"temp": 0.9, "batch": 8, "id": "P009223", "status": "single_error", "err": "Falha após 4 tentativas: Error code: 400 - {'error': {'message': \"Unsupported value: 'temperature' does not support 0.9 with this model. Only the default (1) value is supported.\", 'type': 'invalid_request_error', 'param': 'temperature', 'code': 'unsupported_value'}}"}
{"temp": 0.9, "batch": 8, "id": "P009223", "status": "single_failed"}
{"temp": 0.9, "batch": 8, "id": "P002055", "status": "single_error", "err": "Falha após 4 tentativas: Error code: 400 - {'error': {'message': \"Unsupported value: 'temperature' does not support 0.9 with this model. Only the default (1) value is supported.\", 'type': 'invalid_request_error', 'param': 'temperature', 'code': 'unsupported_value'}}"}
{"temp": 0.9, "batch": 8, "id": "P002055", "status": "single_error", "err": "Falha após 4 tentativas: Error code: 400 - {'error': {'message': \"Unsupported value: 'temperature' does not support 0.9 with this model. Only the default (1) value is supported.\", 'type': 'invalid_request_error', 'param': 'temperature', 'code': 'unsupported_value'}}"}
{"temp": 0.9, "batch": 8, "id": "P002055", "status": "single_failed"}
{"temp": 0.9, "batch": 8, "id": "P000951", "status": "single_error", "err": "Falha após 4 tentativas: Error code: 400 - {'error': {'message': \"Unsupported value: 'temperature' does not support 0.9 with this model. Only the default (1) value is supported.\", 'type': 'invalid_request_error', 'param': 'temperature', 'code': 'unsupported_value'}}"}
{"temp": 0.9, "batch": 8, "id": "P000951", "status": "single_error", "err": "Falha após 4 tentativas: Error code: 400 - {'error': {'message': \"Unsupported value: 'temperature' does not support 0.9 with this model. Only the default (1) value is supported.\", 'type': 'invalid_request_error', 'param': 'temperature', 'code': 'unsupported_value'}}"}
{"temp": 0.9, "batch": 8, "id": "P000951", "status": "single_failed"}
{"temp": 0.9, "batch": 8, "id": "P001655", "status": "single_error", "err": "Falha após 4 tentativas: Error code: 400 - {'error': {'message': \"Unsupported value: 'temperature' does not support 0.9 with this model. Only the default (1) value is supported.\", 'type': 'invalid_request_error', 'param': 'temperature', 'code': 'unsupported_value'}}"}
{"temp": 0.9, "batch": 8, "id": "P001655", "status": "single_error", "err": "Falha após 4 tentativas: Error code: 400 - {'error': {'message': \"Unsupported value: 'temperature' does not support 0.9 with this model. Only the default (1) value is supported.\", 'type': 'invalid_request_error', 'param': 'temperature', 'code': 'unsupported_value'}}"}
{"temp": 0.9, "batch": 8, "id": "P001655", "status": "single_failed"}
{"temp": 0.9, "batch": 8, "id": "P010711", "status": "single_error", "err": "Falha após 4 tentativas: Error code: 400 - {'error': {'message': \"Unsupported value: 'temperature' does not support 0.9 with this model. Only the default (1) value is supported.\", 'type': 'invalid_request_error', 'param': 'temperature', 'code': 'unsupported_value'}}"}
{"temp": 0.9, "batch": 8, "id": "P010711", "status": "single_error", "err": "Falha após 4 tentativas: Error code: 400 - {'error': {'message': \"Unsupported value: 'temperature' does not support 0.9 with this model. Only the default (1) value is supported.\", 'type': 'invalid_request_error', 'param': 'temperature', 'code': 'unsupported_value'}}"}
{"temp": 0.9, "batch": 8, "id": "P010711", "status": "single_failed"}
{"temp": 0.9, "batch": 8, "id": "P007858", "status": "single_error", "err": "Falha após 4 tentativas: Error code: 400 - {'error': {'message': \"Unsupported value: 'temperature' does not support 0.9 with this model. Only the default (1) value is supported.\", 'type': 'invalid_request_error', 'param': 'temperature', 'code': 'unsupported_value'}}"}
{"temp": 0.9, "batch": 8, "id": "P007858", "status": "single_error", "err": "Falha após 4 tentativas: Error code: 400 - {'error': {'message': \"Unsupported value: 'temperature' does not support 0.9 with this model. Only the default (1) value is supported.\", 'type': 'invalid_request_error', 'param': 'temperature', 'code': 'unsupported_value'}}"}
{"temp": 0.9, "batch": 8, "id": "P007858", "status": "single_failed"}
{"temp": 0.9, "batch": 8, "id": "P003572", "status": "single_error", "err": "Falha após 4 tentativas: Error code: 400 - {'error': {'message': \"Unsupported value: 'temperature' does not support 0.9 with this model. Only the default (1) value is supported.\", 'type': 'invalid_request_error', 'param': 'temperature', 'code': 'unsupported_value'}}"}
{"temp": 0.9, "batch": 8, "id": "P003572", "status": "single_error", "err": "Falha após 4 tentativas: Error code: 400 - {'error': {'message': \"Unsupported value: 'temperature' does not support 0.9 with this model. Only the default (1) value is supported.\", 'type': 'invalid_request_error', 'param': 'temperature', 'code': 'unsupported_value'}}"}
{"temp": 0.9, "batch": 8, "id": "P003572", "status": "single_failed"}
{"temp": 0.9, "batch": 8, "id": "P008519", "status": "single_error", "err": "Falha após 4 tentativas: Error code: 400 - {'error': {'message': \"Unsupported value: 'temperature' does not support 0.9 with this model. Only the default (1) value is supported.\", 'type': 'invalid_request_error', 'param': 'temperature', 'code': 'unsupported_value'}}"}
{"temp": 0.9, "batch": 8, "id": "P008519", "status": "single_error", "err": "Falha após 4 tentativas: Error code: 400 - {'error': {'message': \"Unsupported value: 'temperature' does not support 0.9 with this model. Only the default (1) value is supported.\", 'type': 'invalid_request_error', 'param': 'temperature', 'code': 'unsupported_value'}}"}
{"temp": 0.9, "batch": 8, "id": "P008519", "status": "single_failed"}
{"temp": 0.9, "batch": 8, "id": "P008878", "status": "single_error", "err": "Falha após 4 tentativas: Error code: 400 - {'error': {'message': \"Unsupported value: 'temperature' does not support 0.9 with this model. Only the default (1) value is supported.\", 'type': 'invalid_request_error', 'param': 'temperature', 'code': 'unsupported_value'}}"}
{"temp": 0.9, "batch": 8, "id": "P008878", "status": "single_error", "err": "Falha após 4 tentativas: Error code: 400 - {'error': {'message': \"Unsupported value: 'temperature' does not support 0.9 with this model. Only the default (1) value is supported.\", 'type': 'invalid_request_error', 'param': 'temperature', 'code': 'unsupported_value'}}"}
{"temp": 0.9, "batch": 8, "id": "P008878", "status": "single_failed"}
{"temp": 0.9, "batch": 8, "id": "P000474", "status": "single_error", "err": "Falha após 4 tentativas: Error code: 400 - {'error': {'message': \"Unsupported value: 'temperature' does not support 0.9 with this model. Only the default (1) value is supported.\", 'type': 'invalid_request_error', 'param': 'temperature', 'code': 'unsupported_value'}}"}
{"temp": 0.9, "batch": 8, "id": "P000474", "status": "single_error", "err": "Falha após 4 tentativas: Error code: 400 - {'error': {'message': \"Unsupported value: 'temperature' does not support 0.9 with this model. Only the default (1) value is supported.\", 'type': 'invalid_request_error', 'param': 'temperature', 'code': 'unsupported_value'}}"}
{"temp": 0.9, "batch": 8, "id": "P000474", "status": "single_failed"}
{"temp": 0.9, "batch": 8, "id": "P003127", "status": "single_error", "err": "Falha após 4 tentativas: Error code: 400 - {'error': {'message': \"Unsupported value: 'temperature' does not support 0.9 with this model. Only the default (1) value is supported.\", 'type': 'invalid_request_error', 'param': 'temperature', 'code': 'unsupported_value'}}"}
{"temp": 0.9, "batch": 8, "id": "P003127", "status": "single_error", "err": "Falha após 4 tentativas: Error code: 400 - {'error': {'message': \"Unsupported value: 'temperature' does not support 0.9 with this model. Only the default (1) value is supported.\", 'type': 'invalid_request_error', 'param': 'temperature', 'code': 'unsupported_value'}}"}
{"temp": 0.9, "batch": 8, "id": "P003127", "status": "single_failed"}
{"temp": 0.9, "batch": 9, "attempt": 1, "status": "error", "err": "Falha após 4 tentativas: Error code: 400 - {'error': {'message': \"Unsupported value: 'temperature' does not support 0.9 with this model. Only the default (1) value is supported.\", 'type': 'invalid_request_error', 'param': 'temperature', 'code': 'unsupported_value'}}"}
{"temp": 0.9, "batch": 9, "attempt": 2, "status": "error", "err": "Falha após 4 tentativas: Error code: 400 - {'error': {'message': \"Unsupported value: 'temperature' does not support 0.9 with this model. Only the default (1) value is supported.\", 'type': 'invalid_request_error', 'param': 'temperature', 'code': 'unsupported_value'}}"}
{"temp": 0.9, "batch": 9, "attempt": 3, "status": "error", "err": "Falha após 4 tentativas: Error code: 400 - {'error': {'message': \"Unsupported value: 'temperature' does not support 0.9 with this model. Only the default (1) value is supported.\", 'type': 'invalid_request_error', 'param': 'temperature', 'code': 'unsupported_value'}}"}
{"temp": 0.9, "batch": 9, "id": "P007789", "status": "single_error", "err": "Falha após 4 tentativas: Error code: 400 - {'error': {'message': \"Unsupported value: 'temperature' does not support 0.9 with this model. Only the default (1) value is supported.\", 'type': 'invalid_request_error', 'param': 'temperature', 'code': 'unsupported_value'}}"}
{"temp": 0.9, "batch": 9, "id": "P007789", "status": "single_error", "err": "Falha após 4 tentativas: Error code: 400 - {'error': {'message': \"Unsupported value: 'temperature' does not support 0.9 with this model. Only the default (1) value is supported.\", 'type': 'invalid_request_error', 'param': 'temperature', 'code': 'unsupported_value'}}"}
{"temp": 0.9, "batch": 9, "id": "P007789", "status": "single_failed"}
{"temp": 0.9, "batch": 9, "id": "P010704", "status": "single_error", "err": "Falha após 4 tentativas: Error code: 400 - {'error': {'message': \"Unsupported value: 'temperature' does not support 0.9 with this model. Only the default (1) value is supported.\", 'type': 'invalid_request_error', 'param': 'temperature', 'code': 'unsupported_value'}}"}
{"temp": 0.9, "batch": 9, "id": "P010704", "status": "single_error", "err": "Falha após 4 tentativas: Error code: 400 - {'error': {'message': \"Unsupported value: 'temperature' does not support 0.9 with this model. Only the default (1) value is supported.\", 'type': 'invalid_request_error', 'param': 'temperature', 'code': 'unsupported_value'}}"}
{"temp": 0.9, "batch": 9, "id": "P010704", "status": "single_failed"}
{"temp": 0.9, "batch": 9, "id": "P003361", "status": "single_error", "err": "Falha após 4 tentativas: Error code: 400 - {'error': {'message': \"Unsupported value: 'temperature' does not support 0.9 with this model. Only the default (1) value is supported.\", 'type': 'invalid_request_error', 'param': 'temperature', 'code': 'unsupported_value'}}"}
{"temp": 0.9, "batch": 9, "id": "P003361", "status": "single_error", "err": "Falha após 4 tentativas: Error code: 400 - {'error': {'message': \"Unsupported value: 'temperature' does not support 0.9 with this model. Only the default (1) value is supported.\", 'type': 'invalid_request_error', 'param': 'temperature', 'code': 'unsupported_value'}}"}
{"temp": 0.9, "batch": 9, "id": "P003361", "status": "single_failed"}
{"temp": 0.9, "batch": 9, "id": "P009289", "status": "single_error", "err": "Falha após 4 tentativas: Error code: 400 - {'error': {'message': \"Unsupported value: 'temperature' does not support 0.9 with this model. Only the default (1) value is supported.\", 'type': 'invalid_request_error', 'param': 'temperature', 'code': 'unsupported_value'}}"}
{"temp": 0.9, "batch": 9, "id": "P009289", "status": "single_error", "err": "Falha após 4 tentativas: Error code: 400 - {'error': {'message': \"Unsupported value: 'temperature' does not support 0.9 with this model. Only the default (1) value is supported.\", 'type': 'invalid_request_error', 'param': 'temperature', 'code': 'unsupported_value'}}"}
{"temp": 0.9, "batch": 9, "id": "P009289", "status": "single_failed"}
{"temp": 0.9, "batch": 9, "id": "P004131", "status": "single_error", "err": "Falha após 4 tentativas: Error code: 400 - {'error': {'message': \"Unsupported value: 'temperature' does not support 0.9 with this model. Only the default (1) value is supported.\", 'type': 'invalid_request_error', 'param': 'temperature', 'code': 'unsupported_value'}}"}
{"temp": 0.9, "batch": 9, "id": "P004131", "status": "single_error", "err": "Falha após 4 tentativas: Error code: 400 - {'error': {'message': \"Unsupported value: 'temperature' does not support 0.9 with this model. Only the default (1) value is supported.\", 'type': 'invalid_request_error', 'param': 'temperature', 'code': 'unsupported_value'}}"}
{"temp": 0.9, "batch": 9, "id": "P004131", "status": "single_failed"}
{"temp": 0.9, "batch": 9, "id": "P009756", "status": "single_error", "err": "Falha após 4 tentativas: Error code: 400 - {'error': {'message': \"Unsupported value: 'temperature' does not support 0.9 with this model. Only the default (1) value is supported.\", 'type': 'invalid_request_error', 'param': 'temperature', 'code': 'unsupported_value'}}"}
{"temp": 0.9, "batch": 9, "id": "P009756", "status": "single_error", "err": "Falha após 4 tentativas: Error code: 400 - {'error': {'message': \"Unsupported value: 'temperature' does not support 0.9 with this model. Only the default (1) value is supported.\", 'type': 'invalid_request_error', 'param': 'temperature', 'code': 'unsupported_value'}}"}
{"temp": 0.9, "batch": 9, "id": "P009756", "status": "single_failed"}
{"temp": 0.9, "batch": 9, "id": "P003887", "status": "single_error", "err": "Falha após 4 tentativas: Error code: 400 - {'error': {'message': \"Unsupported value: 'temperature' does not support 0.9 with this model. Only the default (1) value is supported.\", 'type': 'invalid_request_error', 'param': 'temperature', 'code': 'unsupported_value'}}"}
{"temp": 0.9, "batch": 9, "id": "P003887", "status": "single_error", "err": "Falha após 4 tentativas: Error code: 400 - {'error': {'message': \"Unsupported value: 'temperature' does not support 0.9 with this model. Only the default (1) value is supported.\", 'type': 'invalid_request_error', 'param': 'temperature', 'code': 'unsupported_value'}}"}
{"temp": 0.9, "batch": 9, "id": "P003887", "status": "single_failed"}
{"temp": 0.9, "batch": 9, "id": "P005177", "status": "single_error", "err": "Falha após 4 tentativas: Error code: 400 - {'error': {'message': \"Unsupported value: 'temperature' does not support 0.9 with this model. Only the default (1) value is supported.\", 'type': 'invalid_request_error', 'param': 'temperature', 'code': 'unsupported_value'}}"}
{"temp": 0.9, "batch": 9, "id": "P005177", "status": "single_error", "err": "Falha após 4 tentativas: Error code: 400 - {'error': {'message': \"Unsupported value: 'temperature' does not support 0.9 with this model. Only the default (1) value is supported.\", 'type': 'invalid_request_error', 'param': 'temperature', 'code': 'unsupported_value'}}"}
{"temp": 0.9, "batch": 9, "id": "P005177", "status": "single_failed"}
{"temp": 0.9, "batch": 9, "id": "P001224", "status": "single_error", "err": "Falha após 4 tentativas: Error code: 400 - {'error': {'message': \"Unsupported value: 'temperature' does not support 0.9 with this model. Only the default (1) value is supported.\", 'type': 'invalid_request_error', 'param': 'temperature', 'code': 'unsupported_value'}}"}
{"temp": 0.9, "batch": 9, "id": "P001224", "status": "single_error", "err": "Falha após 4 tentativas: Error code: 400 - {'error': {'message': \"Unsupported value: 'temperature' does not support 0.9 with this model. Only the default (1) value is supported.\", 'type': 'invalid_request_error', 'param': 'temperature', 'code': 'unsupported_value'}}"}
{"temp": 0.9, "batch": 9, "id": "P001224", "status": "single_failed"}
{"temp": 0.9, "batch": 9, "id": "P005396", "status": "single_error", "err": "Falha após 4 tentativas: Error code: 400 - {'error': {'message': \"Unsupported value: 'temperature' does not support 0.9 with this model. Only the default (1) value is supported.\", 'type': 'invalid_request_error', 'param': 'temperature', 'code': 'unsupported_value'}}"}
{"temp": 0.9, "batch": 9, "id": "P005396", "status": "single_error", "err": "Falha após 4 tentativas: Error code: 400 - {'error': {'message': \"Unsupported value: 'temperature' does not support 0.9 with this model. Only the default (1) value is supported.\", 'type': 'invalid_request_error', 'param': 'temperature', 'code': 'unsupported_value'}}"}
{"temp": 0.9, "batch": 9, "id": "P005396", "status": "single_failed"}
{"temp": 0.9, "batch": 9, "id": "P001015", "status": "single_error", "err": "Falha após 4 tentativas: Error code: 400 - {'error': {'message': \"Unsupported value: 'temperature' does not support 0.9 with this model. Only the default (1) value is supported.\", 'type': 'invalid_request_error', 'param': 'temperature', 'code': 'unsupported_value'}}"}
{"temp": 0.9, "batch": 9, "id": "P001015", "status": "single_error", "err": "Falha após 4 tentativas: Error code: 400 - {'error': {'message': \"Unsupported value: 'temperature' does not support 0.9 with this model. Only the default (1) value is supported.\", 'type': 'invalid_request_error', 'param': 'temperature', 'code': 'unsupported_value'}}"}
{"temp": 0.9, "batch": 9, "id": "P001015", "status": "single_failed"}
{"temp": 0.9, "batch": 9, "id": "P000285", "status": "single_error", "err": "Falha após 4 tentativas: Error code: 400 - {'error': {'message': \"Unsupported value: 'temperature' does not support 0.9 with this model. Only the default (1) value is supported.\", 'type': 'invalid_request_error', 'param': 'temperature', 'code': 'unsupported_value'}}"}
{"temp": 0.9, "batch": 9, "id": "P000285", "status": "single_error", "err": "Falha após 4 tentativas: Error code: 400 - {'error': {'message': \"Unsupported value: 'temperature' does not support 0.9 with this model. Only the default (1) value is supported.\", 'type': 'invalid_request_error', 'param': 'temperature', 'code': 'unsupported_value'}}"}
{"temp": 0.9, "batch": 9, "id": "P000285", "status": "single_failed"}
{"temp": 0.9, "batch": 10, "attempt": 1, "status": "error", "err": "Falha após 4 tentativas: Error code: 400 - {'error': {'message': \"Unsupported value: 'temperature' does not support 0.9 with this model. Only the default (1) value is supported.\", 'type': 'invalid_request_error', 'param': 'temperature', 'code': 'unsupported_value'}}"}
{"temp": 0.9, "batch": 10, "attempt": 2, "status": "error", "err": "Falha após 4 tentativas: Error code: 400 - {'error': {'message': \"Unsupported value: 'temperature' does not support 0.9 with this model. Only the default (1) value is supported.\", 'type': 'invalid_request_error', 'param': 'temperature', 'code': 'unsupported_value'}}"}
{"temp": 0.9, "batch": 10, "attempt": 3, "status": "error", "err": "Falha após 4 tentativas: Error code: 400 - {'error': {'message': \"Unsupported value: 'temperature' does not support 0.9 with this model. Only the default (1) value is supported.\", 'type': 'invalid_request_error', 'param': 'temperature', 'code': 'unsupported_value'}}"}
{"temp": 0.9, "batch": 10, "id": "P006166", "status": "single_error", "err": "Falha após 4 tentativas: Error code: 400 - {'error': {'message': \"Unsupported value: 'temperature' does not support 0.9 with this model. Only the default (1) value is supported.\", 'type': 'invalid_request_error', 'param': 'temperature', 'code': 'unsupported_value'}}"}
{"temp": 0.9, "batch": 10, "id": "P006166", "status": "single_error", "err": "Falha após 4 tentativas: Error code: 400 - {'error': {'message': \"Unsupported value: 'temperature' does not support 0.9 with this model. Only the default (1) value is supported.\", 'type': 'invalid_request_error', 'param': 'temperature', 'code': 'unsupported_value'}}"}
{"temp": 0.9, "batch": 10, "id": "P006166", "status": "single_failed"}
{"temp": 0.9, "batch": 10, "id": "P008342", "status": "single_error", "err": "Falha após 4 tentativas: Error code: 400 - {'error': {'message': \"Unsupported value: 'temperature' does not support 0.9 with this model. Only the default (1) value is supported.\", 'type': 'invalid_request_error', 'param': 'temperature', 'code': 'unsupported_value'}}"}
{"temp": 0.9, "batch": 10, "id": "P008342", "status": "single_error", "err": "Falha após 4 tentativas: Error code: 400 - {'error': {'message': \"Unsupported value: 'temperature' does not support 0.9 with this model. Only the default (1) value is supported.\", 'type': 'invalid_request_error', 'param': 'temperature', 'code': 'unsupported_value'}}"}
{"temp": 0.9, "batch": 10, "id": "P008342", "status": "single_failed"}
{"temp": 0.9, "batch": 10, "id": "P002461", "status": "single_error", "err": "Falha após 4 tentativas: Error code: 400 - {'error': {'message': \"Unsupported value: 'temperature' does not support 0.9 with this model. Only the default (1) value is supported.\", 'type': 'invalid_request_error', 'param': 'temperature', 'code': 'unsupported_value'}}"}
{"temp": 0.9, "batch": 10, "id": "P002461", "status": "single_error", "err": "Falha após 4 tentativas: Error code: 400 - {'error': {'message': \"Unsupported value: 'temperature' does not support 0.9 with this model. Only the default (1) value is supported.\", 'type': 'invalid_request_error', 'param': 'temperature', 'code': 'unsupported_value'}}"}
{"temp": 0.9, "batch": 10, "id": "P002461", "status": "single_failed"}
{"temp": 0.9, "batch": 10, "id": "P000311", "status": "single_error", "err": "Falha após 4 tentativas: Error code: 400 - {'error': {'message': \"Unsupported value: 'temperature' does not support 0.9 with this model. Only the default (1) value is supported.\", 'type': 'invalid_request_error', 'param': 'temperature', 'code': 'unsupported_value'}}"}
{"temp": 0.9, "batch": 10, "id": "P000311", "status": "single_error", "err": "Falha após 4 tentativas: Error code: 400 - {'error': {'message': \"Unsupported value: 'temperature' does not support 0.9 with this model. Only the default (1) value is supported.\", 'type': 'invalid_request_error', 'param': 'temperature', 'code': 'unsupported_value'}}"}
{"temp": 0.9, "batch": 10, "id": "P000311", "status": "single_failed"}
{"temp": 0.9, "batch": 10, "id": "P002836", "status": "single_error", "err": "Falha após 4 tentativas: Error code: 400 - {'error': {'message': \"Unsupported value: 'temperature' does not support 0.9 with this model. Only the default (1) value is supported.\", 'type': 'invalid_request_error', 'param': 'temperature', 'code': 'unsupported_value'}}"}
{"temp": 0.9, "batch": 10, "id": "P002836", "status": "single_error", "err": "Falha após 4 tentativas: Error code: 400 - {'error': {'message': \"Unsupported value: 'temperature' does not support 0.9 with this model. Only the default (1) value is supported.\", 'type': 'invalid_request_error', 'param': 'temperature', 'code': 'unsupported_value'}}"}
{"temp": 0.9, "batch": 10, "id": "P002836", "status": "single_failed"}
{"temp": 0.9, "batch": 10, "id": "P009488", "status": "single_error", "err": "Falha após 4 tentativas: Error code: 400 - {'error': {'message': \"Unsupported value: 'temperature' does not support 0.9 with this model. Only the default (1) value is supported.\", 'type': 'invalid_request_error', 'param': 'temperature', 'code': 'unsupported_value'}}"}
{"temp": 0.9, "batch": 10, "id": "P009488", "status": "single_error", "err": "Falha após 4 tentativas: Error code: 400 - {'error': {'message': \"Unsupported value: 'temperature' does not support 0.9 with this model. Only the default (1) value is supported.\", 'type': 'invalid_request_error', 'param': 'temperature', 'code': 'unsupported_value'}}"}
{"temp": 0.9, "batch": 10, "id": "P009488", "status": "single_failed"}
{"temp": 0.9, "batch": 10, "id": "P010137", "status": "single_error", "err": "Falha após 4 tentativas: Error code: 400 - {'error': {'message': \"Unsupported value: 'temperature' does not support 0.9 with this model. Only the default (1) value is supported.\", 'type': 'invalid_request_error', 'param': 'temperature', 'code': 'unsupported_value'}}"}
{"temp": 0.9, "batch": 10, "id": "P010137", "status": "single_error", "err": "Falha após 4 tentativas: Error code: 400 - {'error': {'message': \"Unsupported value: 'temperature' does not support 0.9 with this model. Only the default (1) value is supported.\", 'type': 'invalid_request_error', 'param': 'temperature', 'code': 'unsupported_value'}}"}
{"temp": 0.9, "batch": 10, "id": "P010137", "status": "single_failed"}
{"temp": 0.9, "batch": 10, "id": "P007486", "status": "single_error", "err": "Falha após 4 tentativas: Error code: 400 - {'error': {'message': \"Unsupported value: 'temperature' does not support 0.9 with this model. Only the default (1) value is supported.\", 'type': 'invalid_request_error', 'param': 'temperature', 'code': 'unsupported_value'}}"}
{"temp": 0.9, "batch": 10, "id": "P007486", "status": "single_error", "err": "Falha após 4 tentativas: Error code: 400 - {'error': {'message': \"Unsupported value: 'temperature' does not support 0.9 with this model. Only the default (1) value is supported.\", 'type': 'invalid_request_error', 'param': 'temperature', 'code': 'unsupported_value'}}"}
{"temp": 0.9, "batch": 10, "id": "P007486", "status": "single_failed"}
{"temp": 0.9, "batch": 10, "id": "P010351", "status": "single_error", "err": "Falha após 4 tentativas: Error code: 400 - {'error': {'message': \"Unsupported value: 'temperature' does not support 0.9 with this model. Only the default (1) value is supported.\", 'type': 'invalid_request_error', 'param': 'temperature', 'code': 'unsupported_value'}}"}
{"temp": 0.9, "batch": 10, "id": "P010351", "status": "single_error", "err": "Falha após 4 tentativas: Error code: 400 - {'error': {'message': \"Unsupported value: 'temperature' does not support 0.9 with this model. Only the default (1) value is supported.\", 'type': 'invalid_request_error', 'param': 'temperature', 'code': 'unsupported_value'}}"}
{"temp": 0.9, "batch": 10, "id": "P010351", "status": "single_failed"}
{"temp": 0.9, "batch": 10, "id": "P000497", "status": "single_error", "err": "Falha após 4 tentativas: Error code: 400 - {'error': {'message': \"Unsupported value: 'temperature' does not support 0.9 with this model. Only the default (1) value is supported.\", 'type': 'invalid_request_error', 'param': 'temperature', 'code': 'unsupported_value'}}"}
{"temp": 0.9, "batch": 10, "id": "P000497", "status": "single_error", "err": "Falha após 4 tentativas: Error code: 400 - {'error': {'message': \"Unsupported value: 'temperature' does not support 0.9 with this model. Only the default (1) value is supported.\", 'type': 'invalid_request_error', 'param': 'temperature', 'code': 'unsupported_value'}}"}
{"temp": 0.9, "batch": 10, "id": "P000497", "status": "single_failed"}
{"temp": 0.9, "batch": 10, "id": "P003243", "status": "single_error", "err": "Falha após 4 tentativas: Error code: 400 - {'error': {'message': \"Unsupported value: 'temperature' does not support 0.9 with this model. Only the default (1) value is supported.\", 'type': 'invalid_request_error', 'param': 'temperature', 'code': 'unsupported_value'}}"}
{"temp": 0.9, "batch": 10, "id": "P003243", "status": "single_error", "err": "Falha após 4 tentativas: Error code: 400 - {'error': {'message': \"Unsupported value: 'temperature' does not support 0.9 with this model. Only the default (1) value is supported.\", 'type': 'invalid_request_error', 'param': 'temperature', 'code': 'unsupported_value'}}"}
{"temp": 0.9, "batch": 10, "id": "P003243", "status": "single_failed"}
{"temp": 0.9, "batch": 10, "id": "P003223", "status": "single_error", "err": "Falha após 4 tentativas: Error code: 400 - {'error': {'message': \"Unsupported value: 'temperature' does not support 0.9 with this model. Only the default (1) value is supported.\", 'type': 'invalid_request_error', 'param': 'temperature', 'code': 'unsupported_value'}}"}
{"temp": 0.9, "batch": 10, "id": "P003223", "status": "single_error", "err": "Falha após 4 tentativas: Error code: 400 - {'error': {'message': \"Unsupported value: 'temperature' does not support 0.9 with this model. Only the default (1) value is supported.\", 'type': 'invalid_request_error', 'param': 'temperature', 'code': 'unsupported_value'}}"}
{"temp": 0.9, "batch": 10, "id": "P003223", "status": "single_failed"}
{"temp": 0.9, "batch": 11, "attempt": 1, "status": "error", "err": "Falha após 4 tentativas: Error code: 400 - {'error': {'message': \"Unsupported value: 'temperature' does not support 0.9 with this model. Only the default (1) value is supported.\", 'type': 'invalid_request_error', 'param': 'temperature', 'code': 'unsupported_value'}}"}
{"temp": 0.9, "batch": 11, "attempt": 2, "status": "error", "err": "Falha após 4 tentativas: Error code: 400 - {'error': {'message': \"Unsupported value: 'temperature' does not support 0.9 with this model. Only the default (1) value is supported.\", 'type': 'invalid_request_error', 'param': 'temperature', 'code': 'unsupported_value'}}"}
{"temp": 0.9, "batch": 11, "attempt": 3, "status": "error", "err": "Falha após 4 tentativas: Error code: 400 - {'error': {'message': \"Unsupported value: 'temperature' does not support 0.9 with this model. Only the default (1) value is supported.\", 'type': 'invalid_request_error', 'param': 'temperature', 'code': 'unsupported_value'}}"}
{"temp": 0.9, "batch": 11, "id": "P003715", "status": "single_error", "err": "Falha após 4 tentativas: Error code: 400 - {'error': {'message': \"Unsupported value: 'temperature' does not support 0.9 with this model. Only the default (1) value is supported.\", 'type': 'invalid_request_error', 'param': 'temperature', 'code': 'unsupported_value'}}"}
{"temp": 0.9, "batch": 11, "id": "P003715", "status": "single_error", "err": "Falha após 4 tentativas: Error code: 400 - {'error': {'message': \"Unsupported value: 'temperature' does not support 0.9 with this model. Only the default (1) value is supported.\", 'type': 'invalid_request_error', 'param': 'temperature', 'code': 'unsupported_value'}}"}
{"temp": 0.9, "batch": 11, "id": "P003715", "status": "single_failed"}
{"temp": 0.9, "batch": 11, "id": "P000842", "status": "single_error", "err": "Falha após 4 tentativas: Error code: 400 - {'error': {'message': \"Unsupported value: 'temperature' does not support 0.9 with this model. Only the default (1) value is supported.\", 'type': 'invalid_request_error', 'param': 'temperature', 'code': 'unsupported_value'}}"}
{"temp": 0.9, "batch": 11, "id": "P000842", "status": "single_error", "err": "Falha após 4 tentativas: Error code: 400 - {'error': {'message': \"Unsupported value: 'temperature' does not support 0.9 with this model. Only the default (1) value is supported.\", 'type': 'invalid_request_error', 'param': 'temperature', 'code': 'unsupported_value'}}"}
{"temp": 0.9, "batch": 11, "id": "P000842", "status": "single_failed"}
{"temp": 0.9, "batch": 11, "id": "P004717", "status": "single_error", "err": "Falha após 4 tentativas: Error code: 400 - {'error': {'message': \"Unsupported value: 'temperature' does not support 0.9 with this model. Only the default (1) value is supported.\", 'type': 'invalid_request_error', 'param': 'temperature', 'code': 'unsupported_value'}}"}
{"temp": 0.9, "batch": 11, "id": "P004717", "status": "single_error", "err": "Falha após 4 tentativas: Error code: 400 - {'error': {'message': \"Unsupported value: 'temperature' does not support 0.9 with this model. Only the default (1) value is supported.\", 'type': 'invalid_request_error', 'param': 'temperature', 'code': 'unsupported_value'}}"}
{"temp": 0.9, "batch": 11, "id": "P004717", "status": "single_failed"}
{"temp": 0.9, "batch": 11, "id": "P004769", "status": "single_error", "err": "Falha após 4 tentativas: Error code: 400 - {'error': {'message': \"Unsupported value: 'temperature' does not support 0.9 with this model. Only the default (1) value is supported.\", 'type': 'invalid_request_error', 'param': 'temperature', 'code': 'unsupported_value'}}"}
{"temp": 0.9, "batch": 11, "id": "P004769", "status": "single_error", "err": "Falha após 4 tentativas: Error code: 400 - {'error': {'message': \"Unsupported value: 'temperature' does not support 0.9 with this model. Only the default (1) value is supported.\", 'type': 'invalid_request_error', 'param': 'temperature', 'code': 'unsupported_value'}}"}
{"temp": 0.9, "batch": 11, "id": "P004769", "status": "single_failed"}
{"temp": 0.9, "batch": 11, "id": "P009303", "status": "single_error", "err": "Falha após 4 tentativas: Error code: 400 - {'error': {'message': \"Unsupported value: 'temperature' does not support 0.9 with this model. Only the default (1) value is supported.\", 'type': 'invalid_request_error', 'param': 'temperature', 'code': 'unsupported_value'}}"}
{"temp": 0.9, "batch": 11, "id": "P009303", "status": "single_error", "err": "Falha após 4 tentativas: Error code: 400 - {'error': {'message': \"Unsupported value: 'temperature' does not support 0.9 with this model. Only the default (1) value is supported.\", 'type': 'invalid_request_error', 'param': 'temperature', 'code': 'unsupported_value'}}"}
{"temp": 0.9, "batch": 11, "id": "P009303", "status": "single_failed"}
{"temp": 0.9, "batch": 11, "id": "P007097", "status": "single_error", "err": "Falha após 4 tentativas: Error code: 400 - {'error': {'message': \"Unsupported value: 'temperature' does not support 0.9 with this model. Only the default (1) value is supported.\", 'type': 'invalid_request_error', 'param': 'temperature', 'code': 'unsupported_value'}}"}
{"temp": 0.9, "batch": 11, "id": "P007097", "status": "single_error", "err": "Falha após 4 tentativas: Error code: 400 - {'error': {'message': \"Unsupported value: 'temperature' does not support 0.9 with this model. Only the default (1) value is supported.\", 'type': 'invalid_request_error', 'param': 'temperature', 'code': 'unsupported_value'}}"}
{"temp": 0.9, "batch": 11, "id": "P007097", "status": "single_failed"}
{"temp": 0.9, "batch": 11, "id": "P003712", "status": "single_error", "err": "Falha após 4 tentativas: Error code: 400 - {'error': {'message': \"Unsupported value: 'temperature' does not support 0.9 with this model. Only the default (1) value is supported.\", 'type': 'invalid_request_error', 'param': 'temperature', 'code': 'unsupported_value'}}"}
{"temp": 0.9, "batch": 11, "id": "P003712", "status": "single_error", "err": "Falha após 4 tentativas: Error code: 400 - {'error': {'message': \"Unsupported value: 'temperature' does not support 0.9 with this model. Only the default (1) value is supported.\", 'type': 'invalid_request_error', 'param': 'temperature', 'code': 'unsupported_value'}}"}
{"temp": 0.9, "batch": 11, "id": "P003712", "status": "single_failed"}
{"temp": 0.9, "batch": 11, "id": "P008585", "status": "single_error", "err": "Falha após 4 tentativas: Error code: 400 - {'error': {'message': \"Unsupported value: 'temperature' does not support 0.9 with this model. Only the default (1) value is supported.\", 'type': 'invalid_request_error', 'param': 'temperature', 'code': 'unsupported_value'}}"}
{"temp": 0.9, "batch": 11, "id": "P008585", "status": "single_error", "err": "Falha após 4 tentativas: Error code: 400 - {'error': {'message': \"Unsupported value: 'temperature' does not support 0.9 with this model. Only the default (1) value is supported.\", 'type': 'invalid_request_error', 'param': 'temperature', 'code': 'unsupported_value'}}"}
{"temp": 0.9, "batch": 11, "id": "P008585", "status": "single_failed"}
{"temp": 0.9, "batch": 11, "id": "P001016", "status": "single_error", "err": "Falha após 4 tentativas: Error code: 400 - {'error': {'message': \"Unsupported value: 'temperature' does not support 0.9 with this model. Only the default (1) value is supported.\", 'type': 'invalid_request_error', 'param': 'temperature', 'code': 'unsupported_value'}}"}
{"temp": 0.9, "batch": 11, "id": "P001016", "status": "single_error", "err": "Falha após 4 tentativas: Error code: 400 - {'error': {'message': \"Unsupported value: 'temperature' does not support 0.9 with this model. Only the default (1) value is supported.\", 'type': 'invalid_request_error', 'param': 'temperature', 'code': 'unsupported_value'}}"}
{"temp": 0.9, "batch": 11, "id": "P001016", "status": "single_failed"}
{"temp": 0.9, "batch": 11, "id": "P006049", "status": "single_error", "err": "Falha após 4 tentativas: Error code: 400 - {'error': {'message': \"Unsupported value: 'temperature' does not support 0.9 with this model. Only the default (1) value is supported.\", 'type': 'invalid_request_error', 'param': 'temperature', 'code': 'unsupported_value'}}"}
{"temp": 0.9, "batch": 11, "id": "P006049", "status": "single_error", "err": "Falha após 4 tentativas: Error code: 400 - {'error': {'message': \"Unsupported value: 'temperature' does not support 0.9 with this model. Only the default (1) value is supported.\", 'type': 'invalid_request_error', 'param': 'temperature', 'code': 'unsupported_value'}}"}
{"temp": 0.9, "batch": 11, "id": "P006049", "status": "single_failed"}
{"temp": 0.9, "batch": 11, "id": "P003146", "status": "single_error", "err": "Falha após 4 tentativas: Error code: 400 - {'error': {'message': \"Unsupported value: 'temperature' does not support 0.9 with this model. Only the default (1) value is supported.\", 'type': 'invalid_request_error', 'param': 'temperature', 'code': 'unsupported_value'}}"}
{"temp": 0.9, "batch": 11, "id": "P003146", "status": "single_error", "err": "Falha após 4 tentativas: Error code: 400 - {'error': {'message': \"Unsupported value: 'temperature' does not support 0.9 with this model. Only the default (1) value is supported.\", 'type': 'invalid_request_error', 'param': 'temperature', 'code': 'unsupported_value'}}"}
{"temp": 0.9, "batch": 11, "id": "P003146", "status": "single_failed"}
{"temp": 0.9, "batch": 11, "id": "P005798", "status": "single_error", "err": "Falha após 4 tentativas: Error code: 400 - {'error': {'message': \"Unsupported value: 'temperature' does not support 0.9 with this model. Only the default (1) value is supported.\", 'type': 'invalid_request_error', 'param': 'temperature', 'code': 'unsupported_value'}}"}
{"temp": 0.9, "batch": 11, "id": "P005798", "status": "single_error", "err": "Falha após 4 tentativas: Error code: 400 - {'error': {'message': \"Unsupported value: 'temperature' does not support 0.9 with this model. Only the default (1) value is supported.\", 'type': 'invalid_request_error', 'param': 'temperature', 'code': 'unsupported_value'}}"}
{"temp": 0.9, "batch": 11, "id": "P005798", "status": "single_failed"}
{"temp": 0.9, "batch": 12, "attempt": 1, "status": "error", "err": "Falha após 4 tentativas: Error code: 400 - {'error': {'message': \"Unsupported value: 'temperature' does not support 0.9 with this model. Only the default (1) value is supported.\", 'type': 'invalid_request_error', 'param': 'temperature', 'code': 'unsupported_value'}}"}
{"temp": 0.9, "batch": 12, "attempt": 2, "status": "error", "err": "Falha após 4 tentativas: Error code: 400 - {'error': {'message': \"Unsupported value: 'temperature' does not support 0.9 with this model. Only the default (1) value is supported.\", 'type': 'invalid_request_error', 'param': 'temperature', 'code': 'unsupported_value'}}"}
{"temp": 0.9, "batch": 12, "attempt": 3, "status": "error", "err": "Falha após 4 tentativas: Error code: 400 - {'error': {'message': \"Unsupported value: 'temperature' does not support 0.9 with this model. Only the default (1) value is supported.\", 'type': 'invalid_request_error', 'param': 'temperature', 'code': 'unsupported_value'}}"}
{"temp": 0.9, "batch": 12, "id": "P005179", "status": "single_error", "err": "Falha após 4 tentativas: Error code: 400 - {'error': {'message': \"Unsupported value: 'temperature' does not support 0.9 with this model. Only the default (1) value is supported.\", 'type': 'invalid_request_error', 'param': 'temperature', 'code': 'unsupported_value'}}"}
{"temp": 0.9, "batch": 12, "id": "P005179", "status": "single_error", "err": "Falha após 4 tentativas: Error code: 400 - {'error': {'message': \"Unsupported value: 'temperature' does not support 0.9 with this model. Only the default (1) value is supported.\", 'type': 'invalid_request_error', 'param': 'temperature', 'code': 'unsupported_value'}}"}
{"temp": 0.9, "batch": 12, "id": "P005179", "status": "single_failed"}
{"temp": 0.9, "batch": 12, "id": "P000562", "status": "single_error", "err": "Falha após 4 tentativas: Error code: 400 - {'error': {'message': \"Unsupported value: 'temperature' does not support 0.9 with this model. Only the default (1) value is supported.\", 'type': 'invalid_request_error', 'param': 'temperature', 'code': 'unsupported_value'}}"}
{"temp": 0.9, "batch": 12, "id": "P000562", "status": "single_error", "err": "Falha após 4 tentativas: Error code: 400 - {'error': {'message': \"Unsupported value: 'temperature' does not support 0.9 with this model. Only the default (1) value is supported.\", 'type': 'invalid_request_error', 'param': 'temperature', 'code': 'unsupported_value'}}"}
{"temp": 0.9, "batch": 12, "id": "P000562", "status": "single_failed"}
{"temp": 0.9, "batch": 12, "id": "P005451", "status": "single_error", "err": "Falha após 4 tentativas: Error code: 400 - {'error': {'message': \"Unsupported value: 'temperature' does not support 0.9 with this model. Only the default (1) value is supported.\", 'type': 'invalid_request_error', 'param': 'temperature', 'code': 'unsupported_value'}}"}
{"temp": 0.9, "batch": 12, "id": "P005451", "status": "single_error", "err": "Falha após 4 tentativas: Error code: 400 - {'error': {'message': \"Unsupported value: 'temperature' does not support 0.9 with this model. Only the default (1) value is supported.\", 'type': 'invalid_request_error', 'param': 'temperature', 'code': 'unsupported_value'}}"}
{"temp": 0.9, "batch": 12, "id": "P005451", "status": "single_failed"}
{"temp": 0.9, "batch": 12, "id": "P009670", "status": "single_error", "err": "Falha após 4 tentativas: Error code: 400 - {'error': {'message': \"Unsupported value: 'temperature' does not support 0.9 with this model. Only the default (1) value is supported.\", 'type': 'invalid_request_error', 'param': 'temperature', 'code': 'unsupported_value'}}"}
{"temp": 0.9, "batch": 12, "id": "P009670", "status": "single_error", "err": "Falha após 4 tentativas: Error code: 400 - {'error': {'message': \"Unsupported value: 'temperature' does not support 0.9 with this model. Only the default (1) value is supported.\", 'type': 'invalid_request_error', 'param': 'temperature', 'code': 'unsupported_value'}}"}
{"temp": 0.9, "batch": 12, "id": "P009670", "status": "single_failed"}
{"temp": 0.9, "batch": 12, "id": "P001980", "status": "single_error", "err": "Falha após 4 tentativas: Error code: 400 - {'error': {'message': \"Unsupported value: 'temperature' does not support 0.9 with this model. Only the default (1) value is supported.\", 'type': 'invalid_request_error', 'param': 'temperature', 'code': 'unsupported_value'}}"}
{"temp": 0.9, "batch": 12, "id": "P001980", "status": "single_error", "err": "Falha após 4 tentativas: Error code: 400 - {'error': {'message': \"Unsupported value: 'temperature' does not support 0.9 with this model. Only the default (1) value is supported.\", 'type': 'invalid_request_error', 'param': 'temperature', 'code': 'unsupported_value'}}"}
{"temp": 0.9, "batch": 12, "id": "P001980", "status": "single_failed"}
{"temp": 0.9, "batch": 12, "id": "P004810", "status": "single_error", "err": "Falha após 4 tentativas: Error code: 400 - {'error': {'message': \"Unsupported value: 'temperature' does not support 0.9 with this model. Only the default (1) value is supported.\", 'type': 'invalid_request_error', 'param': 'temperature', 'code': 'unsupported_value'}}"}
{"temp": 0.9, "batch": 12, "id": "P004810", "status": "single_error", "err": "Falha após 4 tentativas: Error code: 400 - {'error': {'message': \"Unsupported value: 'temperature' does not support 0.9 with this model. Only the default (1) value is supported.\", 'type': 'invalid_request_error', 'param': 'temperature', 'code': 'unsupported_value'}}"}
{"temp": 0.9, "batch": 12, "id": "P004810", "status": "single_failed"}
{"temp": 0.9, "batch": 12, "id": "P004643", "status": "single_error", "err": "Falha após 4 tentativas: Error code: 400 - {'error': {'message': \"Unsupported value: 'temperature' does not support 0.9 with this model. Only the default (1) value is supported.\", 'type': 'invalid_request_error', 'param': 'temperature', 'code': 'unsupported_value'}}"}
{"temp": 0.9, "batch": 12, "id": "P004643", "status": "single_error", "err": "Falha após 4 tentativas: Error code: 400 - {'error': {'message': \"Unsupported value: 'temperature' does not support 0.9 with this model. Only the default (1) value is supported.\", 'type': 'invalid_request_error', 'param': 'temperature', 'code': 'unsupported_value'}}"}
{"temp": 0.9, "batch": 12, "id": "P004643", "status": "single_failed"}
{"temp": 0.9, "batch": 12, "id": "P007707", "status": "single_error", "err": "Falha após 4 tentativas: Error code: 400 - {'error': {'message': \"Unsupported value: 'temperature' does not support 0.9 with this model. Only the default (1) value is supported.\", 'type': 'invalid_request_error', 'param': 'temperature', 'code': 'unsupported_value'}}"}
{"temp": 0.9, "batch": 12, "id": "P007707", "status": "single_error", "err": "Falha após 4 tentativas: Error code: 400 - {'error': {'message': \"Unsupported value: 'temperature' does not support 0.9 with this model. Only the default (1) value is supported.\", 'type': 'invalid_request_error', 'param': 'temperature', 'code': 'unsupported_value'}}"}
{"temp": 0.9, "batch": 12, "id": "P007707", "status": "single_failed"}
{"temp": 0.9, "batch": 12, "id": "P001025", "status": "single_error", "err": "Falha após 4 tentativas: Error code: 400 - {'error': {'message': \"Unsupported value: 'temperature' does not support 0.9 with this model. Only the default (1) value is supported.\", 'type': 'invalid_request_error', 'param': 'temperature', 'code': 'unsupported_value'}}"}
{"temp": 0.9, "batch": 12, "id": "P001025", "status": "single_error", "err": "Falha após 4 tentativas: Error code: 400 - {'error': {'message': \"Unsupported value: 'temperature' does not support 0.9 with this model. Only the default (1) value is supported.\", 'type': 'invalid_request_error', 'param': 'temperature', 'code': 'unsupported_value'}}"}
{"temp": 0.9, "batch": 12, "id": "P001025", "status": "single_failed"}
{"temp": 0.9, "batch": 12, "id": "P009836", "status": "single_error", "err": "Falha após 4 tentativas: Error code: 400 - {'error': {'message': \"Unsupported value: 'temperature' does not support 0.9 with this model. Only the default (1) value is supported.\", 'type': 'invalid_request_error', 'param': 'temperature', 'code': 'unsupported_value'}}"}
{"temp": 0.9, "batch": 12, "id": "P009836", "status": "single_error", "err": "Falha após 4 tentativas: Error code: 400 - {'error': {'message': \"Unsupported value: 'temperature' does not support 0.9 with this model. Only the default (1) value is supported.\", 'type': 'invalid_request_error', 'param': 'temperature', 'code': 'unsupported_value'}}"}
{"temp": 0.9, "batch": 12, "id": "P009836", "status": "single_failed"}
{"temp": 0.9, "batch": 12, "id": "P007457", "status": "single_error", "err": "Falha após 4 tentativas: Error code: 400 - {'error': {'message': \"Unsupported value: 'temperature' does not support 0.9 with this model. Only the default (1) value is supported.\", 'type': 'invalid_request_error', 'param': 'temperature', 'code': 'unsupported_value'}}"}
{"temp": 0.9, "batch": 12, "id": "P007457", "status": "single_error", "err": "Falha após 4 tentativas: Error code: 400 - {'error': {'message': \"Unsupported value: 'temperature' does not support 0.9 with this model. Only the default (1) value is supported.\", 'type': 'invalid_request_error', 'param': 'temperature', 'code': 'unsupported_value'}}"}
{"temp": 0.9, "batch": 12, "id": "P007457", "status": "single_failed"}
{"temp": 0.9, "batch": 12, "id": "P003227", "status": "single_error", "err": "Falha após 4 tentativas: Error code: 400 - {'error': {'message': \"Unsupported value: 'temperature' does not support 0.9 with this model. Only the default (1) value is supported.\", 'type': 'invalid_request_error', 'param': 'temperature', 'code': 'unsupported_value'}}"}
{"temp": 0.9, "batch": 12, "id": "P003227", "status": "single_error", "err": "Falha após 4 tentativas: Error code: 400 - {'error': {'message': \"Unsupported value: 'temperature' does not support 0.9 with this model. Only the default (1) value is supported.\", 'type': 'invalid_request_error', 'param': 'temperature', 'code': 'unsupported_value'}}"}
{"temp": 0.9, "batch": 12, "id": "P003227", "status": "single_failed"}
{"temp": 0.9, "batch": 13, "attempt": 1, "status": "error", "err": "Falha após 4 tentativas: Error code: 400 - {'error': {'message': \"Unsupported value: 'temperature' does not support 0.9 with this model. Only the default (1) value is supported.\", 'type': 'invalid_request_error', 'param': 'temperature', 'code': 'unsupported_value'}}"}
{"temp": 0.9, "batch": 13, "attempt": 2, "status": "error", "err": "Falha após 4 tentativas: Error code: 400 - {'error': {'message': \"Unsupported value: 'temperature' does not support 0.9 with this model. Only the default (1) value is supported.\", 'type': 'invalid_request_error', 'param': 'temperature', 'code': 'unsupported_value'}}"}
{"temp": 0.9, "batch": 13, "attempt": 3, "status": "error", "err": "Falha após 4 tentativas: Error code: 400 - {'error': {'message': \"Unsupported value: 'temperature' does not support 0.9 with this model. Only the default (1) value is supported.\", 'type': 'invalid_request_error', 'param': 'temperature', 'code': 'unsupported_value'}}"}
{"temp": 0.9, "batch": 13, "id": "P002003", "status": "single_error", "err": "Falha após 4 tentativas: Error code: 400 - {'error': {'message': \"Unsupported value: 'temperature' does not support 0.9 with this model. Only the default (1) value is supported.\", 'type': 'invalid_request_error', 'param': 'temperature', 'code': 'unsupported_value'}}"}
{"temp": 0.9, "batch": 13, "id": "P002003", "status": "single_error", "err": "Falha após 4 tentativas: Error code: 400 - {'error': {'message': \"Unsupported value: 'temperature' does not support 0.9 with this model. Only the default (1) value is supported.\", 'type': 'invalid_request_error', 'param': 'temperature', 'code': 'unsupported_value'}}"}
{"temp": 0.9, "batch": 13, "id": "P002003", "status": "single_failed"}
{"temp": 0.9, "batch": 13, "id": "P008267", "status": "single_error", "err": "Falha após 4 tentativas: Error code: 400 - {'error': {'message': \"Unsupported value: 'temperature' does not support 0.9 with this model. Only the default (1) value is supported.\", 'type': 'invalid_request_error', 'param': 'temperature', 'code': 'unsupported_value'}}"}
{"temp": 0.9, "batch": 13, "id": "P008267", "status": "single_error", "err": "Falha após 4 tentativas: Error code: 400 - {'error': {'message': \"Unsupported value: 'temperature' does not support 0.9 with this model. Only the default (1) value is supported.\", 'type': 'invalid_request_error', 'param': 'temperature', 'code': 'unsupported_value'}}"}
{"temp": 0.9, "batch": 13, "id": "P008267", "status": "single_failed"}
{"temp": 0.9, "batch": 13, "id": "P005319", "status": "single_error", "err": "Falha após 4 tentativas: Error code: 400 - {'error': {'message': \"Unsupported value: 'temperature' does not support 0.9 with this model. Only the default (1) value is supported.\", 'type': 'invalid_request_error', 'param': 'temperature', 'code': 'unsupported_value'}}"}
{"temp": 0.9, "batch": 13, "id": "P005319", "status": "single_error", "err": "Falha após 4 tentativas: Error code: 400 - {'error': {'message': \"Unsupported value: 'temperature' does not support 0.9 with this model. Only the default (1) value is supported.\", 'type': 'invalid_request_error', 'param': 'temperature', 'code': 'unsupported_value'}}"}
{"temp": 0.9, "batch": 13, "id": "P005319", "status": "single_failed"}
{"temp": 0.9, "batch": 13, "id": "P001258", "status": "single_error", "err": "Falha após 4 tentativas: Error code: 400 - {'error': {'message': \"Unsupported value: 'temperature' does not support 0.9 with this model. Only the default (1) value is supported.\", 'type': 'invalid_request_error', 'param': 'temperature', 'code': 'unsupported_value'}}"}
{"temp": 0.9, "batch": 13, "id": "P001258", "status": "single_error", "err": "Falha após 4 tentativas: Error code: 400 - {'error': {'message': \"Unsupported value: 'temperature' does not support 0.9 with this model. Only the default (1) value is supported.\", 'type': 'invalid_request_error', 'param': 'temperature', 'code': 'unsupported_value'}}"}
{"temp": 0.9, "batch": 13, "id": "P001258", "status": "single_failed"}
{"temp": 0.9, "batch": 13, "id": "P009281", "status": "single_error", "err": "Falha após 4 tentativas: Error code: 400 - {'error': {'message': \"Unsupported value: 'temperature' does not support 0.9 with this model. Only the default (1) value is supported.\", 'type': 'invalid_request_error', 'param': 'temperature', 'code': 'unsupported_value'}}"}
{"temp": 0.9, "batch": 13, "id": "P009281", "status": "single_error", "err": "Falha após 4 tentativas: Error code: 400 - {'error': {'message': \"Unsupported value: 'temperature' does not support 0.9 with this model. Only the default (1) value is supported.\", 'type': 'invalid_request_error', 'param': 'temperature', 'code': 'unsupported_value'}}"}
{"temp": 0.9, "batch": 13, "id": "P009281", "status": "single_failed"}
{"temp": 0.9, "batch": 13, "id": "P007046", "status": "single_error", "err": "Falha após 4 tentativas: Error code: 400 - {'error': {'message': \"Unsupported value: 'temperature' does not support 0.9 with this model. Only the default (1) value is supported.\", 'type': 'invalid_request_error', 'param': 'temperature', 'code': 'unsupported_value'}}"}
{"temp": 0.9, "batch": 13, "id": "P007046", "status": "single_error", "err": "Falha após 4 tentativas: Error code: 400 - {'error': {'message': \"Unsupported value: 'temperature' does not support 0.9 with this model. Only the default (1) value is supported.\", 'type': 'invalid_request_error', 'param': 'temperature', 'code': 'unsupported_value'}}"}
{"temp": 0.9, "batch": 13, "id": "P007046", "status": "single_failed"}
{"temp": 0.9, "batch": 13, "id": "P002047", "status": "single_error", "err": "Falha após 4 tentativas: Error code: 400 - {'error': {'message': \"Unsupported value: 'temperature' does not support 0.9 with this model. Only the default (1) value is supported.\", 'type': 'invalid_request_error', 'param': 'temperature', 'code': 'unsupported_value'}}"}
{"temp": 0.9, "batch": 13, "id": "P002047", "status": "single_error", "err": "Falha após 4 tentativas: Error code: 400 - {'error': {'message': \"Unsupported value: 'temperature' does not support 0.9 with this model. Only the default (1) value is supported.\", 'type': 'invalid_request_error', 'param': 'temperature', 'code': 'unsupported_value'}}"}
{"temp": 0.9, "batch": 13, "id": "P002047", "status": "single_failed"}
{"temp": 0.9, "batch": 13, "id": "P004882", "status": "single_error", "err": "Falha após 4 tentativas: Error code: 400 - {'error': {'message': \"Unsupported value: 'temperature' does not support 0.9 with this model. Only the default (1) value is supported.\", 'type': 'invalid_request_error', 'param': 'temperature', 'code': 'unsupported_value'}}"}
{"temp": 0.9, "batch": 13, "id": "P004882", "status": "single_error", "err": "Falha após 4 tentativas: Error code: 400 - {'error': {'message': \"Unsupported value: 'temperature' does not support 0.9 with this model. Only the default (1) value is supported.\", 'type': 'invalid_request_error', 'param': 'temperature', 'code': 'unsupported_value'}}"}
{"temp": 0.9, "batch": 13, "id": "P004882", "status": "single_failed"}
{"temp": 0.9, "batch": 13, "id": "P007767", "status": "single_error", "err": "Falha após 4 tentativas: Error code: 400 - {'error': {'message': \"Unsupported value: 'temperature' does not support 0.9 with this model. Only the default (1) value is supported.\", 'type': 'invalid_request_error', 'param': 'temperature', 'code': 'unsupported_value'}}"}
{"temp": 0.9, "batch": 13, "id": "P007767", "status": "single_error", "err": "Falha após 4 tentativas: Error code: 400 - {'error': {'message': \"Unsupported value: 'temperature' does not support 0.9 with this model. Only the default (1) value is supported.\", 'type': 'invalid_request_error', 'param': 'temperature', 'code': 'unsupported_value'}}"}
{"temp": 0.9, "batch": 13, "id": "P007767", "status": "single_failed"}
{"temp": 0.9, "batch": 13, "id": "P001571", "status": "single_error", "err": "Falha após 4 tentativas: Error code: 400 - {'error': {'message': \"Unsupported value: 'temperature' does not support 0.9 with this model. Only the default (1) value is supported.\", 'type': 'invalid_request_error', 'param': 'temperature', 'code': 'unsupported_value'}}"}
{"temp": 0.9, "batch": 13, "id": "P001571", "status": "single_error", "err": "Falha após 4 tentativas: Error code: 400 - {'error': {'message': \"Unsupported value: 'temperature' does not support 0.9 with this model. Only the default (1) value is supported.\", 'type': 'invalid_request_error', 'param': 'temperature', 'code': 'unsupported_value'}}"}
{"temp": 0.9, "batch": 13, "id": "P001571", "status": "single_failed"}
{"temp": 0.9, "batch": 13, "id": "P004951", "status": "single_error", "err": "Falha após 4 tentativas: Error code: 400 - {'error': {'message': \"Unsupported value: 'temperature' does not support 0.9 with this model. Only the default (1) value is supported.\", 'type': 'invalid_request_error', 'param': 'temperature', 'code': 'unsupported_value'}}"}
{"temp": 0.9, "batch": 13, "id": "P004951", "status": "single_error", "err": "Falha após 4 tentativas: Error code: 400 - {'error': {'message': \"Unsupported value: 'temperature' does not support 0.9 with this model. Only the default (1) value is supported.\", 'type': 'invalid_request_error', 'param': 'temperature', 'code': 'unsupported_value'}}"}
{"temp": 0.9, "batch": 13, "id": "P004951", "status": "single_failed"}
{"temp": 0.9, "batch": 13, "id": "P004502", "status": "single_error", "err": "Falha após 4 tentativas: Error code: 400 - {'error': {'message': \"Unsupported value: 'temperature' does not support 0.9 with this model. Only the default (1) value is supported.\", 'type': 'invalid_request_error', 'param': 'temperature', 'code': 'unsupported_value'}}"}
{"temp": 0.9, "batch": 13, "id": "P004502", "status": "single_error", "err": "Falha após 4 tentativas: Error code: 400 - {'error': {'message': \"Unsupported value: 'temperature' does not support 0.9 with this model. Only the default (1) value is supported.\", 'type': 'invalid_request_error', 'param': 'temperature', 'code': 'unsupported_value'}}"}
{"temp": 0.9, "batch": 13, "id": "P004502", "status": "single_failed"}
{"temp": 0.9, "batch": 14, "attempt": 1, "status": "error", "err": "Falha após 4 tentativas: Error code: 400 - {'error': {'message': \"Unsupported value: 'temperature' does not support 0.9 with this model. Only the default (1) value is supported.\", 'type': 'invalid_request_error', 'param': 'temperature', 'code': 'unsupported_value'}}"}
{"temp": 0.9, "batch": 14, "attempt": 2, "status": "error", "err": "Falha após 4 tentativas: Error code: 400 - {'error': {'message': \"Unsupported value: 'temperature' does not support 0.9 with this model. Only the default (1) value is supported.\", 'type': 'invalid_request_error', 'param': 'temperature', 'code': 'unsupported_value'}}"}
{"temp": 0.9, "batch": 14, "attempt": 3, "status": "error", "err": "Falha após 4 tentativas: Error code: 400 - {'error': {'message': \"Unsupported value: 'temperature' does not support 0.9 with this model. Only the default (1) value is supported.\", 'type': 'invalid_request_error', 'param': 'temperature', 'code': 'unsupported_value'}}"}
{"temp": 0.9, "batch": 14, "id": "P006190", "status": "single_error", "err": "Falha após 4 tentativas: Error code: 400 - {'error': {'message': \"Unsupported value: 'temperature' does not support 0.9 with this model. Only the default (1) value is supported.\", 'type': 'invalid_request_error', 'param': 'temperature', 'code': 'unsupported_value'}}"}
{"temp": 0.9, "batch": 14, "id": "P006190", "status": "single_error", "err": "Falha após 4 tentativas: Error code: 400 - {'error': {'message': \"Unsupported value: 'temperature' does not support 0.9 with this model. Only the default (1) value is supported.\", 'type': 'invalid_request_error', 'param': 'temperature', 'code': 'unsupported_value'}}"}
{"temp": 0.9, "batch": 14, "id": "P006190", "status": "single_failed"}
{"temp": 0.9, "batch": 14, "id": "P003105", "status": "single_error", "err": "Falha após 4 tentativas: Error code: 400 - {'error': {'message': \"Unsupported value: 'temperature' does not support 0.9 with this model. Only the default (1) value is supported.\", 'type': 'invalid_request_error', 'param': 'temperature', 'code': 'unsupported_value'}}"}
{"temp": 0.9, "batch": 14, "id": "P003105", "status": "single_error", "err": "Falha após 4 tentativas: Error code: 400 - {'error': {'message': \"Unsupported value: 'temperature' does not support 0.9 with this model. Only the default (1) value is supported.\", 'type': 'invalid_request_error', 'param': 'temperature', 'code': 'unsupported_value'}}"}
{"temp": 0.9, "batch": 14, "id": "P003105", "status": "single_failed"}
{"temp": 0.9, "batch": 14, "id": "P004203", "status": "single_error", "err": "Falha após 4 tentativas: Error code: 400 - {'error': {'message': \"Unsupported value: 'temperature' does not support 0.9 with this model. Only the default (1) value is supported.\", 'type': 'invalid_request_error', 'param': 'temperature', 'code': 'unsupported_value'}}"}
{"temp": 0.9, "batch": 14, "id": "P004203", "status": "single_error", "err": "Falha após 4 tentativas: Error code: 400 - {'error': {'message': \"Unsupported value: 'temperature' does not support 0.9 with this model. Only the default (1) value is supported.\", 'type': 'invalid_request_error', 'param': 'temperature', 'code': 'unsupported_value'}}"}
{"temp": 0.9, "batch": 14, "id": "P004203", "status": "single_failed"}
{"temp": 0.9, "batch": 14, "id": "P008238", "status": "single_error", "err": "Falha após 4 tentativas: Error code: 400 - {'error': {'message': \"Unsupported value: 'temperature' does not support 0.9 with this model. Only the default (1) value is supported.\", 'type': 'invalid_request_error', 'param': 'temperature', 'code': 'unsupported_value'}}"}
{"temp": 0.9, "batch": 14, "id": "P008238", "status": "single_error", "err": "Falha após 4 tentativas: Error code: 400 - {'error': {'message': \"Unsupported value: 'temperature' does not support 0.9 with this model. Only the default (1) value is supported.\", 'type': 'invalid_request_error', 'param': 'temperature', 'code': 'unsupported_value'}}"}
{"temp": 0.9, "batch": 14, "id": "P008238", "status": "single_failed"}
{"temp": 0.9, "batch": 14, "id": "P005106", "status": "single_error", "err": "Falha após 4 tentativas: Error code: 400 - {'error': {'message': \"Unsupported value: 'temperature' does not support 0.9 with this model. Only the default (1) value is supported.\", 'type': 'invalid_request_error', 'param': 'temperature', 'code': 'unsupported_value'}}"}
{"temp": 0.9, "batch": 14, "id": "P005106", "status": "single_error", "err": "Falha após 4 tentativas: Error code: 400 - {'error': {'message': \"Unsupported value: 'temperature' does not support 0.9 with this model. Only the default (1) value is supported.\", 'type': 'invalid_request_error', 'param': 'temperature', 'code': 'unsupported_value'}}"}
{"temp": 0.9, "batch": 14, "id": "P005106", "status": "single_failed"}
{"temp": 0.9, "batch": 14, "id": "P003532", "status": "single_error", "err": "Falha após 4 tentativas: Error code: 400 - {'error': {'message': \"Unsupported value: 'temperature' does not support 0.9 with this model. Only the default (1) value is supported.\", 'type': 'invalid_request_error', 'param': 'temperature', 'code': 'unsupported_value'}}"}
{"temp": 0.9, "batch": 14, "id": "P003532", "status": "single_error", "err": "Falha após 4 tentativas: Error code: 400 - {'error': {'message': \"Unsupported value: 'temperature' does not support 0.9 with this model. Only the default (1) value is supported.\", 'type': 'invalid_request_error', 'param': 'temperature', 'code': 'unsupported_value'}}"}
{"temp": 0.9, "batch": 14, "id": "P003532", "status": "single_failed"}
{"temp": 0.9, "batch": 14, "id": "P001768", "status": "single_error", "err": "Falha após 4 tentativas: Error code: 400 - {'error': {'message': \"Unsupported value: 'temperature' does not support 0.9 with this model. Only the default (1) value is supported.\", 'type': 'invalid_request_error', 'param': 'temperature', 'code': 'unsupported_value'}}"}
{"temp": 0.9, "batch": 14, "id": "P001768", "status": "single_error", "err": "Falha após 4 tentativas: Error code: 400 - {'error': {'message': \"Unsupported value: 'temperature' does not support 0.9 with this model. Only the default (1) value is supported.\", 'type': 'invalid_request_error', 'param': 'temperature', 'code': 'unsupported_value'}}"}
{"temp": 0.9, "batch": 14, "id": "P001768", "status": "single_failed"}
{"temp": 0.9, "batch": 14, "id": "P001447", "status": "single_error", "err": "Falha após 4 tentativas: Error code: 400 - {'error': {'message': \"Unsupported value: 'temperature' does not support 0.9 with this model. Only the default (1) value is supported.\", 'type': 'invalid_request_error', 'param': 'temperature', 'code': 'unsupported_value'}}"}
{"temp": 0.9, "batch": 14, "id": "P001447", "status": "single_error", "err": "Falha após 4 tentativas: Error code: 400 - {'error': {'message': \"Unsupported value: 'temperature' does not support 0.9 with this model. Only the default (1) value is supported.\", 'type': 'invalid_request_error', 'param': 'temperature', 'code': 'unsupported_value'}}"}
{"temp": 0.9, "batch": 14, "id": "P001447", "status": "single_failed"}
{"temp": 0.9, "batch": 14, "id": "P002411", "status": "single_error", "err": "Falha após 4 tentativas: Error code: 400 - {'error': {'message': \"Unsupported value: 'temperature' does not support 0.9 with this model. Only the default (1) value is supported.\", 'type': 'invalid_request_error', 'param': 'temperature', 'code': 'unsupported_value'}}"}
{"temp": 0.9, "batch": 14, "id": "P002411", "status": "single_error", "err": "Falha após 4 tentativas: Error code: 400 - {'error': {'message': \"Unsupported value: 'temperature' does not support 0.9 with this model. Only the default (1) value is supported.\", 'type': 'invalid_request_error', 'param': 'temperature', 'code': 'unsupported_value'}}"}
{"temp": 0.9, "batch": 14, "id": "P002411", "status": "single_failed"}
{"temp": 0.9, "batch": 14, "id": "P010369", "status": "single_error", "err": "Falha após 4 tentativas: Error code: 400 - {'error': {'message': \"Unsupported value: 'temperature' does not support 0.9 with this model. Only the default (1) value is supported.\", 'type': 'invalid_request_error', 'param': 'temperature', 'code': 'unsupported_value'}}"}
{"temp": 0.9, "batch": 14, "id": "P010369", "status": "single_error", "err": "Falha após 4 tentativas: Error code: 400 - {'error': {'message': \"Unsupported value: 'temperature' does not support 0.9 with this model. Only the default (1) value is supported.\", 'type': 'invalid_request_error', 'param': 'temperature', 'code': 'unsupported_value'}}"}
{"temp": 0.9, "batch": 14, "id": "P010369", "status": "single_failed"}
{"temp": 0.9, "batch": 14, "id": "P004603", "status": "single_error", "err": "Falha após 4 tentativas: Error code: 400 - {'error': {'message': \"Unsupported value: 'temperature' does not support 0.9 with this model. Only the default (1) value is supported.\", 'type': 'invalid_request_error', 'param': 'temperature', 'code': 'unsupported_value'}}"}
{"temp": 0.9, "batch": 14, "id": "P004603", "status": "single_error", "err": "Falha após 4 tentativas: Error code: 400 - {'error': {'message': \"Unsupported value: 'temperature' does not support 0.9 with this model. Only the default (1) value is supported.\", 'type': 'invalid_request_error', 'param': 'temperature', 'code': 'unsupported_value'}}"}
{"temp": 0.9, "batch": 14, "id": "P004603", "status": "single_failed"}
{"temp": 0.9, "batch": 14, "id": "P001941", "status": "single_error", "err": "Falha após 4 tentativas: Error code: 400 - {'error': {'message': \"Unsupported value: 'temperature' does not support 0.9 with this model. Only the default (1) value is supported.\", 'type': 'invalid_request_error', 'param': 'temperature', 'code': 'unsupported_value'}}"}
{"temp": 0.9, "batch": 14, "id": "P001941", "status": "single_error", "err": "Falha após 4 tentativas: Error code: 400 - {'error': {'message': \"Unsupported value: 'temperature' does not support 0.9 with this model. Only the default (1) value is supported.\", 'type': 'invalid_request_error', 'param': 'temperature', 'code': 'unsupported_value'}}"}
{"temp": 0.9, "batch": 14, "id": "P001941", "status": "single_failed"}
{"temp": 0.9, "batch": 15, "attempt": 1, "status": "error", "err": "Falha após 4 tentativas: Error code: 400 - {'error': {'message': \"Unsupported value: 'temperature' does not support 0.9 with this model. Only the default (1) value is supported.\", 'type': 'invalid_request_error', 'param': 'temperature', 'code': 'unsupported_value'}}"}
{"temp": 0.9, "batch": 15, "attempt": 2, "status": "error", "err": "Falha após 4 tentativas: Error code: 400 - {'error': {'message': \"Unsupported value: 'temperature' does not support 0.9 with this model. Only the default (1) value is supported.\", 'type': 'invalid_request_error', 'param': 'temperature', 'code': 'unsupported_value'}}"}
{"temp": 0.9, "batch": 15, "attempt": 3, "status": "error", "err": "Falha após 4 tentativas: Error code: 400 - {'error': {'message': \"Unsupported value: 'temperature' does not support 0.9 with this model. Only the default (1) value is supported.\", 'type': 'invalid_request_error', 'param': 'temperature', 'code': 'unsupported_value'}}"}
{"temp": 0.9, "batch": 15, "id": "P009790", "status": "single_error", "err": "Falha após 4 tentativas: Error code: 400 - {'error': {'message': \"Unsupported value: 'temperature' does not support 0.9 with this model. Only the default (1) value is supported.\", 'type': 'invalid_request_error', 'param': 'temperature', 'code': 'unsupported_value'}}"}
{"temp": 0.9, "batch": 15, "id": "P009790", "status": "single_error", "err": "Falha após 4 tentativas: Error code: 400 - {'error': {'message': \"Unsupported value: 'temperature' does not support 0.9 with this model. Only the default (1) value is supported.\", 'type': 'invalid_request_error', 'param': 'temperature', 'code': 'unsupported_value'}}"}
{"temp": 0.9, "batch": 15, "id": "P009790", "status": "single_failed"}
{"temp": 0.9, "batch": 15, "id": "P005790", "status": "single_error", "err": "Falha após 4 tentativas: Error code: 400 - {'error': {'message': \"Unsupported value: 'temperature' does not support 0.9 with this model. Only the default (1) value is supported.\", 'type': 'invalid_request_error', 'param': 'temperature', 'code': 'unsupported_value'}}"}
{"temp": 0.9, "batch": 15, "id": "P005790", "status": "single_error", "err": "Falha após 4 tentativas: Error code: 400 - {'error': {'message': \"Unsupported value: 'temperature' does not support 0.9 with this model. Only the default (1) value is supported.\", 'type': 'invalid_request_error', 'param': 'temperature', 'code': 'unsupported_value'}}"}
{"temp": 0.9, "batch": 15, "id": "P005790", "status": "single_failed"}
{"temp": 0.9, "batch": 15, "id": "P007870", "status": "single_error", "err": "Falha após 4 tentativas: Error code: 400 - {'error': {'message': \"Unsupported value: 'temperature' does not support 0.9 with this model. Only the default (1) value is supported.\", 'type': 'invalid_request_error', 'param': 'temperature', 'code': 'unsupported_value'}}"}
{"temp": 0.9, "batch": 15, "id": "P007870", "status": "single_error", "err": "Falha após 4 tentativas: Error code: 400 - {'error': {'message': \"Unsupported value: 'temperature' does not support 0.9 with this model. Only the default (1) value is supported.\", 'type': 'invalid_request_error', 'param': 'temperature', 'code': 'unsupported_value'}}"}
{"temp": 0.9, "batch": 15, "id": "P007870", "status": "single_failed"}
{"temp": 0.9, "batch": 15, "id": "P006707", "status": "single_error", "err": "Falha após 4 tentativas: Error code: 400 - {'error': {'message': \"Unsupported value: 'temperature' does not support 0.9 with this model. Only the default (1) value is supported.\", 'type': 'invalid_request_error', 'param': 'temperature', 'code': 'unsupported_value'}}"}
{"temp": 0.9, "batch": 15, "id": "P006707", "status": "single_error", "err": "Falha após 4 tentativas: Error code: 400 - {'error': {'message': \"Unsupported value: 'temperature' does not support 0.9 with this model. Only the default (1) value is supported.\", 'type': 'invalid_request_error', 'param': 'temperature', 'code': 'unsupported_value'}}"}
{"temp": 0.9, "batch": 15, "id": "P006707", "status": "single_failed"}
{"temp": 0.9, "batch": 15, "id": "P006149", "status": "single_error", "err": "Falha após 4 tentativas: Error code: 400 - {'error': {'message': \"Unsupported value: 'temperature' does not support 0.9 with this model. Only the default (1) value is supported.\", 'type': 'invalid_request_error', 'param': 'temperature', 'code': 'unsupported_value'}}"}
{"temp": 0.9, "batch": 15, "id": "P006149", "status": "single_error", "err": "Falha após 4 tentativas: Error code: 400 - {'error': {'message': \"Unsupported value: 'temperature' does not support 0.9 with this model. Only the default (1) value is supported.\", 'type': 'invalid_request_error', 'param': 'temperature', 'code': 'unsupported_value'}}"}
{"temp": 0.9, "batch": 15, "id": "P006149", "status": "single_failed"}
{"temp": 0.9, "batch": 15, "id": "P002239", "status": "single_error", "err": "Falha após 4 tentativas: Error code: 400 - {'error': {'message': \"Unsupported value: 'temperature' does not support 0.9 with this model. Only the default (1) value is supported.\", 'type': 'invalid_request_error', 'param': 'temperature', 'code': 'unsupported_value'}}"}
{"temp": 0.9, "batch": 15, "id": "P002239", "status": "single_error", "err": "Falha após 4 tentativas: Error code: 400 - {'error': {'message': \"Unsupported value: 'temperature' does not support 0.9 with this model. Only the default (1) value is supported.\", 'type': 'invalid_request_error', 'param': 'temperature', 'code': 'unsupported_value'}}"}
{"temp": 0.9, "batch": 15, "id": "P002239", "status": "single_failed"}
{"temp": 0.9, "batch": 15, "id": "P007853", "status": "single_error", "err": "Falha após 4 tentativas: Error code: 400 - {'error': {'message': \"Unsupported value: 'temperature' does not support 0.9 with this model. Only the default (1) value is supported.\", 'type': 'invalid_request_error', 'param': 'temperature', 'code': 'unsupported_value'}}"}
{"temp": 0.9, "batch": 15, "id": "P007853", "status": "single_error", "err": "Falha após 4 tentativas: Error code: 400 - {'error': {'message': \"Unsupported value: 'temperature' does not support 0.9 with this model. Only the default (1) value is supported.\", 'type': 'invalid_request_error', 'param': 'temperature', 'code': 'unsupported_value'}}"}
{"temp": 0.9, "batch": 15, "id": "P007853", "status": "single_failed"}
{"temp": 0.9, "batch": 15, "id": "P006578", "status": "single_error", "err": "Falha após 4 tentativas: Error code: 400 - {'error': {'message': \"Unsupported value: 'temperature' does not support 0.9 with this model. Only the default (1) value is supported.\", 'type': 'invalid_request_error', 'param': 'temperature', 'code': 'unsupported_value'}}"}
{"temp": 0.9, "batch": 15, "id": "P006578", "status": "single_error", "err": "Falha após 4 tentativas: Error code: 400 - {'error': {'message': \"Unsupported value: 'temperature' does not support 0.9 with this model. Only the default (1) value is supported.\", 'type': 'invalid_request_error', 'param': 'temperature', 'code': 'unsupported_value'}}"}
{"temp": 0.9, "batch": 15, "id": "P006578", "status": "single_failed"}
{"temp": 0.9, "batch": 15, "id": "P007518", "status": "single_error", "err": "Falha após 4 tentativas: Error code: 400 - {'error': {'message': \"Unsupported value: 'temperature' does not support 0.9 with this model. Only the default (1) value is supported.\", 'type': 'invalid_request_error', 'param': 'temperature', 'code': 'unsupported_value'}}"}
{"temp": 0.9, "batch": 15, "id": "P007518", "status": "single_error", "err": "Falha após 4 tentativas: Error code: 400 - {'error': {'message': \"Unsupported value: 'temperature' does not support 0.9 with this model. Only the default (1) value is supported.\", 'type': 'invalid_request_error', 'param': 'temperature', 'code': 'unsupported_value'}}"}
{"temp": 0.9, "batch": 15, "id": "P007518", "status": "single_failed"}
{"temp": 0.9, "batch": 15, "id": "P004390", "status": "single_error", "err": "Falha após 4 tentativas: Error code: 400 - {'error': {'message': \"Unsupported value: 'temperature' does not support 0.9 with this model. Only the default (1) value is supported.\", 'type': 'invalid_request_error', 'param': 'temperature', 'code': 'unsupported_value'}}"}
{"temp": 0.9, "batch": 15, "id": "P004390", "status": "single_error", "err": "Falha após 4 tentativas: Error code: 400 - {'error': {'message': \"Unsupported value: 'temperature' does not support 0.9 with this model. Only the default (1) value is supported.\", 'type': 'invalid_request_error', 'param': 'temperature', 'code': 'unsupported_value'}}"}
{"temp": 0.9, "batch": 15, "id": "P004390", "status": "single_failed"}
{"temp": 0.9, "batch": 15, "id": "P001841", "status": "single_error", "err": "Falha após 4 tentativas: Error code: 400 - {'error': {'message': \"Unsupported value: 'temperature' does not support 0.9 with this model. Only the default (1) value is supported.\", 'type': 'invalid_request_error', 'param': 'temperature', 'code': 'unsupported_value'}}"}
{"temp": 0.9, "batch": 15, "id": "P001841", "status": "single_error", "err": "Falha após 4 tentativas: Error code: 400 - {'error': {'message': \"Unsupported value: 'temperature' does not support 0.9 with this model. Only the default (1) value is supported.\", 'type': 'invalid_request_error', 'param': 'temperature', 'code': 'unsupported_value'}}"}
{"temp": 0.9, "batch": 15, "id": "P001841", "status": "single_failed"}
{"temp": 0.9, "batch": 15, "id": "P003585", "status": "single_error", "err": "Falha após 4 tentativas: Error code: 400 - {'error': {'message': \"Unsupported value: 'temperature' does not support 0.9 with this model. Only the default (1) value is supported.\", 'type': 'invalid_request_error', 'param': 'temperature', 'code': 'unsupported_value'}}"}
{"temp": 0.9, "batch": 15, "id": "P003585", "status": "single_error", "err": "Falha após 4 tentativas: Error code: 400 - {'error': {'message': \"Unsupported value: 'temperature' does not support 0.9 with this model. Only the default (1) value is supported.\", 'type': 'invalid_request_error', 'param': 'temperature', 'code': 'unsupported_value'}}"}
{"temp": 0.9, "batch": 15, "id": "P003585", "status": "single_failed"}
{"temp": 0.9, "batch": 16, "attempt": 1, "status": "error", "err": "Falha após 4 tentativas: Error code: 400 - {'error': {'message': \"Unsupported value: 'temperature' does not support 0.9 with this model. Only the default (1) value is supported.\", 'type': 'invalid_request_error', 'param': 'temperature', 'code': 'unsupported_value'}}"}
{"temp": 0.9, "batch": 16, "attempt": 2, "status": "error", "err": "Falha após 4 tentativas: Error code: 400 - {'error': {'message': \"Unsupported value: 'temperature' does not support 0.9 with this model. Only the default (1) value is supported.\", 'type': 'invalid_request_error', 'param': 'temperature', 'code': 'unsupported_value'}}"}
{"temp": 0.9, "batch": 16, "attempt": 3, "status": "error", "err": "Falha após 4 tentativas: Error code: 400 - {'error': {'message': \"Unsupported value: 'temperature' does not support 0.9 with this model. Only the default (1) value is supported.\", 'type': 'invalid_request_error', 'param': 'temperature', 'code': 'unsupported_value'}}"}
{"temp": 0.9, "batch": 16, "id": "P007112", "status": "single_error", "err": "Falha após 4 tentativas: Error code: 400 - {'error': {'message': \"Unsupported value: 'temperature' does not support 0.9 with this model. Only the default (1) value is supported.\", 'type': 'invalid_request_error', 'param': 'temperature', 'code': 'unsupported_value'}}"}
{"temp": 0.9, "batch": 16, "id": "P007112", "status": "single_error", "err": "Falha após 4 tentativas: Error code: 400 - {'error': {'message': \"Unsupported value: 'temperature' does not support 0.9 with this model. Only the default (1) value is supported.\", 'type': 'invalid_request_error', 'param': 'temperature', 'code': 'unsupported_value'}}"}
{"temp": 0.9, "batch": 16, "id": "P007112", "status": "single_failed"}
{"temp": 0.9, "batch": 16, "id": "P000369", "status": "single_error", "err": "Falha após 4 tentativas: Error code: 400 - {'error': {'message': \"Unsupported value: 'temperature' does not support 0.9 with this model. Only the default (1) value is supported.\", 'type': 'invalid_request_error', 'param': 'temperature', 'code': 'unsupported_value'}}"}
{"temp": 0.9, "batch": 16, "id": "P000369", "status": "single_error", "err": "Falha após 4 tentativas: Error code: 400 - {'error': {'message': \"Unsupported value: 'temperature' does not support 0.9 with this model. Only the default (1) value is supported.\", 'type': 'invalid_request_error', 'param': 'temperature', 'code': 'unsupported_value'}}"}
{"temp": 0.9, "batch": 16, "id": "P000369", "status": "single_failed"}
{"temp": 0.9, "batch": 16, "id": "P009409", "status": "single_error", "err": "Falha após 4 tentativas: Error code: 400 - {'error': {'message': \"Unsupported value: 'temperature' does not support 0.9 with this model. Only the default (1) value is supported.\", 'type': 'invalid_request_error', 'param': 'temperature', 'code': 'unsupported_value'}}"}
{"temp": 0.9, "batch": 16, "id": "P009409", "status": "single_error", "err": "Falha após 4 tentativas: Error code: 400 - {'error': {'message': \"Unsupported value: 'temperature' does not support 0.9 with this model. Only the default (1) value is supported.\", 'type': 'invalid_request_error', 'param': 'temperature', 'code': 'unsupported_value'}}"}
{"temp": 0.9, "batch": 16, "id": "P009409", "status": "single_failed"}
{"temp": 0.9, "batch": 16, "id": "P003195", "status": "single_error", "err": "Falha após 4 tentativas: Error code: 400 - {'error': {'message': \"Unsupported value: 'temperature' does not support 0.9 with this model. Only the default (1) value is supported.\", 'type': 'invalid_request_error', 'param': 'temperature', 'code': 'unsupported_value'}}"}
{"temp": 0.9, "batch": 16, "id": "P003195", "status": "single_error", "err": "Falha após 4 tentativas: Error code: 400 - {'error': {'message': \"Unsupported value: 'temperature' does not support 0.9 with this model. Only the default (1) value is supported.\", 'type': 'invalid_request_error', 'param': 'temperature', 'code': 'unsupported_value'}}"}
{"temp": 0.9, "batch": 16, "id": "P003195", "status": "single_failed"}
{"temp": 0.9, "batch": 16, "id": "P003286", "status": "single_error", "err": "Falha após 4 tentativas: Error code: 400 - {'error': {'message': \"Unsupported value: 'temperature' does not support 0.9 with this model. Only the default (1) value is supported.\", 'type': 'invalid_request_error', 'param': 'temperature', 'code': 'unsupported_value'}}"}
{"temp": 0.9, "batch": 16, "id": "P003286", "status": "single_error", "err": "Falha após 4 tentativas: Error code: 400 - {'error': {'message': \"Unsupported value: 'temperature' does not support 0.9 with this model. Only the default (1) value is supported.\", 'type': 'invalid_request_error', 'param': 'temperature', 'code': 'unsupported_value'}}"}
{"temp": 0.9, "batch": 16, "id": "P003286", "status": "single_failed"}
{"temp": 0.9, "batch": 16, "id": "P009492", "status": "single_error", "err": "Falha após 4 tentativas: Error code: 400 - {'error': {'message': \"Unsupported value: 'temperature' does not support 0.9 with this model. Only the default (1) value is supported.\", 'type': 'invalid_request_error', 'param': 'temperature', 'code': 'unsupported_value'}}"}
{"temp": 0.9, "batch": 16, "id": "P009492", "status": "single_error", "err": "Falha após 4 tentativas: Error code: 400 - {'error': {'message': \"Unsupported value: 'temperature' does not support 0.9 with this model. Only the default (1) value is supported.\", 'type': 'invalid_request_error', 'param': 'temperature', 'code': 'unsupported_value'}}"}
{"temp": 0.9, "batch": 16, "id": "P009492", "status": "single_failed"}
{"temp": 0.9, "batch": 16, "id": "P009603", "status": "single_error", "err": "Falha após 4 tentativas: Error code: 400 - {'error': {'message': \"Unsupported value: 'temperature' does not support 0.9 with this model. Only the default (1) value is supported.\", 'type': 'invalid_request_error', 'param': 'temperature', 'code': 'unsupported_value'}}"}
{"temp": 0.9, "batch": 16, "id": "P009603", "status": "single_error", "err": "Falha após 4 tentativas: Error code: 400 - {'error': {'message': \"Unsupported value: 'temperature' does not support 0.9 with this model. Only the default (1) value is supported.\", 'type': 'invalid_request_error', 'param': 'temperature', 'code': 'unsupported_value'}}"}
{"temp": 0.9, "batch": 16, "id": "P009603", "status": "single_failed"}
{"temp": 0.9, "batch": 16, "id": "P000944", "status": "single_error", "err": "Falha após 4 tentativas: Error code: 400 - {'error': {'message': \"Unsupported value: 'temperature' does not support 0.9 with this model. Only the default (1) value is supported.\", 'type': 'invalid_request_error', 'param': 'temperature', 'code': 'unsupported_value'}}"}
{"temp": 0.9, "batch": 16, "id": "P000944", "status": "single_error", "err": "Falha após 4 tentativas: Error code: 400 - {'error': {'message': \"Unsupported value: 'temperature' does not support 0.9 with this model. Only the default (1) value is supported.\", 'type': 'invalid_request_error', 'param': 'temperature', 'code': 'unsupported_value'}}"}
{"temp": 0.9, "batch": 16, "id": "P000944", "status": "single_failed"}
{"temp": 0.9, "batch": 16, "id": "P008657", "status": "single_error", "err": "Falha após 4 tentativas: Error code: 400 - {'error': {'message': \"Unsupported value: 'temperature' does not support 0.9 with this model. Only the default (1) value is supported.\", 'type': 'invalid_request_error', 'param': 'temperature', 'code': 'unsupported_value'}}"}
{"temp": 0.9, "batch": 16, "id": "P008657", "status": "single_error", "err": "Falha após 4 tentativas: Error code: 400 - {'error': {'message': \"Unsupported value: 'temperature' does not support 0.9 with this model. Only the default (1) value is supported.\", 'type': 'invalid_request_error', 'param': 'temperature', 'code': 'unsupported_value'}}"}
{"temp": 0.9, "batch": 16, "id": "P008657", "status": "single_failed"}
{"temp": 0.9, "batch": 16, "id": "P008870", "status": "single_error", "err": "Falha após 4 tentativas: Error code: 400 - {'error': {'message': \"Unsupported value: 'temperature' does not support 0.9 with this model. Only the default (1) value is supported.\", 'type': 'invalid_request_error', 'param': 'temperature', 'code': 'unsupported_value'}}"}
{"temp": 0.9, "batch": 16, "id": "P008870", "status": "single_error", "err": "Falha após 4 tentativas: Error code: 400 - {'error': {'message': \"Unsupported value: 'temperature' does not support 0.9 with this model. Only the default (1) value is supported.\", 'type': 'invalid_request_error', 'param': 'temperature', 'code': 'unsupported_value'}}"}
{"temp": 0.9, "batch": 16, "id": "P008870", "status": "single_failed"}
{"temp": 0.9, "batch": 16, "id": "P002493", "status": "single_error", "err": "Falha após 4 tentativas: Error code: 400 - {'error': {'message': \"Unsupported value: 'temperature' does not support 0.9 with this model. Only the default (1) value is supported.\", 'type': 'invalid_request_error', 'param': 'temperature', 'code': 'unsupported_value'}}"}
{"temp": 0.9, "batch": 16, "id": "P002493", "status": "single_error", "err": "Falha após 4 tentativas: Error code: 400 - {'error': {'message': \"Unsupported value: 'temperature' does not support 0.9 with this model. Only the default (1) value is supported.\", 'type': 'invalid_request_error', 'param': 'temperature', 'code': 'unsupported_value'}}"}
{"temp": 0.9, "batch": 16, "id": "P002493", "status": "single_failed"}
{"temp": 0.9, "batch": 16, "id": "P005999", "status": "single_error", "err": "Falha após 4 tentativas: Error code: 400 - {'error': {'message': \"Unsupported value: 'temperature' does not support 0.9 with this model. Only the default (1) value is supported.\", 'type': 'invalid_request_error', 'param': 'temperature', 'code': 'unsupported_value'}}"}
{"temp": 0.9, "batch": 16, "id": "P005999", "status": "single_error", "err": "Falha após 4 tentativas: Error code: 400 - {'error': {'message': \"Unsupported value: 'temperature' does not support 0.9 with this model. Only the default (1) value is supported.\", 'type': 'invalid_request_error', 'param': 'temperature', 'code': 'unsupported_value'}}"}
{"temp": 0.9, "batch": 16, "id": "P005999", "status": "single_failed"}
{"temp": 0.9, "batch": 17, "attempt": 1, "status": "error", "err": "Falha após 4 tentativas: Error code: 400 - {'error': {'message': \"Unsupported value: 'temperature' does not support 0.9 with this model. Only the default (1) value is supported.\", 'type': 'invalid_request_error', 'param': 'temperature', 'code': 'unsupported_value'}}"}
{"temp": 0.9, "batch": 17, "attempt": 2, "status": "error", "err": "Falha após 4 tentativas: Error code: 400 - {'error': {'message': \"Unsupported value: 'temperature' does not support 0.9 with this model. Only the default (1) value is supported.\", 'type': 'invalid_request_error', 'param': 'temperature', 'code': 'unsupported_value'}}"}
{"temp": 0.9, "batch": 17, "attempt": 3, "status": "error", "err": "Falha após 4 tentativas: Error code: 400 - {'error': {'message': \"Unsupported value: 'temperature' does not support 0.9 with this model. Only the default (1) value is supported.\", 'type': 'invalid_request_error', 'param': 'temperature', 'code': 'unsupported_value'}}"}
{"temp": 0.9, "batch": 17, "id": "P001875", "status": "single_error", "err": "Falha após 4 tentativas: Error code: 400 - {'error': {'message': \"Unsupported value: 'temperature' does not support 0.9 with this model. Only the default (1) value is supported.\", 'type': 'invalid_request_error', 'param': 'temperature', 'code': 'unsupported_value'}}"}
{"temp": 0.9, "batch": 17, "id": "P001875", "status": "single_error", "err": "Falha após 4 tentativas: Error code: 400 - {'error': {'message': \"Unsupported value: 'temperature' does not support 0.9 with this model. Only the default (1) value is supported.\", 'type': 'invalid_request_error', 'param': 'temperature', 'code': 'unsupported_value'}}"}
{"temp": 0.9, "batch": 17, "id": "P001875", "status": "single_failed"}
{"temp": 0.9, "batch": 17, "id": "P003584", "status": "single_error", "err": "Falha após 4 tentativas: Error code: 400 - {'error': {'message': \"Unsupported value: 'temperature' does not support 0.9 with this model. Only the default (1) value is supported.\", 'type': 'invalid_request_error', 'param': 'temperature', 'code': 'unsupported_value'}}"}
{"temp": 0.9, "batch": 17, "id": "P003584", "status": "single_error", "err": "Falha após 4 tentativas: Error code: 400 - {'error': {'message': \"Unsupported value: 'temperature' does not support 0.9 with this model. Only the default (1) value is supported.\", 'type': 'invalid_request_error', 'param': 'temperature', 'code': 'unsupported_value'}}"}
{"temp": 0.9, "batch": 17, "id": "P003584", "status": "single_failed"}
{"temp": 0.9, "batch": 17, "id": "P001920", "status": "single_error", "err": "Falha após 4 tentativas: Error code: 400 - {'error': {'message': \"Unsupported value: 'temperature' does not support 0.9 with this model. Only the default (1) value is supported.\", 'type': 'invalid_request_error', 'param': 'temperature', 'code': 'unsupported_value'}}"}
{"temp": 0.9, "batch": 17, "id": "P001920", "status": "single_error", "err": "Falha após 4 tentativas: Error code: 400 - {'error': {'message': \"Unsupported value: 'temperature' does not support 0.9 with this model. Only the default (1) value is supported.\", 'type': 'invalid_request_error', 'param': 'temperature', 'code': 'unsupported_value'}}"}
{"temp": 0.9, "batch": 17, "id": "P001920", "status": "single_failed"}
{"temp": 0.9, "batch": 17, "id": "P007045", "status": "single_error", "err": "Falha após 4 tentativas: Error code: 400 - {'error': {'message': \"Unsupported value: 'temperature' does not support 0.9 with this model. Only the default (1) value is supported.\", 'type': 'invalid_request_error', 'param': 'temperature', 'code': 'unsupported_value'}}"}
{"temp": 0.9, "batch": 17, "id": "P007045", "status": "single_error", "err": "Falha após 4 tentativas: Error code: 400 - {'error': {'message': \"Unsupported value: 'temperature' does not support 0.9 with this model. Only the default (1) value is supported.\", 'type': 'invalid_request_error', 'param': 'temperature', 'code': 'unsupported_value'}}"}
{"temp": 0.9, "batch": 17, "id": "P007045", "status": "single_failed"}
{"temp": 0.9, "batch": 17, "id": "P002663", "status": "single_error", "err": "Falha após 4 tentativas: Error code: 400 - {'error': {'message': \"Unsupported value: 'temperature' does not support 0.9 with this model. Only the default (1) value is supported.\", 'type': 'invalid_request_error', 'param': 'temperature', 'code': 'unsupported_value'}}"}
{"temp": 0.9, "batch": 17, "id": "P002663", "status": "single_error", "err": "Falha após 4 tentativas: Error code: 400 - {'error': {'message': \"Unsupported value: 'temperature' does not support 0.9 with this model. Only the default (1) value is supported.\", 'type': 'invalid_request_error', 'param': 'temperature', 'code': 'unsupported_value'}}"}
{"temp": 0.9, "batch": 17, "id": "P002663", "status": "single_failed"}
{"temp": 0.9, "batch": 17, "id": "P008823", "status": "single_error", "err": "Falha após 4 tentativas: Error code: 400 - {'error': {'message': \"Unsupported value: 'temperature' does not support 0.9 with this model. Only the default (1) value is supported.\", 'type': 'invalid_request_error', 'param': 'temperature', 'code': 'unsupported_value'}}"}
{"temp": 0.9, "batch": 17, "id": "P008823", "status": "single_error", "err": "Falha após 4 tentativas: Error code: 400 - {'error': {'message': \"Unsupported value: 'temperature' does not support 0.9 with this model. Only the default (1) value is supported.\", 'type': 'invalid_request_error', 'param': 'temperature', 'code': 'unsupported_value'}}"}
{"temp": 0.9, "batch": 17, "id": "P008823", "status": "single_failed"}
{"temp": 0.9, "batch": 17, "id": "P000807", "status": "single_error", "err": "Falha após 4 tentativas: Error code: 400 - {'error': {'message': \"Unsupported value: 'temperature' does not support 0.9 with this model. Only the default (1) value is supported.\", 'type': 'invalid_request_error', 'param': 'temperature', 'code': 'unsupported_value'}}"}
{"temp": 0.9, "batch": 17, "id": "P000807", "status": "single_error", "err": "Falha após 4 tentativas: Error code: 400 - {'error': {'message': \"Unsupported value: 'temperature' does not support 0.9 with this model. Only the default (1) value is supported.\", 'type': 'invalid_request_error', 'param': 'temperature', 'code': 'unsupported_value'}}"}
{"temp": 0.9, "batch": 17, "id": "P000807", "status": "single_failed"}
{"temp": 0.9, "batch": 17, "id": "P006535", "status": "single_error", "err": "Falha após 4 tentativas: Error code: 400 - {'error': {'message': \"Unsupported value: 'temperature' does not support 0.9 with this model. Only the default (1) value is supported.\", 'type': 'invalid_request_error', 'param': 'temperature', 'code': 'unsupported_value'}}"}
{"temp": 0.9, "batch": 17, "id": "P006535", "status": "single_error", "err": "Falha após 4 tentativas: Error code: 400 - {'error': {'message': \"Unsupported value: 'temperature' does not support 0.9 with this model. Only the default (1) value is supported.\", 'type': 'invalid_request_error', 'param': 'temperature', 'code': 'unsupported_value'}}"}
{"temp": 0.9, "batch": 17, "id": "P006535", "status": "single_failed"}
