id_persona,temperature,situacao,lifestyle,stai_total,stai_1,stai_2,stai_3,stai_4,stai_5,stai_6,stai_7,stai_8,stai_9,stai_10,stai_11,stai_12,stai_13,stai_14,stai_15,stai_16,stai_17,stai_18,stai_19,stai_20
P001003,0.9,padrao_1,moderado,47,3,3,2,3,2,3,2,3,2,2,3,2,3,2,3,2,3,2,3,2
P004182,0.9,padrao_1,moderado,48,3,3,2,2,3,3,2,3,2,3,2,3,2,3,2,3,2,3,2,3
P000679,0.9,padrao_1,moderado,49,3,3,2,2,3,3,2,2,3,3,2,2,4,3,3,2,3,2,4,3
P006935,0.9,padrao_1,ativo,53,3,3,4,2,3,2,3,4,2,3,1,3,2,4,3,2,4,3,2,3
P002352,0.9,padrao_1,moderado,51,3,3,2,4,3,4,3,2,2,3,3,4,2,3,3,4,3,2,3,4
P005997,0.9,padrao_1,muito ativo,58,3,2,4,3,2,3,4,2,3,1,2,3,4,2,3,4,1,3,2,4
P000203,0.9,padrao_1,moderado,48,3,2,3,2,3,2,4,3,2,3,2,3,2,3,2,3,3,2,4,2
P007970,0.9,padrao_1,moderado,49,3,3,4,2,4,3,4,3,2,3,4,3,4,2,3,2,3,3,4,3
P002862,0.9,padrao_1,moderado,47,3,2,3,4,3,2,4,3,2,3,4,3,2,3,4,3,2,3,4,3
P008150,0.9,padrao_1,moderado,51,2,3,3,2,2,3,3,2,2,3,2,3,2,3,2,3,2,3,3,2
P008778,0.9,padrao_1,sedentário,53,3,3,4,3,2,4,2,3,3,4,2,3,3,4,2,3,2,3,4,3
P000507,0.9,padrao_1,moderado,49,3,4,3,2,3,2,3,4,3,2,3,4,3,2,3,3,4,2,3,4
P005972,0.9,padrao_1,ativo,52,3,3,2,4,3,3,2,4,3,3,2,3,4,3,2,3,2,4,3,3
P004819,0.9,padrao_1,moderado,52,3,2,3,3,2,3,2,3,2,3,2,2,3,3,2,3,2,3,2,3
P001107,0.9,padrao_1,ativo,49,3,2,3,2,3,2,3,2,3,2,3,2,3,2,3,2,3,2,3,2
P006512,0.9,padrao_1,moderado,53,3,2,3,2,4,3,3,2,3,2,4,3,2,3,3,2,3,4,2,3
P005561,0.9,padrao_1,moderado,46,3,3,2,3,2,3,2,3,2,3,2,3,1,2,3,2,3,2,3,2
P009690,0.9,padrao_1,moderado,49,3,3,2,3,2,3,2,3,2,3,2,3,2,1,3,2,3,3,2,3
P006428,0.9,padrao_1,moderado,50,3,3,2,4,3,2,3,4,2,3,2,3,4,2,3,4,3,3,2,4
P005861,0.9,padrao_1,moderado,54,3,3,4,2,3,3,4,2,3,3,2,3,4,2,3,3,4,2,3,3
P005393,0.9,padrao_1,moderado,48,3,3,2,3,2,3,2,3,2,3,2,3,2,3,3,2,3,2,3,2
P009152,0.9,padrao_1,moderado,41,3,4,2,3,4,3,2,3,2,3,4,3,2,3,4,3,2,3,4,3
P009145,0.9,padrao_1,ativo,50,3,4,3,2,4,3,4,2,3,2,3,4,2,3,2,4,3,3,4,3
P009368,0.9,padrao_1,moderado,45,3,3,2,2,3,2,2,3,3,2,3,2,3,2,3,2,3,2,3,2
P004061,0.9,padrao_1,moderado,44,3,2,3,2,4,3,2,3,2,4,3,2,3,2,4,3,2,3,2,3
P009157,0.9,padrao_1,moderado,46,3,3,2,3,3,2,2,3,3,2,3,2,3,2,2,3,3,2,3,2
P007174,0.9,padrao_1,moderado,53,3,3,2,3,4,2,3,2,4,3,2,3,3,2,3,2,3,4,2,3
P004766,0.9,padrao_1,moderado,49,3,2,3,2,4,2,3,2,4,3,3,2,4,2,3,2,3,2,4,3
P009893,0.9,padrao_1,moderado,48,3,3,2,3,2,3,2,4,3,2,3,2,3,3,2,3,2,3,4,3
P000139,0.9,padrao_1,moderado,52,3,2,3,2,4,3,3,2,3,2,4,3,3,2,4,2,3,3,2,4
P004220,0.9,padrao_1,moderado,49,3,3,4,3,3,2,3,3,3,2,4,3,3,2,3,3,3,2,3,3
P004279,0.9,padrao_1,moderado,49,3,2,3,2,3,2,3,2,3,2,3,2,3,2,3,2,3,2,3,2
P006167,0.9,padrao_1,moderado,50,3,3,2,2,3,2,3,2,3,2,3,3,2,3,2,3,2,3,2,3
P000824,0.9,padrao_1,moderado,49,3,3,2,3,2,3,2,3,2,3,2,3,2,2,3,3,2,4,2,3
P001219,0.9,padrao_1,moderado,48,3,3,2,2,3,3,2,2,3,2,3,3,2,4,2,3,3,2,4,2
P005269,0.9,padrao_1,ativo,50,3,3,2,3,3,2,3,2,3,2,3,2,3,3,2,3,3,2,3,3
P003724,0.9,padrao_1,moderado,49,3,3,2,3,2,3,2,2,3,3,2,3,2,2,2,3,3,2,3,2
P002804,0.9,padrao_1,moderado,48,3,3,3,2,2,3,2,3,2,3,2,3,2,3,2,3,2,3,3,2
P001667,0.9,padrao_1,moderado,51,3,3,2,3,2,3,2,2,3,2,4,3,3,2,3,2,3,4,3,2
P010390,0.9,padrao_1,ativo,55,3,4,3,2,3,3,4,2,3,2,3,4,3,2,3,2,4,3,2,3
P009583,0.9,padrao_1,moderado,47,3,2,3,2,3,2,2,3,2,3,2,3,2,3,2,3,2,3,3,2
P000929,0.9,padrao_1,moderado,51,3,4,3,3,2,4,3,3,2,4,2,3,3,4,2,3,3,2,4,3
P003944,0.9,padrao_1,moderado,50,3,2,3,3,2,3,2,3,3,2,3,2,3,2,3,2,3,2,3,2
P004160,0.9,padrao_1,moderado,48,3,3,2,2,3,2,3,2,3,2,3,2,3,2,3,2,3,1,2,3
P005731,0.9,padrao_1,ativo,50,3,3,2,3,2,3,2,3,2,3,2,3,2,3,2,3,2,3,2,3
P000347,0.9,padrao_1,sedentário,50,3,3,2,3,3,2,4,3,3,2,4,3,3,2,3,2,3,4,3,2
P009779,0.9,padrao_1,moderado,49,3,2,3,2,2,3,2,3,2,3,1,2,3,2,4,3,2,3,2,3
P001292,0.9,padrao_1,moderado,47,3,3,2,4,3,3,2,3,2,3,4,2,3,3,4,2,3,4,3,2
P009928,0.9,padrao_1,moderado,50,3,2,3,2,3,2,3,2,3,2,3,3,2,3,3,2,3,2,3,2
P010421,0.9,padrao_1,muito ativo,47,3,3,2,3,3,2,3,4,2,3,2,3,3,2,4,2,3,2,3,4
P009077,0.9,padrao_1,moderado,52,3,2,3,3,2,3,2,3,2,2,3,2,3,3,2,3,2,3,2,3
P007108,0.9,padrao_1,moderado,50,3,3,2,3,2,3,2,3,2,2,3,2,3,3,2,3,2,3,2,3
P006918,0.9,padrao_1,moderado,49,3,3,4,3,2,3,2,3,2,3,2,3,3,2,4,3,3,2,3,3
P004153,0.9,padrao_1,moderado,51,3,3,2,3,2,2,3,2,3,2,2,3,3,2,3,2,2,3,3,2
P006843,0.9,padrao_1,sedentário,54,3,3,2,3,2,3,4,2,3,3,2,3,2,4,3,2,3,2,3,3
P006370,0.9,padrao_1,ativo,50,3,2,3,2,3,4,2,3,2,3,2,4,3,2,3,3,4,2,3,2
P006771,0.9,padrao_1,moderado,49,3,2,3,2,3,2,3,2,3,2,3,2,3,2,3,2,3,2,3,2
P010436,0.9,padrao_1,moderado,53,3,2,2,3,2,3,3,2,2,3,3,2,3,2,3,2,4,3,2,3
P008423,0.9,padrao_1,moderado,52,3,3,2,3,2,4,3,2,4,3,2,3,2,3,2,3,2,3,4,2
P006130,0.9,padrao_1,sedentário,49,3,2,3,2,4,3,2,3,4,2,3,4,2,3,2,4,3,2,4,3
P004510,0.9,padrao_1,moderado,48,3,3,4,2,3,2,4,3,2,3,4,2,3,3,2,4,3,2,3,4
P009466,0.9,padrao_1,moderado,49,3,2,2,3,3,2,3,2,2,3,2,3,3,2,3,2,3,2,3,2
P000626,0.9,padrao_1,moderado,48,3,3,2,3,3,2,3,2,2,3,2,3,2,3,3,2,3,2,3,2
P004477,0.9,padrao_1,moderado,53,3,2,3,2,3,2,3,2,3,2,3,3,3,2,3,2,3,3,2,3
P002203,0.9,padrao_1,moderado,49,3,3,2,2,4,3,2,3,2,3,2,3,4,3,2,3,3,2,2,3
P002730,0.9,padrao_1,moderado,53,3,3,2,4,3,3,4,2,3,2,4,3,2,3,3,2,4,3,3,2
P001153,0.9,padrao_1,ativo,49,3,2,3,4,2,3,1,3,2,4,2,3,1,3,2,4,3,2,3,4
P000834,0.9,padrao_1,moderado,53,3,3,4,2,4,3,2,3,3,4,2,3,4,3,2,3,4,3,2,3
P001163,0.9,padrao_1,moderado,50,3,3,2,3,2,3,2,3,2,3,2,3,2,3,2,3,2,3,2,3
P008350,0.9,padrao_1,ativo,56,3,2,3,4,3,2,3,2,4,3,2,3,4,3,2,3,2,4,3,2
P010426,0.9,padrao_1,moderado,49,3,2,3,2,3,2,3,2,3,2,3,2,3,2,3,2,3,2,3,2
P001108,0.9,padrao_1,moderado,47,3,3,2,2,3,2,3,2,3,2,3,2,3,2,3,2,3,2,3,2
P002849,0.9,padrao_1,moderado,49,3,2,3,2,3,2,3,2,3,2,3,2,3,2,3,2,3,2,3,2
P009722,0.9,padrao_1,moderado,50,3,3,2,3,2,3,2,4,3,2,3,2,4,3,2,3,2,4,3,2
P006552,0.9,padrao_1,moderado,48,2,3,2,2,3,2,3,2,3,2,3,2,3,2,3,2,3,2,3,2
P010741,0.9,padrao_1,muito ativo,50,3,3,2,4,3,3,2,4,3,2,3,2,4,3,2,4,3,2,3,4
P004357,0.9,padrao_1,moderado,51,3,3,4,2,3,2,4,3,3,2,4,3,4,2,3,3,4,2,3,3
P004617,0.9,padrao_1,moderado,53,3,2,3,2,3,2,3,2,3,2,3,2,4,3,2,3,2,3,2,3
P009063,0.9,padrao_1,ativo,52,3,3,2,2,3,3,2,2,3,2,3,2,3,3,2,2,3,3,2,3
P003789,0.9,padrao_1,moderado,51,3,2,3,3,2,3,2,3,2,3,2,3,2,4,3,3,2,4,3,2
P008934,0.9,padrao_1,moderado,50,3,3,2,3,2,3,2,3,2,3,2,3,2,3,2,3,2,3,2,3
P008231,0.9,padrao_1,moderado,57,3,4,3,2,3,3,4,2,3,2,3,4,3,4,2,3,4,3,2,3
P003635,0.9,padrao_1,moderado,48,2,3,2,3,2,3,2,3,2,3,2,2,3,2,3,2,3,2,3,2
P009744,0.9,padrao_1,ativo,51,3,2,3,2,3,2,3,2,2,3,2,3,2,3,2,3,2,3,2,3
P008615,0.9,padrao_1,moderado,61,3,2,3,4,2,3,4,2,3,2,3,4,2,3,3,2,4,3,2,4
P008382,0.9,padrao_1,moderado,46,3,3,2,2,3,3,2,3,2,3,2,3,2,3,2,3,3,2,3,2
P003778,0.9,padrao_1,ativo,48,3,3,2,4,3,3,2,3,2,3,4,3,2,3,3,2,3,4,3,2
P004891,0.9,padrao_1,moderado,56,3,2,2,4,3,3,2,3,4,3,2,3,4,3,2,3,4,2,3,4
P009044,0.9,padrao_1,moderado,50,3,3,2,3,2,3,2,3,2,3,2,3,2,3,2,3,2,3,2,3
P007828,0.9,padrao_1,moderado,48,3,3,2,3,2,3,2,3,1,2,3,2,3,2,3,2,3,2,1,2
P000721,0.9,padrao_1,moderado,48,3,3,2,3,2,3,3,2,2,3,3,2,2,3,3,2,3,2,3,2
P003537,0.9,padrao_1,moderado,50,3,3,2,4,2,3,3,2,4,3,3,2,3,2,3,4,3,2,3,3
P009527,0.9,padrao_1,moderado,53,3,3,2,3,2,3,2,2,4,3,2,3,2,3,2,3,2,3,2,3
P007341,0.9,padrao_1,ativo,43,3,3,2,2,3,3,2,4,2,3,4,3,2,3,2,3,2,3,4,3
P006995,0.9,padrao_1,moderado,52,3,2,4,3,2,3,2,4,3,2,3,4,3,2,3,1,2,3,4,2
P008057,0.9,padrao_1,moderado,46,3,4,3,3,4,3,2,3,2,3,4,2,3,3,4,2,3,4,3,3
P010393,0.9,padrao_1,ativo,52,3,3,2,3,2,3,2,3,4,2,3,3,2,3,2,3,3,2,3,4
P008250,0.9,padrao_1,moderado,56,3,3,2,4,2,3,2,3,4,2,3,4,3,2,3,2,3,4,2,3
P004250,0.9,padrao_1,moderado,51,3,3,2,4,2,3,2,3,4,2,3,2,4,3,2,4,3,2,4,3
P008435,0.9,padrao_1,moderado,50,3,2,3,2,2,3,2,2,3,3,2,3,2,2,3,2,3,2,3,2
P005109,0.9,padrao_1,sedentário,56,3,2,3,2,3,2,3,2,4,2,3,3,2,4,3,2,4,3,2,3
P003030,0.9,padrao_1,moderado,47,3,3,2,2,3,2,3,2,2,3,2,3,3,2,3,2,3,2,3,2
P003382,0.9,padrao_1,moderado,47,3,3,2,3,2,3,2,2,2,3,3,2,3,2,3,2,3,2,3,2
P008164,0.9,padrao_1,moderado,42,3,3,2,3,4,3,2,3,2,3,4,3,2,3,4,3,2,3,3,2
P007203,0.9,padrao_1,moderado,45,3,3,2,2,3,2,2,3,3,2,4,3,2,3,2,3,3,2,4,3
P005480,0.9,padrao_1,moderado,49,2,3,2,3,2,3,2,3,1,2,3,2,2,3,2,3,2,3,2,3
P009658,0.9,padrao_1,moderado,51,3,3,2,3,2,3,2,2,3,3,2,2,3,4,3,2,3,2,3,2
P004631,0.9,padrao_1,moderado,51,3,2,2,3,3,2,3,2,3,2,2,3,3,2,2,3,2,3,3,2
P010336,0.9,padrao_1,moderado,51,2,3,2,3,2,3,3,2,2,3,2,3,3,2,3,2,3,2,3,2
P003905,0.9,padrao_1,moderado,53,3,2,3,2,3,2,3,2,3,2,2,3,3,2,3,2,3,2,2,3
P001597,0.9,padrao_1,moderado,50,2,3,2,3,2,3,2,2,3,2,3,2,3,2,3,2,3,2,3,2
P003869,0.9,padrao_1,moderado,54,3,3,2,4,3,2,3,2,4,3,2,3,2,4,3,2,4,3,3,2
P001216,0.9,padrao_1,moderado,52,3,3,2,3,2,3,4,2,3,2,3,2,4,3,2,3,2,3,4,2
P002523,0.9,padrao_1,moderado,51,3,3,2,3,2,3,2,2,3,2,2,3,3,2,3,2,2,3,3,2
P008885,0.9,padrao_1,sedentário,50,3,3,2,2,3,2,3,3,2,3,2,3,2,3,2,2,3,3,2,3
P003385,0.9,padrao_1,moderado,51,3,3,2,4,3,2,3,2,4,3,3,2,4,3,2,3,3,2,4,3
P010304,0.9,padrao_1,moderado,46,3,2,3,2,4,3,2,3,2,3,4,3,2,3,2,4,2,3,2,3
P002142,0.9,padrao_1,moderado,54,3,3,2,4,2,3,3,2,4,2,3,2,3,4,2,3,3,2,4,3
P002596,0.9,padrao_1,sedentário,50,3,3,2,3,2,3,2,3,2,2,3,3,2,4,3,3,2,3,2,3
P006606,0.9,padrao_1,sedentário,48,3,4,3,2,3,2,4,3,2,4,3,2,3,4,3,2,3,4,3,2
P001456,0.9,padrao_1,ativo,57,3,2,3,3,2,4,3,2,3,2,4,3,2,3,2,3,4,3,2,3
P008426,0.9,padrao_1,moderado,49,3,2,3,2,3,2,2,3,2,3,2,3,3,2,2,3,2,3,2,3
P002484,0.9,padrao_1,moderado,50,3,3,2,3,2,3,2,3,2,3,2,3,2,3,2,3,2,3,2,3
P002765,0.9,padrao_1,ativo,46,3,3,2,2,3,2,3,2,3,2,3,2,3,2,3,3,3,2,3,2
P000648,0.9,padrao_1,moderado,49,3,2,3,3,2,3,2,3,2,3,2,2,3,2,3,2,3,2,3,2
P004361,0.9,padrao_1,moderado,48,3,2,3,2,3,3,2,3,2,2,3,2,3,2,3,3,2,3,2,3
P007991,0.9,padrao_1,moderado,51,3,3,2,3,2,3,2,2,3,2,3,4,3,2,2,3,2,3,4,3
P008047,0.9,padrao_1,sedentário,52,3,2,3,4,2,3,2,3,2,4,3,2,3,4,2,3,4,2,3,3
P008970,0.9,padrao_1,ativo,50,3,4,3,2,3,4,3,2,3,4,2,4,3,2,3,4,3,2,3,4
P007279,0.9,padrao_1,moderado,52,3,3,2,4,2,3,3,2,4,3,2,3,2,4,3,3,2,3,4,2
P009533,0.9,padrao_1,moderado,54,3,3,4,2,3,3,3,2,4,2,3,3,2,4,3,3,4,2,3,3
P003320,0.9,padrao_1,moderado,50,2,3,2,3,2,3,2,3,2,2,3,2,3,2,2,3,2,3,2,3
P009821,0.9,padrao_1,moderado,42,3,4,2,3,4,2,3,4,3,2,4,3,2,3,4,3,2,3,4,3
P009103,0.9,padrao_1,sedentário,52,3,2,3,2,3,4,2,3,3,2,3,4,2,3,2,4,3,2,3,4
P002179,0.9,padrao_1,moderado,48,3,3,2,2,3,2,3,3,2,2,3,2,3,2,3,2,3,3,2,3
P001770,0.9,padrao_1,moderado,49,3,3,2,2,2,3,2,3,2,3,2,2,3,3,2,2,3,2,3,3
P006700,0.9,padrao_1,sedentário,55,3,3,2,4,2,3,3,2,4,2,3,4,3,2,4,2,3,4,3,2
P002660,0.9,padrao_1,moderado,50,3,3,2,3,2,4,3,2,3,2,4,3,2,3,2,4,3,2,3,2
P008890,0.9,padrao_1,moderado,50,3,3,2,2,3,2,3,3,2,2,3,3,2,3,2,2,3,3,2,3
P001294,0.9,padrao_1,moderado,51,3,2,3,2,3,3,2,3,3,2,3,2,3,2,3,2,3,3,2,3
P003855,0.9,padrao_1,moderado,53,3,3,2,3,2,4,3,2,3,2,3,4,2,3,2,3,3,2,4,3
P000008,0.9,padrao_1,moderado,47,3,2,3,2,3,2,2,3,4,3,2,2,3,2,3,3,2,3,4,3
P000633,0.9,padrao_1,ativo,42,3,2,3,2,3,2,2,3,1,2,3,2,3,2,3,3,2,2,3,1
P001690,0.9,padrao_1,moderado,52,3,4,3,2,4,3,4,2,3,4,3,2,4,3,2,3,4,3,2,3
P001748,0.9,padrao_1,moderado,51,3,3,2,3,2,3,2,2,4,3,2,3,3,2,3,3,2,4,3,2
P008966,0.9,padrao_1,moderado,54,3,2,2,3,1,3,2,2,3,1,2,3,2,3,2,3,1,2,2,3
P005050,0.9,padrao_1,moderado,46,3,3,2,2,3,2,3,2,2,3,3,2,3,2,3,2,2,3,3,3
P008108,0.9,padrao_1,sedentário,52,3,3,3,2,2,3,3,2,2,3,2,3,2,3,3,2,3,2,2,3
P001385,0.9,padrao_1,sedentário,50,3,3,2,3,2,3,2,3,2,3,2,4,3,2,3,3,2,3,2,3
P001543,0.9,padrao_1,moderado,52,3,2,3,2,3,2,3,2,2,3,1,3,2,3,2,3,2,3,2,3
P004317,0.9,padrao_1,moderado,48,3,3,3,2,3,2,3,3,2,3,2,3,2,4,3,2,3,2,3,2
P002280,0.9,padrao_1,moderado,49,3,3,4,2,3,2,3,4,3,2,4,3,4,2,3,3,4,2,3,3
P001432,0.9,padrao_1,moderado,51,3,3,2,3,2,3,2,2,3,2,2,3,3,2,3,2,2,3,3,2
P008218,0.9,padrao_1,moderado,47,3,3,2,3,2,3,2,4,2,3,2,3,2,3,3,2,3,2,3,2
P007327,0.9,padrao_1,moderado,56,3,3,2,4,3,2,3,2,4,3,2,3,2,4,3,2,3,3,2,4
P009589,0.9,padrao_1,moderado,48,3,3,2,3,2,3,2,3,2,3,2,3,3,2,3,2,2,3,3,2
P005086,0.9,padrao_1,moderado,50,3,3,2,3,2,2,3,2,3,3,2,3,2,3,3,2,3,2,3,2
P003475,0.9,padrao_1,moderado,51,3,3,4,2,3,2,3,4,2,3,2,3,3,4,2,3,3,2,3,4
P000366,0.9,padrao_1,moderado,48,3,2,3,2,3,2,2,3,3,2,2,3,1,2,3,2,3,2,3,3
P002107,0.9,padrao_1,moderado,51,3,2,3,2,3,2,3,2,3,2,2,3,3,2,3,2,3,2,3,2
P000843,0.9,padrao_1,moderado,48,3,4,3,2,4,3,3,2,4,3,2,3,4,2,3,4,3,2,4,3
P003267,0.9,padrao_1,moderado,49,3,2,3,2,3,2,3,2,3,2,3,2,3,2,3,2,3,2,3,2
P007291,0.9,padrao_1,moderado,49,3,2,2,3,2,3,2,3,3,2,3,2,3,2,3,2,3,2,3,2
P000300,0.9,padrao_1,moderado,49,3,2,3,2,3,4,2,3,2,3,2,3,3,2,4,3,2,3,2,3
P004167,0.9,padrao_1,moderado,49,3,4,3,3,2,3,4,2,3,4,3,2,3,2,3,4,2,3,2,3
P007668,0.9,padrao_1,moderado,52,3,2,3,2,3,3,2,3,2,3,2,3,2,3,2,2,3,3,2,3
P010722,0.9,padrao_1,ativo,48,3,4,3,2,2,3,3,4,3,2,3,2,3,3,4,2,4,3,4,2
P007238,0.9,padrao_1,moderado,50,3,2,3,2,3,2,3,3,2,3,2,3,2,3,2,3,2,3,2,3
P009002,0.9,padrao_1,moderado,51,3,3,2,2,3,2,3,2,4,3,1,3,2,3,2,2,3,2,3,2
P006977,0.9,padrao_1,sedentário,46,3,4,3,2,3,4,2,3,2,3,4,3,2,3,4,2,3,2,3,4
P002514,0.9,padrao_1,ativo,52,3,2,3,2,3,2,3,1,3,2,3,2,2,3,2,3,2,3,2,3
P002812,0.9,padrao_1,moderado,50,3,3,2,3,2,4,3,3,2,3,2,3,1,2,3,2,3,3,2,2
P006999,0.9,padrao_1,moderado,49,3,2,3,2,3,3,2,3,2,3,3,2,3,3,2,3,2,3,2,3
P004757,0.9,padrao_1,sedentário,48,3,3,4,2,3,3,2,2,3,3,4,2,3,3,2,4,3,2,3,3
P008143,0.9,padrao_1,moderado,43,3,4,2,3,4,3,2,3,3,2,4,3,2,3,4,3,2,3,4,3
P001164,0.9,padrao_1,moderado,50,3,3,2,2,3,3,2,2,3,2,3,3,2,3,2,3,2,4,3,3
P006632,0.9,padrao_1,moderado,48,3,4,3,2,3,4,2,3,2,3,4,3,2,4,3,2,4,3,4,3
P006386,0.9,padrao_1,moderado,50,3,3,2,3,2,3,2,3,2,3,2,3,2,3,2,3,2,3,2,3
P007014,0.9,padrao_1,moderado,52,3,4,3,4,2,3,2,3,3,4,2,3,4,2,3,3,2,4,3,4
P008751,0.9,padrao_1,moderado,45,3,2,2,2,3,3,2,3,2,3,4,3,2,3,2,3,3,2,3,2
P000691,0.9,padrao_1,moderado,44,3,3,2,4,3,3,2,3,2,4,3,2,3,2,3,4,3,2,3,3
P000872,0.9,padrao_1,ativo,51,3,4,3,2,3,3,2,4,3,2,4,3,3,4,3,2,3,4,2,3
P006054,0.9,padrao_1,moderado,48,3,3,2,3,2,3,2,3,2,3,2,3,2,3,2,3,2,3,3,2
P008398,0.9,padrao_1,moderado,48,3,3,2,3,2,3,2,3,2,3,2,3,2,3,2,3,2,3,3,2
P006881,0.9,padrao_1,moderado,53,3,2,3,2,4,3,3,2,3,1,4,2,3,3,2,2,3,3,2,2
P006722,0.9,padrao_1,moderado,50,3,3,2,3,2,3,2,3,2,3,2,3,2,3,2,3,2,3,2,3
P006824,0.9,padrao_1,moderado,50,3,3,2,3,2,3,2,3,2,3,2,3,2,3,2,3,2,3,2,3
P008131,0.9,padrao_1,ativo,48,3,4,3,4,3,2,3,4,2,3,4,2,3,4,3,2,4,3,4,3
P003439,0.9,padrao_1,ativo,49,3,4,3,2,3,3,2,4,3,2,3,3,2,4,3,2,3,4,3,2
P002007,0.9,padrao_1,moderado,51,3,3,2,3,2,3,2,2,3,2,3,2,3,2,2,3,2,3,2,3
P004639,0.9,padrao_1,moderado,48,3,3,2,3,2,3,1,2,3,2,3,3,2,4,2,3,2,1,3,2
P007815,0.9,padrao_1,moderado,50,3,3,2,3,2,3,2,3,2,3,2,3,2,3,2,3,2,3,2,3
P001561,0.9,padrao_1,sedentário,53,3,3,2,3,2,3,4,2,3,2,3,4,2,3,3,2,2,3,4,3
P007722,0.9,padrao_1,moderado,50,3,3,4,2,3,2,3,3,4,2,3,3,2,4,2,3,2,3,4,2
P003474,0.9,padrao_1,moderado,45,3,3,2,2,3,2,3,2,2,3,2,3,1,3,2,3,2,2,3,2
P003605,0.9,padrao_1,sedentário,49,3,4,3,2,3,4,3,2,3,4,2,3,2,3,4,2,3,3,4,3
P000161,0.9,padrao_1,ativo,50,3,4,3,2,3,2,3,4,2,3,2,3,4,3,2,3,4,2,3,4
P005515,0.9,padrao_1,moderado,48,3,4,2,3,3,2,4,3,2,3,3,2,4,3,2,3,2,4,3,2
P000882,0.9,padrao_1,moderado,45,3,3,2,3,2,2,3,3,2,4,2,3,3,2,3,4,3,2,3,2
P003832,0.9,padrao_1,moderado,49,3,3,2,3,2,3,2,2,3,2,3,2,3,2,3,2,3,2,3,2
P003445,0.9,padrao_1,moderado,49,3,4,3,2,3,4,2,3,4,2,3,1,3,4,2,3,2,3,4,3
P005250,0.9,padrao_1,moderado,49,3,2,3,3,2,3,2,3,2,3,3,2,3,2,3,3,2,3,2,3
P005785,0.9,padrao_1,moderado,52,3,2,3,3,2,3,2,3,2,3,2,3,2,3,2,3,2,3,2,3
P010114,0.9,padrao_1,sedentário,46,3,4,2,3,4,2,3,3,4,2,3,4,2,3,4,3,2,3,4,3
P002840,0.9,padrao_1,ativo,50,3,3,2,4,3,3,2,4,2,3,3,2,4,3,2,4,3,3,2,4
P008464,0.9,padrao_1,moderado,53,3,3,2,4,2,3,3,2,3,4,3,2,4,3,2,3,3,2,3,4
P000393,0.9,padrao_1,moderado,50,3,3,2,4,3,2,3,4,2,3,3,4,2,3,2,3,4,2,3,4
P002495,0.9,padrao_1,moderado,50,3,3,3,2,4,2,3,2,4,3,2,3,3,2,4,2,3,2,3,4
P005236,0.9,padrao_1,moderado,55,3,3,2,4,2,3,3,2,4,3,2,3,3,2,4,3,4,3,2,3
P000923,0.9,padrao_1,moderado,48,3,3,2,3,2,2,3,3,2,3,3,2,3,2,3,2,3,2,2,3
P009642,0.9,padrao_1,ativo,54,3,2,3,2,2,3,4,2,3,3,2,3,4,2,3,3,2,4,3,2
P002389,0.9,padrao_1,moderado,51,3,2,3,2,3,2,3,2,3,2,3,2,3,3,2,2,3,2,3,2
P010177,0.9,padrao_1,sedentário,49,3,4,3,2,3,4,3,2,3,2,3,3,4,2,3,4,3,2,4,3
P004345,0.9,padrao_1,sedentário,47,3,3,2,3,4,3,2,3,4,3,2,4,3,2,3,4,3,2,4,3
P001541,0.9,padrao_1,moderado,50,3,3,2,3,2,4,3,2,3,2,4,3,2,3,2,4,3,2,3,2
P007949,0.9,padrao_1,moderado,53,3,3,2,4,2,3,3,2,4,3,2,3,4,1,3,2,3,2,4,3
P006178,0.9,padrao_1,moderado,48,3,2,3,3,2,3,2,3,1,2,3,2,3,4,2,3,1,2,3,2
P001551,0.9,padrao_1,moderado,48,3,3,2,3,2,3,2,3,2,3,2,3,2,3,3,2,3,2,3,2
P004437,0.9,padrao_1,moderado,42,3,2,3,2,4,3,2,3,2,3,4,2,3,2,3,4,2,3,4,3
P007886,0.9,padrao_1,sedentário,48,3,4,3,2,3,4,2,3,3,2,4,3,2,3,4,2,3,4,3,2
P004800,0.9,padrao_1,moderado,52,3,3,2,3,2,3,3,2,3,2,4,2,3,3,2,3,2,3,2,3
P010677,0.9,padrao_1,moderado,49,3,3,2,3,3,3,2,2,3,3,2,3,2,2,3,3,2,3,2,3
P010721,0.9,padrao_1,sedentário,54,3,4,3,2,3,3,4,2,3,4,2,3,3,4,2,3,4,2,3,4
P002894,0.9,padrao_1,moderado,47,3,3,2,3,2,3,3,2,2,3,3,2,2,4,3,3,2,2,4,3
P007399,0.9,padrao_1,moderado,51,3,2,3,2,2,3,3,2,2,3,2,3,2,3,2,3,2,3,3,2
P003313,0.9,padrao_1,moderado,48,3,4,3,2,3,4,2,3,3,2,3,4,2,3,4,3,2,4,3,2
P009183,0.9,padrao_1,sedentário,47,3,4,2,3,4,2,3,4,3,2,3,4,2,3,4,2,3,4,3,2
P006005,0.9,padrao_1,moderado,51,3,3,2,4,3,2,3,2,3,4,3,2,3,4,3,2,3,4,3,2
P004044,0.9,padrao_1,sedentário,46,3,3,2,2,3,2,3,2,3,2,3,2,3,1,3,2,3,2,3,2
P002869,0.9,padrao_1,sedentário,50,3,3,2,3,3,2,3,2,3,3,2,3,2,3,3,2,3,2,3,3
P001583,0.9,padrao_1,moderado,50,3,3,2,2,3,3,2,2,3,3,2,3,4,2,2,3,3,2,3,3
P010323,0.9,padrao_1,moderado,51,3,3,2,3,3,2,3,2,3,2,4,3,3,2,3,2,3,3,2,3
P000126,0.9,padrao_1,moderado,47,3,3,2,2,3,3,2,3,2,4,3,3,2,3,2,3,2,4,2,3
P007210,0.9,padrao_1,sedentário,47,3,3,2,4,3,3,2,4,3,2,3,3,2,4,3,4,3,2,4,3
P001189,0.9,padrao_1,moderado,45,3,3,2,3,2,2,3,4,3,2,3,2,3,2,3,3,2,2,3,2
P001397,0.9,padrao_1,moderado,51,2,2,3,2,3,2,3,2,3,2,3,2,2,3,2,2,3,2,3,2
P003239,0.9,padrao_1,moderado,48,3,3,2,2,3,2,3,2,3,2,3,3,2,3,2,3,2,3,3,2
P000234,0.9,padrao_1,moderado,52,2,3,2,3,2,3,2,3,2,3,2,3,2,3,2,3,2,4,2,3
P008963,0.9,padrao_1,moderado,52,3,2,3,3,2,3,2,3,2,3,2,3,2,3,2,3,2,3,2,3
P008375,0.9,padrao_1,ativo,57,3,3,4,3,2,3,4,2,3,2,3,4,3,2,3,2,3,2,3,4
P007309,0.9,padrao_1,sedentário,47,3,3,2,3,4,2,3,2,3,3,4,2,3,3,2,4,2,3,2,3
P002006,0.9,padrao_1,moderado,45,3,3,2,2,4,3,2,3,4,3,2,3,2,3,4,3,3,2,4,3
P000956,0.9,padrao_1,moderado,48,3,2,3,2,4,3,2,3,2,3,2,3,4,3,2,4,2,3,3,2
P001208,0.9,padrao_1,moderado,54,3,3,2,3,2,2,4,3,3,2,2,3,3,4,2,3,2,4,3,2
P002360,0.9,padrao_1,moderado,45,3,3,2,2,3,3,2,3,2,3,2,2,3,2,3,2,3,2,3,2
P010279,0.9,padrao_1,ativo,49,3,2,3,2,3,2,3,2,3,2,3,2,3,2,4,3,2,3,2,3
P001249,0.9,padrao_1,moderado,50,3,2,3,3,2,3,2,3,2,3,2,3,3,2,3,2,3,2,3,2
P005496,0.9,padrao_1,moderado,47,3,3,2,4,3,2,3,3,2,4,3,2,3,3,2,4,3,2,3,4
P000519,0.9,padrao_1,ativo,50,3,3,2,3,2,3,2,2,3,4,3,2,3,3,2,3,2,3,2,3
P000077,0.9,padrao_1,moderado,51,3,2,3,2,3,2,3,2,3,2,3,2,4,2,3,3,2,3,2,3
P006358,0.9,padrao_1,moderado,50,3,3,2,3,3,2,3,2,3,2,3,3,2,4,2,3,2,3,3,2
P001647,0.9,padrao_1,moderado,50,3,3,2,3,2,3,2,3,2,3,2,3,2,3,2,3,2,3,2,3
P004610,0.9,padrao_1,moderado,46,3,2,3,2,3,2,3,3,2,3,2,3,3,2,3,4,3,2,3,2
P002830,0.9,padrao_1,moderado,57,3,2,3,2,3,4,3,2,3,2,3,4,3,2,3,2,4,3,2,3
P001399,0.9,padrao_1,moderado,49,3,3,2,3,4,3,3,2,2,3,2,3,3,2,4,3,2,4,3,4
P008779,0.9,padrao_1,ativo,51,3,3,2,3,2,3,2,2,3,2,3,2,3,2,3,2,3,3,2,2
P003817,0.9,padrao_1,moderado,49,3,2,3,2,3,2,3,2,3,2,3,2,3,2,3,2,3,2,3,2
P005406,0.9,padrao_1,moderado,50,3,3,2,3,2,2,3,3,2,3,2,3,2,3,2,3,2,3,2,3
P001651,0.9,padrao_1,moderado,48,3,3,2,3,3,4,2,3,3,2,3,4,2,3,3,3,2,3,4,2
P000583,0.9,padrao_1,ativo,45,3,2,3,2,4,3,2,3,2,3,4,2,3,4,2,3,2,3,4,2
P003661,0.9,padrao_1,moderado,49,3,2,3,2,3,2,3,2,3,2,3,2,3,2,3,2,3,2,3,2
P007056,0.9,padrao_1,sedentário,43,3,4,3,2,3,4,3,4,2,3,4,3,2,3,4,3,2,3,4,3
P007829,0.9,padrao_1,moderado,46,3,3,2,2,3,2,2,3,2,3,2,3,2,3,2,2,3,2,3,2
P003017,0.9,padrao_1,sedentário,47,3,3,2,4,3,3,2,4,3,3,2,4,3,2,3,4,3,2,4,3
P005226,0.9,padrao_1,ativo,47,3,3,2,2,3,2,3,4,2,3,2,3,4,3,2,4,3,2,3,3
P000596,0.9,padrao_1,moderado,46,3,3,2,3,4,3,2,3,2,4,3,2,2,3,3,3,4,3,2,3
P010568,0.9,padrao_1,moderado,49,2,3,3,2,3,3,2,2,3,2,3,2,3,2,3,2,3,2,3,2
P000010,0.9,padrao_1,moderado,46,3,3,2,3,2,3,2,3,2,3,3,2,3,2,3,2,3,2,4,3
P006762,0.9,padrao_1,moderado,50,3,3,2,2,3,4,2,3,3,2,3,4,2,3,2,3,4,2,3,2
P009035,0.9,padrao_1,moderado,49,3,2,3,2,3,2,3,2,3,2,3,2,3,2,3,2,3,2,3,2
P001783,0.9,padrao_1,moderado,49,3,3,2,3,2,3,2,4,3,2,3,2,4,3,2,3,3,2,4,3
P008328,0.9,padrao_1,moderado,49,3,3,2,2,3,2,3,2,4,3,2,3,2,3,3,2,3,2,4,3
P010631,0.9,padrao_1,moderado,49,2,3,3,2,2,3,2,3,2,3,2,3,3,2,2,3,2,2,3,3
P010785,0.9,padrao_1,moderado,49,3,3,3,2,4,2,3,3,2,3,2,4,3,2,3,4,3,3,2,4
P010178,0.9,padrao_1,moderado,55,3,2,3,4,2,3,4,2,3,2,3,2,4,3,2,4,3,2,4,3
P010142,0.9,padrao_1,moderado,52,3,2,3,3,2,3,2,2,3,2,3,2,3,2,3,3,2,3,2,3
P002576,0.9,padrao_1,moderado,50,3,3,2,4,2,3,2,3,2,4,3,2,4,2,3,3,4,3,2,3
P002081,0.9,padrao_1,moderado,58,3,2,3,4,2,3,2,3,4,2,3,3,2,4,3,2,3,4,2,3
P010750,0.9,padrao_1,moderado,49,3,2,3,2,3,2,3,2,3,2,4,3,2,3,2,3,1,2,2,3
P010206,0.9,padrao_1,moderado,51,3,2,3,3,2,3,2,3,2,3,1,3,2,2,3,2,1,3,2,3
P005800,0.9,padrao_1,moderado,46,3,3,2,3,2,3,2,3,2,3,3,2,2,3,3,2,3,2,3,2
P010576,0.9,padrao_1,moderado,52,3,3,2,2,3,2,3,2,3,2,2,2,4,3,2,3,2,3,2,3
P008609,0.9,padrao_1,moderado,53,3,3,2,4,2,3,3,2,3,4,2,3,2,3,2,3,4,2,3,3
P004867,0.9,padrao_1,moderado,54,3,2,3,2,4,3,3,2,3,2,4,3,4,2,3,2,4,3,2,3
P002045,0.9,padrao_1,sedentário,53,3,3,4,3,2,4,3,2,3,4,2,3,3,2,4,3,4,3,3,2
P006454,0.9,padrao_1,moderado,50,3,3,2,3,3,2,3,2,4,3,2,3,3,2,4,3,3,4,3,2
P000244,0.9,padrao_1,moderado,46,3,3,2,3,3,2,4,3,2,3,4,2,3,2,3,3,4,2,3,3
P002364,0.9,padrao_1,moderado,52,3,4,3,2,3,4,3,2,3,4,2,3,4,2,3,2,3,4,3,2
P000189,0.9,padrao_1,moderado,52,3,3,2,3,2,3,2,3,2,3,2,3,2,3,2,2,3,3,2,3
P009155,0.9,padrao_1,sedentário,46,3,3,2,4,3,3,2,4,3,2,4,3,2,3,2,4,3,2,4,3
P004642,0.9,padrao_1,moderado,52,3,3,2,3,2,2,3,2,3,2,3,4,2,3,2,3,2,3,2,2
P004940,0.9,padrao_1,moderado,50,3,3,2,3,2,2,3,3,2,2,1,3,2,3,2,3,2,3,3,2
P010134,0.9,padrao_1,ativo,46,3,3,2,2,3,2,3,4,2,3,1,2,3,4,2,3,2,3,4,2
P006088,0.9,padrao_1,moderado,47,3,3,2,3,4,3,2,3,2,3,4,2,3,4,3,2,3,2,3,4
P004100,0.9,padrao_1,moderado,52,3,2,3,2,3,2,3,2,3,2,2,3,2,4,3,2,2,3,3,2
P008467,0.9,padrao_1,moderado,45,3,3,2,3,2,3,2,3,2,3,4,3,2,3,2,3,2,3,4,2
P002772,0.9,padrao_1,moderado,48,3,2,3,4,2,3,2,3,2,3,4,3,2,3,2,4,3,2,3,2
P003883,0.9,padrao_1,moderado,46,3,3,3,2,2,3,2,4,3,2,4,3,2,3,4,2,3,2,3,2
P010056,0.9,padrao_1,moderado,47,3,3,2,2,3,2,3,2,2,3,2,3,3,2,3,2,3,2,3,2
P006195,0.9,padrao_1,moderado,51,2,3,2,3,2,3,2,3,2,3,2,3,2,3,2,2,3,2,3,3
P008451,0.9,padrao_1,muito ativo,53,3,2,3,2,3,4,2,3,3,2,3,4,2,3,3,2,3,2,3,4
P003826,0.9,padrao_1,moderado,49,3,2,3,2,3,2,3,2,3,2,3,2,3,2,3,2,3,2,3,2
P008699,0.9,padrao_1,sedentário,54,3,4,3,2,3,4,3,2,3,3,3,4,2,3,2,3,4,3,2,3
P009160,0.9,padrao_1,moderado,52,3,2,2,3,4,3,2,3,4,3,2,3,4,2,3,2,3,4,3,2
P004274,0.9,padrao_1,moderado,50,3,2,3,2,3,3,2,3,2,3,2,3,2,3,2,3,2,3,2,3
P005137,0.9,padrao_1,moderado,49,3,3,2,3,2,3,2,3,2,2,3,2,3,2,2,3,3,2,2,3
P000390,0.9,padrao_1,moderado,52,3,3,2,3,2,3,3,2,2,3,2,3,2,3,2,3,3,2,2,3
P005075,0.9,padrao_1,moderado,52,3,4,2,3,2,3,3,2,4,2,3,4,3,2,3,4,3,2,3,4
P003930,0.9,padrao_1,sedentário,47,3,3,2,3,2,3,2,3,2,3,2,3,3,2,3,3,2,3,3,2
P009520,0.9,padrao_1,moderado,49,3,2,3,2,2,3,2,3,2,3,3,2,2,4,3,2,3,2,3,3
P002217,0.9,padrao_1,ativo,52,3,3,4,2,3,2,4,3,3,2,4,3,2,3,4,2,4,3,2,3
P007793,0.9,padrao_1,moderado,52,3,2,2,3,2,3,2,3,4,2,3,2,3,3,2,2,3,2,4,3
P007368,0.9,padrao_1,moderado,49,3,3,2,2,3,2,3,2,3,2,2,3,3,2,3,2,3,2,3,2
P005110,0.9,padrao_1,moderado,45,3,3,2,2,4,3,2,3,2,4,2,3,2,3,2,4,3,2,3,4
P010354,0.9,padrao_1,moderado,49,3,2,3,2,3,2,3,2,3,2,3,2,3,2,3,2,3,2,3,2
P002188,0.9,padrao_1,moderado,48,2,3,2,3,2,3,2,3,2,3,2,3,2,2,3,2,3,2,3,2
P003834,0.9,padrao_1,moderado,50,3,2,3,2,3,3,2,3,2,3,2,3,2,3,2,3,2,3,2,3
P005047,0.9,padrao_1,moderado,49,3,3,2,3,2,3,2,4,2,3,2,3,2,3,2,3,2,3,2,3
P000200,0.9,padrao_1,moderado,49,3,3,2,3,2,3,2,4,2,3,2,3,4,3,2,3,3,2,3,2
P008834,0.9,padrao_1,moderado,48,3,4,3,2,2,3,2,3,4,2,3,4,2,3,4,3,2,3,4,3
P010710,0.9,padrao_1,moderado,51,3,4,3,2,4,2,3,2,4,3,2,3,4,3,2,4,3,2,3,4
P003234,0.9,padrao_1,ativo,52,3,3,2,3,2,4,3,2,3,4,2,3,3,2,4,3,2,3,2,4
P000052,0.9,padrao_1,ativo,48,3,4,2,3,2,3,4,2,3,4,2,3,4,2,3,4,2,3,4,2
P010689,0.9,padrao_1,sedentário,57,3,3,4,2,3,3,4,2,3,4,2,3,3,4,2,3,4,3,2,3
P002967,0.9,padrao_1,moderado,50,3,3,2,3,2,3,3,2,2,3,2,3,2,3,3,2,3,2,3,2
P006867,0.9,padrao_1,moderado,47,3,3,2,2,3,2,3,2,3,2,3,2,3,2,3,2,3,2,3,2
P003531,0.9,padrao_1,ativo,53,3,3,4,2,3,4,2,3,4,2,3,4,2,3,3,2,4,3,4,2
P006368,0.9,padrao_1,moderado,52,3,3,2,2,2,3,4,2,3,2,3,3,2,2,3,2,4,2,3,3
P009898,0.9,padrao_1,moderado,50,3,3,2,3,2,3,2,3,2,3,2,3,2,3,2,3,2,3,2,3
P007404,0.9,padrao_1,moderado,50,3,2,2,3,3,2,3,2,3,2,3,2,3,3,2,3,3,2,3,2
P000352,0.9,padrao_1,moderado,47,2,3,2,3,3,2,2,3,2,3,2,3,2,3,3,2,3,2,3,2
P010379,0.9,padrao_1,moderado,49,3,3,2,3,4,3,2,3,2,3,2,4,3,2,3,2,4,3,3,2
P008542,0.9,padrao_1,moderado,50,3,2,2,3,2,3,2,2,3,2,3,2,3,2,3,2,3,2,3,2
P007694,0.9,padrao_1,moderado,54,3,3,4,2,3,2,3,2,4,3,2,3,4,2,3,3,2,4,3,4
P007530,0.9,padrao_1,moderado,52,3,2,2,4,3,2,3,2,4,3,2,3,3,2,4,3,2,3,2,3
P005262,0.9,padrao_1,moderado,51,3,2,3,3,2,3,2,4,3,2,3,3,2,3,2,4,3,3,2,2
P000924,0.9,padrao_1,moderado,51,3,3,2,2,3,2,3,2,3,2,3,2,4,3,2,3,2,3,2,3
P010329,0.9,padrao_1,moderado,47,3,3,2,2,3,2,3,2,3,2,3,2,3,2,3,2,3,2,3,2
P010398,0.9,padrao_1,moderado,48,3,3,3,2,3,2,3,2,2,3,2,3,3,2,2,3,3,2,3,2
P008312,0.9,padrao_1,moderado,52,3,3,2,4,2,3,3,2,4,2,3,3,4,2,3,4,3,2,4,3
P008691,0.9,padrao_1,ativo,48,3,4,2,3,4,2,3,2,4,3,2,4,3,2,4,3,2,4,3,2
P007816,0.9,padrao_1,moderado,54,3,2,3,3,2,3,2,3,2,3,2,3,2,3,2,3,4,3,2,3
P003086,0.9,padrao_1,moderado,52,3,2,3,3,2,2,3,2,3,3,2,2,3,2,3,3,2,3,2,3
P006758,0.9,padrao_1,sedentário,50,3,3,2,3,3,2,4,3,2,3,2,3,4,3,3,2,3,2,4,3
P008772,0.9,padrao_1,moderado,50,3,3,2,3,2,3,2,3,2,3,2,3,2,3,2,3,2,3,2,3
P006407,0.9,padrao_1,ativo,50,2,3,3,2,3,2,4,3,2,3,2,3,4,2,3,2,3,2,3,2
P005285,0.9,padrao_1,moderado,46,3,2,3,2,4,3,2,3,2,3,4,2,3,2,3,2,3,4,3,2
P002519,0.9,padrao_1,moderado,45,3,2,3,2,3,3,2,3,2,3,3,2,3,1,3,2,3,2,3,2
P004979,0.9,padrao_1,sedentário,50,2,3,3,2,2,3,2,3,4,2,3,2,3,2,3,2,2,3,3,2
P005012,0.9,padrao_1,moderado,54,3,3,4,2,3,2,4,3,4,3,2,3,4,2,3,3,4,2,3,4
P010454,0.9,padrao_1,moderado,51,3,2,3,2,3,3,2,3,3,2,2,3,3,2,3,2,3,2,3,3
P009720,0.9,padrao_1,moderado,45,3,3,2,3,2,3,2,3,2,4,3,2,3,2,3,2,3,2,3,2
P007556,0.9,padrao_1,ativo,50,3,3,2,3,4,2,3,4,2,3,1,3,4,3,2,3,1,4,2,3
P010472,0.9,padrao_1,ativo,46,3,2,2,3,4,3,2,3,2,3,4,3,2,3,2,3,4,2,3,2
P000150,0.9,padrao_1,ativo,56,3,4,3,3,2,4,3,2,3,2,4,3,2,4,3,2,3,4,3,4
P006603,0.9,padrao_1,moderado,54,3,2,3,3,2,3,3,2,3,2,2,3,3,2,3,2,3,2,3,2
P007596,0.9,padrao_1,ativo,54,3,3,2,4,3,2,3,2,4,3,2,3,4,3,2,3,2,4,3,2
P007013,0.9,padrao_1,moderado,53,3,2,3,3,2,3,2,3,2,2,3,3,2,3,2,2,3,3,2,2
P010247,0.9,padrao_1,moderado,48,3,2,2,2,3,2,3,2,3,2,3,2,3,2,3,2,3,2,3,2
P008477,0.9,padrao_1,sedentário,52,3,3,2,4,2,3,3,2,4,2,3,3,2,4,3,3,2,3,4,2
P008748,0.9,padrao_1,moderado,58,3,2,4,3,2,3,4,2,3,4,3,2,3,4,2,3,4,3,2,3
P008208,0.9,padrao_1,ativo,46,3,3,2,2,3,2,3,1,3,2,4,2,3,1,3,2,3,2,3,2
P008163,0.9,padrao_1,moderado,50,3,2,3,3,2,3,2,3,2,3,2,3,2,3,2,3,3,2,3,2
P010720,0.9,padrao_1,ativo,52,3,3,2,2,4,3,2,3,4,3,2,4,3,2,3,2,4,3,2,3
P006218,0.9,padrao_1,moderado,49,3,2,3,2,3,2,3,2,3,2,3,2,3,2,3,2,3,2,3,2
P001792,0.9,padrao_1,moderado,51,2,3,2,3,2,3,2,3,2,3,2,3,2,3,2,3,2,3,2,3
P008659,0.9,padrao_1,moderado,48,3,3,2,3,2,3,2,3,2,3,2,3,2,3,2,3,3,2,3,2
P002456,0.9,padrao_1,moderado,47,3,3,2,3,2,3,2,4,2,3,3,2,4,2,3,3,2,3,2,3
P007735,0.9,padrao_1,moderado,52,3,3,2,2,3,3,2,2,3,2,3,3,2,3,2,2,3,3,2,3
P008568,0.9,padrao_1,moderado,49,3,3,2,4,3,2,3,4,2,3,3,2,4,3,2,4,3,3,2,3
P008949,0.9,padrao_1,moderado,47,3,3,2,3,2,2,3,2,2,3,3,2,2,3,2,3,2,3,3,2
P005976,0.9,padrao_1,moderado,49,3,2,3,3,2,2,3,2,3,2,4,2,3,3,2,3,1,2,3,2
P009241,0.9,padrao_1,moderado,53,3,2,4,2,3,2,3,2,4,3,2,3,2,4,3,2,3,2,4,3
P000387,0.9,padrao_1,moderado,43,3,3,2,3,4,3,2,3,2,3,4,3,2,3,2,4,3,2,4,3
P009173,0.9,padrao_1,moderado,57,3,3,2,3,2,4,3,2,3,2,1,4,3,2,2,3,4,2,3,3
P004146,0.9,padrao_1,ativo,46,3,3,3,2,3,2,2,4,3,3,2,3,2,3,3,4,2,3,2,3
P006360,0.9,padrao_1,moderado,49,3,3,4,2,3,2,3,4,3,2,3,4,3,2,4,3,2,3,3,4
P008809,0.9,padrao_1,moderado,50,3,3,2,3,2,3,2,3,2,3,2,3,2,3,2,3,2,3,2,3
P007004,0.9,padrao_1,ativo,49,3,3,2,3,2,2,3,2,3,2,3,2,3,2,3,2,3,2,3,2
P001870,0.9,padrao_1,moderado,53,3,3,2,3,2,3,2,3,3,2,2,3,2,3,3,2,3,3,2,3
P004242,0.9,padrao_1,moderado,48,3,3,2,3,2,3,2,3,2,3,2,3,3,2,2,3,3,2,3,2
P006514,0.9,padrao_1,sedentário,47,3,2,3,2,3,2,3,2,3,2,3,1,3,2,3,2,3,1,3,2
P007130,0.9,padrao_1,moderado,51,2,3,3,2,2,3,1,3,3,2,1,3,2,2,3,2,3,3,2,1
P002194,0.9,padrao_1,ativo,44,3,3,2,2,3,2,4,3,2,3,4,2,3,2,3,3,4,2,3,2
P001018,0.9,padrao_1,moderado,46,3,2,3,2,3,3,2,3,2,3,2,3,1,2,3,2,3,2,3,2
P004469,0.9,padrao_1,moderado,50,3,3,2,4,3,2,3,3,2,3,4,3,3,2,2,3,4,3,2,3
P001618,0.9,padrao_1,moderado,51,3,3,2,2,3,2,4,3,2,3,2,3,4,3,2,3,2,3,2,3
P002856,0.9,padrao_1,sedentário,55,3,3,2,4,3,2,3,3,4,2,3,2,3,4,2,3,3,4,2,3
P006765,0.9,padrao_1,ativo,46,3,4,3,2,3,3,4,2,3,2,4,3,3,2,4,3,2,3,4,2
P006338,0.9,padrao_1,moderado,48,3,2,3,2,3,2,2,3,3,2,3,2,2,3,4,2,3,2,3,4
P009600,0.9,padrao_1,sedentário,54,3,2,3,4,3,2,3,2,4,3,2,3,4,3,2,4,3,2,4,3
P001533,0.9,padrao_1,moderado,47,3,3,2,3,2,3,2,3,2,3,3,2,3,2,3,3,2,3,2,3
P002671,0.9,padrao_1,moderado,48,3,3,2,2,4,3,3,2,2,3,3,4,2,3,2,3,4,3,4,2
P001230,0.9,padrao_1,ativo,53,3,4,2,3,2,3,4,2,3,4,2,3,2,3,4,2,3,4,2,3
P003006,0.9,padrao_1,moderado,50,3,3,2,3,3,2,3,2,3,2,2,3,2,3,4,2,3,2,3,3
P000359,0.9,padrao_1,moderado,53,3,2,4,3,2,3,2,4,3,2,3,2,4,3,2,3,4,2,3,2
P008728,0.9,padrao_1,moderado,49,3,2,3,2,3,2,3,2,3,2,3,2,3,2,3,2,3,2,3,2
P001628,0.9,padrao_1,moderado,53,3,3,2,4,3,2,3,4,3,2,3,3,4,2,3,2,4,3,2,3
P009206,0.9,padrao_1,ativo,47,3,3,2,3,2,3,2,3,2,4,3,2,3,2,3,3,2,3,2,4
P001687,0.9,padrao_1,moderado,51,3,3,2,3,2,3,4,3,2,3,2,4,2,3,2,3,3,2,3,2
P005117,0.9,padrao_1,moderado,50,3,3,2,3,2,3,2,3,2,3,2,3,2,3,2,3,2,3,2,3
P007835,0.9,padrao_1,moderado,53,3,3,2,3,2,3,2,2,4,3,3,2,3,3,2,3,2,4,2,3
P008511,0.9,padrao_1,sedentário,46,3,3,2,2,3,2,3,3,2,2,3,2,3,2,3,3,2,3,2,3
P002842,0.9,padrao_1,moderado,49,3,2,3,2,3,2,3,2,3,2,3,2,3,2,3,4,2,3,2,3
P003019,0.9,padrao_1,moderado,46,3,3,2,2,3,3,2,3,2,2,3,2,3,2,3,3,2,3,2,3
P004792,0.9,padrao_1,moderado,48,3,2,3,2,4,3,2,3,2,3,3,2,4,3,2,3,2,4,3,2
P002224,0.9,padrao_1,moderado,49,3,3,2,3,2,2,3,2,3,2,3,2,2,3,2,3,2,3,3,2
P004467,0.9,padrao_1,moderado,51,3,4,3,2,3,3,2,4,3,2,3,4,2,3,3,2,3,4,2,3
P009310,0.9,padrao_1,moderado,49,3,2,3,2,3,2,3,2,3,2,3,2,3,2,3,2,3,2,3,2
P010755,0.9,padrao_1,sedentário,55,3,2,3,3,2,3,2,2,3,2,4,3,3,2,3,2,3,4,2,3
P002014,0.9,padrao_1,moderado,50,2,3,3,2,3,2,2,3,3,2,2,3,3,2,3,3,2,3,2,3
P000247,0.9,padrao_1,moderado,46,3,2,2,3,2,3,2,3,2,3,4,2,3,2,3,4,2,3,2,3
P009280,0.9,padrao_1,moderado,43,3,3,2,3,4,3,2,3,2,3,4,3,2,3,4,4,3,2,3,4
P001828,0.9,padrao_1,moderado,49,3,3,2,3,2,2,3,2,3,2,3,2,3,2,3,2,3,2,3,2
P004404,0.9,padrao_1,moderado,52,3,3,2,3,2,3,2,3,3,2,2,3,2,3,2,3,2,3,2,3
P004048,0.9,padrao_1,moderado,54,2,3,2,3,2,3,2,2,3,3,2,2,3,3,2,2,3,3,2,2
P004977,0.9,padrao_1,moderado,58,3,3,2,3,2,4,3,2,3,3,2,4,3,3,2,3,4,3,2,3
P000812,0.9,padrao_1,ativo,52,3,3,2,3,2,3,2,3,3,2,2,3,2,3,2,3,2,3,2,3
P008608,0.9,padrao_1,moderado,47,3,3,2,3,2,3,2,3,2,2,3,3,2,2,3,2,3,2,3,2
P004266,0.9,padrao_1,moderado,46,3,4,3,2,3,2,3,2,3,2,3,2,3,2,4,3,2,4,3,2
P004314,0.9,padrao_1,ativo,57,3,3,2,4,2,3,4,2,3,4,2,3,3,4,2,3,4,2,3,4
P001141,0.9,padrao_1,moderado,52,3,3,2,2,3,2,3,3,2,1,2,3,2,3,2,2,3,3,2,3
P003723,0.9,padrao_1,moderado,54,2,3,2,3,2,2,3,2,3,2,2,3,3,2,2,3,2,3,2,3
P002811,0.9,padrao_1,ativo,48,3,3,2,4,3,2,3,4,2,3,2,4,3,2,3,4,3,2,3,4
P010676,0.9,padrao_1,ativo,44,3,4,3,2,4,3,2,3,1,4,3,2,4,3,2,3,2,4,3,2
P003444,0.9,padrao_1,moderado,44,3,3,2,4,3,2,3,3,2,4,3,2,3,3,4,3,2,3,4,3
P004723,0.9,padrao_1,moderado,54,3,4,3,2,3,4,2,3,4,3,2,4,3,3,2,3,4,2,3,4
P001345,0.9,padrao_1,sedentário,41,3,4,2,3,3,2,3,4,2,3,4,3,3,2,4,3,2,3,4,3
P006674,0.9,padrao_1,moderado,49,3,2,3,2,3,3,2,2,3,2,3,2,3,2,3,2,3,2,3,2
P002446,0.9,padrao_1,moderado,53,2,3,3,2,3,4,3,2,3,2,3,3,2,4,2,3,3,2,3,2
P009435,0.9,padrao_1,moderado,52,3,3,2,4,3,2,3,2,3,2,4,3,2,3,2,3,4,2,3,4
P009669,0.9,padrao_1,moderado,54,3,3,4,3,2,3,4,3,2,3,2,3,4,3,2,4,3,2,3,3
P003205,0.9,padrao_1,sedentário,56,3,3,4,2,3,4,3,2,4,3,2,3,4,2,3,3,4,2,3,4
P003672,0.9,padrao_1,moderado,51,3,2,4,2,3,2,3,2,4,3,2,3,4,2,3,4,3,2,3,2
P004857,0.9,padrao_1,moderado,51,3,3,4,2,3,3,4,2,3,2,3,4,2,3,4,3,2,3,4,3
P001134,0.9,padrao_1,moderado,50,2,3,2,3,2,3,2,2,3,2,3,2,3,2,3,2,3,2,3,2
P003163,0.9,padrao_1,moderado,47,3,3,2,2,3,2,3,2,3,2,3,2,3,2,3,2,3,2,3,2
P004648,0.9,padrao_1,moderado,51,3,2,3,4,3,2,3,2,3,2,4,3,2,3,4,3,2,3,2,3
P010024,0.9,padrao_1,moderado,48,3,3,2,3,2,2,3,2,3,2,3,2,3,1,2,3,3,2,3,2
P007522,0.9,padrao_1,moderado,52,3,4,2,3,3,4,2,3,3,4,2,3,4,3,2,4,3,4,2,3
P003800,0.9,padrao_1,moderado,51,3,2,3,2,2,3,2,3,3,2,3,2,2,3,2,3,3,2,2,3
P006572,0.9,padrao_1,moderado,49,3,3,2,2,3,2,3,2,3,2,3,2,4,3,2,3,3,2,3,2
P001129,0.9,padrao_1,moderado,48,3,3,2,4,3,4,2,3,2,3,3,2,4,3,2,4,3,3,4,2
P004574,0.9,padrao_1,moderado,55,3,2,3,4,3,2,4,2,3,3,2,1,3,4,2,3,4,2,3,3
P002945,0.9,padrao_1,moderado,51,3,2,3,3,2,3,2,3,2,2,3,3,2,3,3,3,2,3,2,3
P006980,0.9,padrao_1,moderado,52,3,2,3,2,4,2,3,2,4,3,2,3,3,4,2,3,2,3,4,3
P005211,0.9,padrao_1,moderado,49,3,3,2,3,2,3,2,2,2,3,2,3,3,2,3,2,3,2,3,2
P004270,0.9,padrao_1,sedentário,53,3,2,3,4,3,2,3,4,2,3,3,2,3,4,2,3,3,4,2,3
P003689,0.9,padrao_1,moderado,55,3,2,3,3,2,4,2,3,2,3,3,2,4,3,2,3,3,4,2,3
P003095,0.9,padrao_1,moderado,53,3,3,4,2,3,3,2,3,4,2,3,3,2,4,3,2,3,4,3,2
P008930,0.9,padrao_1,moderado,48,3,3,2,4,2,3,2,3,2,4,2,3,3,2,3,4,2,3,2,3
P004744,0.9,padrao_1,ativo,47,3,4,3,2,4,3,2,4,3,2,3,4,2,3,2,4,3,4,3,2
P000602,0.9,padrao_1,moderado,52,3,3,2,3,2,4,3,3,2,3,2,4,3,2,3,3,2,3,2,3
P008839,0.9,padrao_1,moderado,59,3,2,4,3,2,3,4,2,3,4,2,3,4,2,3,2,4,3,2,3
P007963,0.9,padrao_1,moderado,52,3,2,3,3,2,3,2,3,2,3,2,3,2,3,2,3,2,3,2,3
P010713,0.9,padrao_1,moderado,49,3,3,2,4,3,3,2,4,2,3,3,2,4,3,2,3,4,2,3,3
P000650,0.9,padrao_1,ativo,45,3,3,2,2,3,2,4,3,2,3,4,3,2,3,2,3,3,2,4,3
P005173,0.9,padrao_1,sedentário,50,3,4,3,2,3,4,2,3,2,3,4,2,3,4,3,2,4,3,2,3
P008893,0.9,padrao_1,sedentário,49,3,3,2,2,3,2,3,2,3,2,3,3,2,3,2,2,3,2,3,2
P000071,0.9,padrao_1,moderado,54,3,3,4,2,2,3,3,2,4,2,3,3,2,4,2,3,3,2,3,2
P000098,0.9,padrao_1,ativo,48,3,2,3,2,4,3,2,3,2,4,3,2,4,3,3,2,4,3,3,2
P009482,0.9,padrao_1,moderado,44,3,3,2,2,3,2,3,3,2,3,2,3,2,2,3,3,2,3,3,2
P000102,0.9,padrao_1,moderado,50,3,2,2,3,2,2,3,3,2,2,3,3,2,2,3,1,2,3,2,2
P006048,0.9,padrao_1,moderado,54,3,2,3,4,3,2,3,2,4,3,2,3,4,2,3,3,4,2,4,3
P000397,0.9,padrao_1,moderado,51,2,3,2,3,2,3,2,3,2,3,2,3,2,3,2,3,2,3,2,3
P010575,0.9,padrao_1,sedentário,42,3,4,2,3,3,2,4,3,2,3,4,2,1,2,3,4,3,2,3,4
P008243,0.9,padrao_1,ativo,53,3,2,4,3,3,2,4,3,2,3,3,4,2,3,4,2,3,3,2,3
P000799,0.9,padrao_1,moderado,48,3,2,2,3,2,3,2,3,2,3,2,3,2,3,2,4,3,2,3,2
P001408,0.9,padrao_1,ativo,50,3,3,2,2,3,2,3,2,3,2,2,3,2,3,3,4,3,3,2,3
P005340,0.9,padrao_1,ativo,47,3,3,2,3,2,3,2,4,2,3,2,3,3,2,3,3,2,4,3,2
P003546,0.9,padrao_1,moderado,50,3,3,2,3,4,2,3,2,4,3,2,3,2,4,3,2,3,2,4,3
P007187,0.9,padrao_1,moderado,47,3,3,2,3,3,2,2,3,2,3,2,3,2,3,2,2,3,2,3,2
P005539,0.9,padrao_1,moderado,52,3,3,2,3,2,4,3,2,3,2,3,4,2,3,2,3,2,3,4,2
P000655,0.9,padrao_1,moderado,48,3,3,2,3,2,3,4,3,2,3,2,3,2,3,4,3,2,3,3,2
P004053,0.9,padrao_1,moderado,52,3,4,3,2,3,4,3,2,4,3,2,3,4,2,3,4,3,2,3,4
P007061,0.9,padrao_1,moderado,48,3,3,2,2,3,3,2,3,2,2,3,3,2,3,2,3,3,2,2,3
P006070,0.9,padrao_1,moderado,52,3,3,2,3,2,3,3,2,2,3,2,3,2,3,2,3,2,3,2,3
P002535,0.9,padrao_1,sedentário,52,3,2,3,3,2,3,4,2,3,4,2,3,2,3,4,2,3,2,4,3
P007032,0.9,padrao_1,moderado,52,3,2,4,2,3,2,3,1,3,2,4,3,2,4,1,3,2,3,4,2
P005214,0.9,padrao_1,moderado,48,3,4,3,2,4,3,2,3,4,3,2,3,4,2,3,4,3,2,3,4
P009771,0.9,padrao_1,ativo,48,3,3,2,3,2,3,2,3,2,3,2,3,2,3,3,2,3,2,3,2
P002066,0.9,padrao_1,sedentário,50,3,3,2,3,4,3,2,2,3,2,4,3,2,2,3,2,3,4,2,3
P000751,0.9,padrao_1,moderado,50,3,3,2,3,2,3,3,2,3,2,2,3,2,2,3,3,3,2,3,2
P000042,0.9,padrao_1,moderado,47,3,3,2,3,2,3,2,4,2,3,2,3,3,2,4,3,2,3,2,3
P010608,0.9,padrao_1,moderado,51,3,2,3,3,2,3,2,2,3,2,3,1,2,3,2,2,3,2,3,2
P009867,0.9,padrao_1,moderado,52,3,3,4,3,2,3,4,3,2,3,2,3,4,2,3,4,3,2,3,3
P007671,0.9,padrao_1,moderado,49,3,3,4,2,3,2,4,3,2,4,3,2,4,3,2,4,3,2,3,4
P002455,0.9,padrao_1,moderado,50,3,4,2,3,4,3,4,2,3,4,2,3,4,2,3,2,4,3,4,2
P002260,0.9,padrao_1,moderado,55,3,2,3,2,2,3,2,3,4,3,2,3,2,3,2,3,4,3,2,3
P000739,0.9,padrao_1,moderado,51,3,3,2,3,2,2,3,2,3,2,4,3,2,3,2,3,3,2,3,4
P007986,0.9,padrao_1,moderado,46,3,3,2,3,2,3,2,3,2,4,3,2,3,3,2,4,3,2,3,3
P008221,0.9,padrao_1,moderado,50,3,3,2,3,2,3,2,3,2,3,2,3,2,3,2,3,2,3,2,3
P005237,0.9,padrao_1,moderado,47,3,3,2,2,3,3,2,3,2,3,2,3,2,3,1,3,3,2,3,2
P009548,0.9,padrao_1,moderado,52,3,3,2,3,2,3,2,2,3,3,2,3,3,2,2,3,3,2,2,3
P001425,0.9,padrao_1,moderado,52,3,2,3,2,3,2,3,2,3,2,3,3,2,3,2,3,2,3,2,3
P007901,0.9,padrao_1,moderado,49,3,3,2,3,2,2,3,2,3,2,3,2,3,2,3,2,3,2,3,2
P000505,0.9,padrao_1,moderado,47,3,3,2,3,3,2,3,2,3,3,2,2,3,2,3,3,2,3,3,2
P000805,0.9,padrao_1,moderado,57,3,2,3,2,3,4,3,2,3,2,3,2,4,3,2,3,4,3,2,3
P003516,0.9,padrao_1,moderado,53,3,4,3,4,3,3,4,2,3,2,3,4,2,3,4,2,3,3,4,3
P003758,0.9,padrao_1,moderado,45,3,3,2,2,4,3,2,3,3,2,3,2,4,2,3,3,2,3,4,3
P005799,0.9,padrao_1,moderado,52,3,3,2,4,2,3,3,2,2,4,3,3,2,4,3,2,3,2,3,4
P001990,0.9,padrao_1,moderado,52,3,3,2,4,2,3,2,4,3,2,3,4,2,3,3,2,4,2,3,3
P003913,0.9,padrao_1,moderado,49,3,3,3,2,3,3,2,3,3,2,3,2,3,2,3,2,3,3,2,2
P003419,0.9,padrao_1,ativo,55,3,2,3,2,3,2,3,2,4,3,2,3,3,2,3,2,4,3,2,3
P004289,0.9,padrao_1,moderado,52,3,3,2,3,2,3,2,3,2,3,2,3,4,3,2,3,2,3,2,3
P004947,0.9,padrao_1,moderado,51,3,2,3,2,3,3,2,3,3,2,2,3,3,2,3,2,3,2,3,3
P004778,0.9,padrao_1,moderado,50,3,3,2,3,2,2,3,2,2,3,2,3,2,3,2,4,3,2,3,4
P002282,0.9,padrao_1,moderado,54,3,2,3,2,3,4,3,2,3,2,3,3,2,4,3,2,3,2,3,3
P004414,0.9,padrao_1,moderado,52,3,3,2,3,2,3,3,2,3,2,3,2,2,3,2,3,2,3,2,3
P005672,0.9,padrao_1,sedentário,50,3,2,3,2,3,3,2,3,2,3,2,2,3,3,2,3,2,3,2,3
P005329,0.9,padrao_1,moderado,48,3,3,2,2,3,2,3,3,2,3,2,3,3,2,2,3,2,3,2,3
P004102,0.9,padrao_1,moderado,48,3,3,2,2,4,3,2,3,4,2,3,3,2,4,3,2,3,2,4,3
P009125,0.9,padrao_1,moderado,48,3,2,2,3,2,3,2,3,2,3,2,2,3,2,3,2,2,3,3,2
P010584,0.9,padrao_1,moderado,49,3,3,2,3,3,2,3,2,2,3,2,3,3,2,3,3,2,3,2,3
P001132,0.9,padrao_1,moderado,49,3,3,2,2,2,3,2,3,2,3,2,3,2,3,2,3,2,3,2,3
P004094,0.9,padrao_1,moderado,51,3,2,3,2,3,2,4,2,3,2,3,2,3,3,2,3,2,3,3,2
P010627,0.9,padrao_1,moderado,47,3,3,2,3,2,3,2,3,2,3,2,3,2,2,3,2,3,2,3,2
P004797,0.9,padrao_1,moderado,48,3,3,2,4,3,3,2,4,2,3,4,3,2,3,2,3,4,2,3,4
P002839,0.9,padrao_1,moderado,48,3,2,2,3,2,3,2,4,2,3,2,3,3,2,4,3,2,3,2,3
P006914,0.9,padrao_1,moderado,49,3,3,2,3,2,3,2,3,3,2,3,2,3,2,3,3,2,3,2,3
P006508,0.9,padrao_1,moderado,55,3,2,2,3,3,2,4,2,3,3,2,3,2,3,2,3,4,3,2,3
P005359,0.9,padrao_1,moderado,49,3,3,2,2,3,2,3,4,2,3,3,2,4,3,2,3,3,4,2,3
P003043,0.9,padrao_1,moderado,51,3,3,2,4,3,2,3,2,3,4,2,3,2,3,2,3,4,2,3,3
P001798,0.9,padrao_1,moderado,48,3,3,2,2,3,3,2,2,3,3,2,2,2,3,2,3,3,2,3,3
P000107,0.9,padrao_1,moderado,49,3,3,2,3,2,2,3,3,2,3,2,3,2,3,3,3,2,3,2,3
P007832,0.9,padrao_1,moderado,49,3,2,2,3,3,2,2,3,2,3,2,3,2,3,2,3,2,3,2,3
P000407,0.9,padrao_1,moderado,47,3,2,3,2,3,2,3,2,2,3,3,2,3,2,3,2,3,2,3,2
P009425,0.9,padrao_1,moderado,50,3,3,2,3,2,3,2,3,2,3,2,3,4,3,2,3,3,2,3,2
P008508,0.9,padrao_1,moderado,49,3,2,3,2,3,2,3,1,3,2,3,2,3,1,3,2,3,2,3,2
P008368,0.9,padrao_1,moderado,57,3,3,2,3,2,4,3,2,3,2,3,4,2,3,3,2,4,3,2,3
P004431,0.9,padrao_1,moderado,54,3,2,3,3,2,3,2,3,4,2,3,2,4,3,2,3,4,2,3,2
P008454,0.9,padrao_1,moderado,48,2,3,2,2,3,2,3,2,3,2,3,2,3,2,3,2,3,2,3,2
P010481,0.9,padrao_1,moderado,53,3,4,3,2,3,2,3,2,3,2,3,4,2,3,3,2,4,3,3,4
P002934,0.9,padrao_1,moderado,48,3,3,2,3,2,3,2,3,2,3,2,3,3,2,3,2,3,2,3,2
P006781,0.9,padrao_1,moderado,57,3,3,2,3,2,3,4,2,3,2,3,4,3,2,3,2,3,4,2,3
P010359,0.9,padrao_1,sedentário,46,3,4,3,2,3,4,2,3,2,4,3,2,3,4,2,3,2,3,4,3
P002319,0.9,padrao_1,moderado,50,3,3,2,3,2,3,2,4,2,3,2,3,2,3,2,3,3,3,2,3
P001409,0.9,padrao_1,moderado,50,2,3,2,2,3,2,3,2,3,2,3,2,3,2,2,3,2,3,2,3
P000971,0.9,padrao_1,moderado,48,3,2,2,3,3,2,2,3,2,3,4,3,2,3,2,3,2,3,2,4
P010598,0.9,padrao_1,moderado,47,3,3,2,3,4,2,3,2,4,3,2,3,1,2,3,4,2,3,3,4
P001380,0.9,padrao_1,moderado,49,3,3,2,4,2,3,1,2,3,2,3,1,4,3,2,3,2,3,4,2
P004009,0.9,padrao_1,moderado,50,3,3,2,3,2,3,2,3,2,3,2,3,2,3,2,3,2,3,2,3
P001580,0.9,padrao_1,moderado,54,3,3,2,3,2,4,3,2,3,3,2,4,2,3,2,4,3,2,3,4
P000665,0.9,padrao_1,moderado,44,3,2,3,2,4,3,2,3,2,3,4,2,3,3,2,4,3,2,4,3
P003935,0.9,padrao_1,moderado,55,3,2,3,4,2,3,2,4,3,2,4,3,2,3,2,3,4,3,2,4
P005550,0.9,padrao_1,moderado,48,3,3,2,3,2,3,2,3,2,3,2,3,2,3,3,2,3,2,3,2
P002302,0.9,padrao_1,moderado,50,3,3,2,4,2,3,2,3,2,4,2,3,4,3,2,3,2,3,4,3
P003148,0.9,padrao_1,moderado,44,3,2,3,2,4,2,3,3,2,3,4,2,3,3,2,4,3,2,3,2
P003476,0.9,padrao_1,moderado,55,3,3,4,3,2,4,3,2,3,4,2,3,4,3,2,3,3,2,4,3
P002722,0.9,padrao_1,moderado,49,3,3,2,3,2,2,3,2,3,4,2,3,2,3,3,2,3,2,3,2
P006962,0.9,padrao_1,moderado,50,3,3,2,3,2,3,2,2,3,2,3,2,3,2,3,3,2,3,2,3
P004514,0.9,padrao_1,ativo,43,3,4,3,2,3,4,2,3,2,3,4,3,2,3,4,3,2,3,4,3
P006956,0.9,padrao_1,moderado,53,3,3,2,2,3,3,2,2,3,3,2,2,3,4,2,2,3,3,2,3
P003561,0.9,padrao_1,moderado,51,3,3,2,3,3,2,4,2,3,3,2,3,3,2,3,2,3,2,3,3
P005940,0.9,padrao_1,moderado,48,3,3,2,4,3,3,2,4,2,3,3,2,4,3,2,4,3,2,3,4
P004134,0.9,padrao_1,moderado,54,3,2,3,2,4,3,2,3,4,3,2,3,2,4,3,2,4,3,2,3
P002938,0.9,padrao_1,ativo,49,2,3,2,3,2,2,3,3,2,3,3,2,2,3,2,3,2,3,2,3
P003617,0.9,padrao_1,moderado,54,3,4,3,2,4,3,4,2,3,3,2,4,3,3,2,4,3,4,2,3
P004110,0.9,padrao_1,moderado,49,3,2,3,2,3,2,3,2,3,2,3,2,3,2,3,2,3,2,3,2
P004091,0.9,padrao_1,moderado,52,3,2,3,2,3,3,2,2,3,2,3,2,3,3,2,3,2,3,2,3
P010275,0.9,padrao_1,moderado,49,3,2,3,2,3,2,3,2,3,2,3,2,3,2,3,2,3,2,3,2
P008225,0.9,padrao_1,moderado,48,3,3,2,2,3,3,2,3,2,3,2,3,2,3,1,2,3,2,3,2
P005391,0.9,padrao_1,ativo,55,3,2,3,2,3,2,4,3,3,2,3,4,2,3,3,2,4,3,2,3
P008144,0.9,padrao_1,moderado,54,3,4,3,2,3,2,3,2,4,3,2,3,4,2,3,2,3,4,2,3
P001648,0.9,padrao_1,moderado,51,3,2,3,2,3,2,3,2,3,2,3,2,2,3,2,3,2,3,2,3
P002271,0.9,padrao_1,moderado,48,3,4,3,2,3,2,3,4,2,3,3,4,2,3,2,4,3,3,2,4
P005111,0.9,padrao_1,moderado,47,3,3,2,2,3,2,3,2,2,3,2,3,2,3,3,2,3,2,3,2
P000344,0.9,padrao_1,moderado,52,3,3,2,3,2,2,3,2,3,3,2,3,2,3,2,3,3,2,2,3
P004798,0.9,padrao_1,moderado,53,3,4,3,2,3,2,3,4,3,2,2,3,4,3,2,3,4,3,2,3
P005593,0.9,padrao_1,moderado,47,3,4,3,2,3,3,2,4,3,2,3,4,3,2,3,4,3,2,3,4
P008987,0.9,padrao_1,sedentário,53,3,2,3,3,2,2,3,2,3,2,3,2,3,1,2,2,3,3,2,2
P000529,0.9,padrao_1,moderado,43,3,2,2,3,3,2,2,3,2,3,3,2,3,2,3,4,3,2,3,2
P003648,0.9,padrao_1,moderado,52,3,3,2,2,3,3,2,3,2,3,2,3,3,4,2,3,4,3,2,3
P000515,0.9,padrao_1,moderado,47,3,3,2,4,3,2,3,3,2,3,2,3,4,2,3,4,2,3,3,2
P005890,0.9,padrao_1,moderado,52,3,3,2,4,3,3,2,4,3,2,2,3,4,3,2,4,3,2,3,4
P002109,0.9,padrao_1,moderado,47,3,3,2,3,2,3,2,3,2,2,3,2,3,2,3,2,3,2,3,2
P005966,0.9,padrao_1,sedentário,48,3,3,2,4,3,3,2,4,3,2,4,3,2,3,4,2,3,4,3,2
P009392,0.9,padrao_1,moderado,51,3,4,3,3,2,3,4,2,3,3,4,2,3,4,3,3,2,4,3,2
P002236,0.9,padrao_1,moderado,49,3,3,2,3,2,3,2,3,2,3,2,4,3,3,2,4,3,2,4,3
P004897,0.9,padrao_1,moderado,48,3,2,3,2,2,3,2,3,2,3,2,2,3,2,3,2,3,2,3,2
P005142,0.9,padrao_1,sedentário,44,3,4,3,2,3,4,2,3,2,3,4,3,2,3,2,4,3,2,4,3
P007073,0.9,padrao_1,moderado,49,3,2,3,2,3,2,3,2,3,2,3,2,3,2,3,2,3,2,3,2
P000990,0.9,padrao_1,moderado,50,3,3,2,4,3,3,2,3,4,2,3,3,1,3,2,4,3,2,3,4
P009570,0.9,padrao_1,moderado,51,3,3,2,3,2,3,3,2,2,3,2,3,3,2,3,3,2,3,2,3
P010136,0.9,padrao_1,moderado,50,3,3,2,3,2,3,2,3,2,3,2,2,4,3,2,2,3,2,3,2
P009664,0.9,padrao_1,moderado,49,3,2,3,2,3,2,3,2,3,2,3,2,3,2,3,2,3,2,3,2
P001262,0.9,padrao_1,moderado,47,3,3,2,4,3,2,3,2,3,2,4,3,2,3,3,4,2,3,3,2
P006498,0.9,padrao_1,moderado,52,2,2,3,2,3,2,3,2,3,2,3,2,3,2,3,2,2,3,2,3
P000123,0.9,padrao_1,ativo,50,3,2,3,2,4,3,2,3,2,3,4,2,3,3,2,2,4,3,2,3
P006171,0.9,padrao_1,moderado,49,3,3,2,3,2,3,2,4,3,2,3,4,2,3,2,3,2,3,4,3
P008369,0.9,padrao_1,sedentário,52,3,3,2,3,2,3,2,2,3,3,2,3,2,3,2,3,2,4,3,3
P007417,0.9,padrao_1,moderado,48,3,3,2,3,3,2,3,2,2,3,3,2,2,3,2,3,3,2,2,3
P008311,0.9,padrao_1,moderado,50,3,3,2,3,2,3,2,3,2,3,2,3,2,3,2,3,4,2,3,3
P003341,0.9,padrao_1,moderado,45,3,3,2,2,3,2,3,3,2,2,3,3,2,2,3,2,3,2,3,2
P001358,0.9,padrao_1,moderado,51,3,2,3,2,3,3,2,3,2,3,2,3,3,2,3,2,3,3,2,3
P007648,0.9,padrao_1,moderado,50,3,2,2,3,3,2,3,2,3,3,2,2,3,3,2,3,3,2,3,2
P009708,0.9,padrao_1,moderado,48,3,3,2,3,3,2,2,3,2,3,2,3,2,3,3,2,3,2,2,3
P008827,0.9,padrao_1,sedentário,52,3,2,3,2,3,2,3,2,3,2,3,2,3,3,2,3,2,3,2,3
P003966,0.9,padrao_1,ativo,54,3,3,4,2,3,3,4,3,2,2,3,3,4,3,2,3,4,2,3,3
P003539,0.9,padrao_1,moderado,48,3,4,3,2,3,4,2,3,2,3,2,4,3,2,3,3,2,4,3,2
P002186,0.9,padrao_1,moderado,48,3,3,2,2,4,2,3,2,4,3,3,2,4,1,3,2,3,4,3,2
P006238,0.9,padrao_1,moderado,49,3,3,2,2,3,2,3,2,4,3,2,3,2,3,2,3,2,3,3,2
P008984,0.9,padrao_1,ativo,50,3,2,3,4,2,3,2,3,3,3,2,4,2,2,3,4,2,3,3,2
P010611,0.9,padrao_1,sedentário,44,3,4,3,2,4,3,4,3,2,4,3,2,3,4,3,4,3,2,4,3
P010492,0.9,padrao_1,moderado,50,2,3,2,3,3,2,2,3,3,2,3,2,3,2,3,2,3,3,2,3
P002998,0.9,padrao_1,moderado,50,3,2,3,2,3,2,3,2,3,2,2,3,2,3,2,3,2,2,3,2
P008655,0.9,padrao_1,moderado,49,3,3,2,4,3,3,2,3,2,4,3,2,3,4,3,2,3,4,3,2
P003310,0.9,padrao_1,ativo,48,3,3,2,3,2,3,2,3,2,3,2,3,2,3,2,3,2,3,3,2
P005210,0.9,padrao_1,moderado,49,3,3,2,3,2,3,2,4,2,3,3,2,2,4,3,2,3,3,2,3
P009086,0.9,padrao_1,moderado,49,3,3,2,2,3,3,2,2,3,2,3,2,3,2,2,4,3,3,2,3
P001299,0.9,padrao_1,moderado,49,3,3,2,2,3,2,3,2,4,3,2,2,3,3,2,2,3,1,3,2
P000972,0.9,padrao_1,ativo,51,3,3,2,4,3,2,3,2,4,3,3,2,3,4,3,4,2,3,2,3
P004180,0.9,padrao_1,moderado,51,3,2,4,3,2,3,2,4,3,2,4,3,2,3,4,2,3,4,3,2
P002754,0.9,padrao_1,ativo,50,3,3,4,3,4,2,3,4,2,3,3,4,2,3,4,3,4,3,2,4
P007163,0.9,padrao_1,moderado,50,3,3,2,2,3,2,3,2,3,2,3,2,3,3,2,3,2,3,2,3
P003464,0.9,padrao_1,moderado,54,3,3,2,3,2,4,3,2,4,3,2,3,2,3,4,2,3,4,3,2
P007134,0.9,padrao_1,moderado,48,2,3,2,3,2,3,2,3,2,2,3,2,3,2,3,2,3,2,3,2
P007952,0.9,padrao_1,sedentário,44,3,2,3,2,4,3,2,3,2,3,4,3,2,3,2,4,3,2,4,3
P000982,0.9,padrao_1,moderado,50,3,3,2,3,2,3,2,3,2,3,2,3,2,4,3,3,2,3,2,3
P006082,0.9,padrao_1,sedentário,47,3,2,3,2,4,3,2,3,4,3,4,2,3,2,3,3,2,4,3,3
P003848,0.9,padrao_1,moderado,51,2,3,2,3,2,3,2,3,2,3,2,3,2,3,2,3,2,3,2,3
P004367,0.9,padrao_1,moderado,50,3,3,2,2,3,2,3,2,3,3,2,3,3,2,2,3,2,3,2,3
P002969,0.9,padrao_1,moderado,50,3,2,3,2,3,2,3,2,2,3,2,3,3,1,2,3,2,3,2,3
P001818,0.9,padrao_1,moderado,47,3,3,2,2,3,3,2,3,2,2,3,2,3,3,2,2,2,3,3,2
P007525,0.9,padrao_1,moderado,51,3,3,2,2,3,2,3,2,4,3,2,3,2,3,3,2,3,2,2,3
P007033,0.9,padrao_1,moderado,48,3,3,2,3,2,3,2,3,2,2,3,3,2,3,2,3,2,3,3,2
P005710,0.9,padrao_1,sedentário,48,3,3,2,4,3,2,4,3,2,3,2,4,3,2,3,4,3,2,4,3
P007719,0.9,padrao_1,moderado,50,3,3,2,3,2,3,2,4,3,2,3,3,2,4,3,2,3,2,3,3
P009882,0.9,padrao_1,moderado,50,3,3,2,3,2,3,2,3,2,3,2,3,2,3,2,3,2,3,2,3
P007641,0.9,padrao_1,moderado,49,3,2,3,2,3,3,2,3,3,2,3,2,3,2,3,3,2,3,2,3
P003713,0.9,padrao_1,sedentário,47,3,3,2,3,2,2,3,4,2,3,3,2,4,2,3,3,2,3,2,3
P004961,0.9,padrao_1,moderado,52,3,2,3,2,3,2,3,2,3,2,3,2,3,3,2,3,2,3,2,3
P002773,0.9,padrao_1,moderado,45,3,3,2,2,3,2,3,2,2,3,2,3,1,2,3,2,3,2,3,2
P008625,0.9,padrao_1,sedentário,49,3,3,3,2,3,2,3,2,3,2,3,3,2,1,3,2,3,3,2,2
P006262,0.9,padrao_1,moderado,50,3,2,3,3,2,3,2,3,2,3,2,3,2,3,2,3,3,2,3,2
P002877,0.9,padrao_1,moderado,50,3,3,2,3,2,3,2,3,2,2,3,3,2,3,2,3,2,3,2,3
P002377,0.9,padrao_1,moderado,52,3,3,2,3,2,4,3,2,3,4,2,3,4,2,3,3,2,4,3,2
P008589,0.9,padrao_1,moderado,52,3,3,2,3,2,3,2,3,4,2,3,2,3,2,3,2,3,3,2,3
P001975,0.9,padrao_1,moderado,48,3,3,2,4,3,3,2,4,3,4,3,2,3,4,3,3,2,4,3,3
P006393,0.9,padrao_1,ativo,50,3,3,2,4,3,2,3,2,3,2,4,3,2,3,2,4,3,2,3,4
P006966,0.9,padrao_1,moderado,50,3,2,3,2,3,2,3,2,3,3,2,2,3,1,2,3,2,3,2,3
P006475,0.9,padrao_1,moderado,50,3,3,2,3,2,3,2,3,2,3,2,3,2,3,2,3,2,3,2,3
P005067,0.9,padrao_1,moderado,56,3,2,3,2,3,2,4,2,3,2,3,4,3,2,3,2,4,3,2,3
P007957,0.9,padrao_1,moderado,51,2,3,2,2,3,3,2,2,3,2,3,3,2,3,2,3,2,3,2,3
P004151,0.9,padrao_1,moderado,52,3,4,3,2,4,3,3,2,4,3,2,4,3,2,3,2,4,3,4,3
P005148,0.9,padrao_1,moderado,55,3,3,2,4,3,2,3,2,3,2,3,4,2,3,3,2,4,3,2,3
P010108,0.9,padrao_1,sedentário,55,3,4,3,2,3,4,3,2,4,3,2,3,4,3,2,3,4,3,4,3
P000538,0.9,padrao_1,moderado,49,3,2,2,3,3,2,2,3,3,2,2,3,3,2,3,2,3,2,3,2
P009841,0.9,padrao_1,moderado,53,3,2,4,2,3,2,4,2,3,2,3,2,4,3,2,3,2,3,4,3
P010525,0.9,padrao_1,sedentário,51,3,2,3,4,3,2,3,3,2,3,2,4,3,2,3,3,2,4,3,2
P007364,0.9,padrao_1,moderado,57,3,3,2,3,2,4,3,2,4,3,2,3,2,3,3,2,4,3,2,3
P004821,0.9,padrao_1,moderado,48,3,2,3,2,3,2,2,3,2,3,1,2,4,2,3,2,3,2,3,2
P001105,0.9,padrao_1,moderado,56,3,3,4,3,2,3,3,2,4,3,4,3,2,3,3,2,4,3,2,3
P002987,0.9,padrao_1,ativo,52,3,3,4,2,3,3,4,2,3,4,3,2,4,3,2,4,3,4,3,2
P010729,0.9,padrao_1,ativo,49,3,3,2,3,2,3,2,3,2,3,2,3,2,4,3,2,3,2,4,3
P007292,0.9,padrao_1,moderado,47,3,3,2,3,2,3,2,3,2,3,2,3,2,3,2,4,2,3,3,2
P000128,0.9,padrao_1,moderado,53,3,3,2,3,2,2,3,2,3,2,2,3,2,3,2,2,3,2,3,3
P000544,0.9,padrao_1,sedentário,45,3,4,3,2,3,4,2,3,3,2,4,3,3,2,4,3,2,3,4,3
P003001,0.9,padrao_1,moderado,50,3,3,2,3,3,2,3,2,3,3,2,2,3,4,3,2,3,2,3,2
P008081,0.9,padrao_1,moderado,48,3,3,2,3,2,3,2,3,2,3,1,2,3,2,3,2,3,2,3,2
P000030,0.9,padrao_1,moderado,48,3,2,3,2,3,2,4,3,2,4,3,2,3,3,2,2,3,2,4,3
P000097,0.9,padrao_1,moderado,49,3,2,3,2,3,2,3,4,3,2,3,2,3,4,3,2,3,2,3,2
P000016,0.9,padrao_1,moderado,46,3,3,2,3,2,3,2,3,2,4,3,2,3,1,3,2,4,2,3,3
P007223,0.9,padrao_1,moderado,48,3,3,2,2,3,3,2,3,2,3,2,2,3,2,3,2,3,3,2,3
P009239,0.9,padrao_1,moderado,49,3,3,2,2,3,2,3,2,2,3,2,3,2,3,2,2,3,2,3,3
P005176,0.9,padrao_1,moderado,53,3,4,3,2,3,4,3,2,3,4,3,2,3,4,2,3,4,3,2,3
P001671,0.9,padrao_1,moderado,50,3,3,2,3,2,3,2,3,3,2,3,2,3,4,2,3,2,3,3,2
P006040,0.9,padrao_1,ativo,45,3,3,2,4,3,3,2,3,2,4,3,2,3,2,3,4,2,3,3,4
P006468,0.9,padrao_1,moderado,45,3,3,2,3,2,3,2,3,2,3,4,2,3,2,3,2,3,2,4,3
P010266,0.9,padrao_1,ativo,50,3,3,2,4,3,4,2,3,2,4,3,2,3,4,3,2,3,4,3,2
P005300,0.9,padrao_1,moderado,50,3,2,3,3,2,3,2,4,3,2,3,2,3,2,3,1,2,3,3,2
P003589,0.9,padrao_1,moderado,52,3,3,2,3,2,2,3,2,3,3,2,3,2,3,2,3,2,3,2,3
P010105,0.9,padrao_1,moderado,45,3,3,2,4,3,3,2,3,2,4,3,2,3,3,4,2,3,2,4,3
P007725,0.9,padrao_1,moderado,51,3,2,3,2,3,2,3,2,3,2,2,3,3,2,3,2,3,2,3,2
P004081,0.9,padrao_1,moderado,48,3,2,3,3,2,3,2,4,2,3,3,2,3,2,3,2,3,2,3,3
P002402,0.9,padrao_1,moderado,52,3,2,3,3,2,3,2,3,2,3,2,3,2,3,2,3,2,3,2,3
P001319,0.9,padrao_1,moderado,45,3,3,2,3,2,3,2,4,3,2,3,3,2,3,4,3,2,3,4,2
P009180,0.9,padrao_1,ativo,50,3,4,3,2,3,4,3,2,3,2,4,3,2,3,4,2,3,4,3,2
P005951,0.9,padrao_1,moderado,48,3,3,2,3,2,3,2,3,2,3,2,3,3,2,3,2,3,2,3,2
P007424,0.9,padrao_1,sedentário,46,3,3,4,2,3,2,3,4,2,3,3,4,2,3,4,3,2,4,3,2
P008983,0.9,padrao_1,moderado,50,2,3,2,3,2,3,2,3,2,3,2,2,3,2,2,1,3,2,3,2
P002792,0.9,padrao_1,ativo,46,3,3,2,3,2,2,3,2,3,4,3,2,2,3,4,3,2,4,3,2
P002120,0.9,padrao_1,moderado,51,3,3,2,4,3,3,2,3,2,2,3,4,3,2,3,3,2,4,2,3
P000289,0.9,padrao_1,moderado,49,3,2,3,2,3,2,3,2,3,2,3,2,3,2,3,2,3,2,3,2
P000891,0.9,padrao_1,moderado,51,3,3,2,3,2,3,2,3,3,2,2,4,3,2,3,2,3,2,3,2
P001498,0.9,padrao_1,moderado,40,3,4,3,2,4,3,2,3,2,4,3,2,3,2,4,3,3,2,4,3
P008837,0.9,padrao_1,moderado,49,3,3,2,2,3,2,3,2,2,3,2,3,2,3,2,3,2,3,2,3
P006849,0.9,padrao_1,moderado,52,3,2,2,3,2,2,3,3,2,3,2,3,2,3,2,2,3,4,3,2
P001679,0.9,padrao_1,moderado,50,3,2,3,2,3,2,3,2,3,2,4,3,2,3,2,2,3,2,3,2
P008318,0.9,padrao_1,moderado,49,3,3,2,4,3,2,3,4,3,2,3,4,2,3,3,3,2,4,3,2
P008432,0.9,padrao_1,moderado,50,3,3,2,4,3,2,3,2,3,4,2,3,4,3,2,3,2,3,4,2
P002281,0.9,padrao_1,moderado,48,3,3,2,3,2,3,2,3,2,3,2,3,3,2,3,2,3,2,3,2
P007847,0.9,padrao_1,moderado,49,3,2,3,2,3,3,2,2,3,2,3,2,3,2,3,2,3,2,3,2
P009605,0.9,padrao_1,moderado,51,3,2,3,2,3,3,2,2,3,3,2,4,3,2,3,3,2,4,3,2
P008796,0.9,padrao_1,moderado,51,3,2,3,2,4,2,3,2,3,2,4,2,3,2,3,2,4,3,2,3
P006604,0.9,padrao_1,moderado,51,3,4,3,2,3,2,4,3,2,3,2,3,4,3,2,3,4,2,3,3
P009148,0.9,padrao_1,moderado,52,3,3,2,3,2,3,3,2,3,2,4,2,3,3,2,3,2,3,2,3
P005231,0.9,padrao_1,moderado,44,3,4,3,2,4,3,2,3,2,3,4,3,2,4,3,3,2,4,3,2
P009725,0.9,padrao_1,moderado,53,2,3,3,3,2,2,3,2,3,2,3,2,3,2,2,3,2,3,2,3
P001136,0.9,padrao_1,moderado,48,3,3,2,3,2,3,2,3,2,3,2,3,3,2,3,2,3,2,3,2
P007799,0.9,padrao_1,sedentário,54,3,3,2,4,2,3,2,4,3,2,3,3,2,4,2,3,4,3,2,3
P009070,0.9,padrao_1,moderado,54,3,3,2,4,2,3,3,4,2,3,2,4,3,2,3,2,4,3,2,3
P001273,0.9,padrao_1,moderado,50,3,3,2,4,2,3,2,3,4,2,3,2,3,2,3,4,2,3,2,3
P008592,0.9,padrao_1,ativo,50,3,4,3,2,3,4,3,2,3,4,2,3,2,3,4,3,4,2,3,4
P004914,0.9,padrao_1,moderado,53,3,3,2,3,2,3,2,2,3,2,2,3,2,3,2,3,2,3,2,3
P004580,0.9,padrao_1,moderado,49,3,2,3,2,2,3,2,3,3,2,3,2,3,2,3,2,3,2,3,2
P003263,0.9,padrao_1,ativo,52,3,3,2,3,3,2,3,2,3,2,3,2,4,3,2,3,3,2,3,4
P009934,0.9,padrao_1,moderado,53,3,3,2,3,2,3,3,2,4,2,3,2,4,3,3,2,3,2,3,2
P001938,0.9,padrao_1,moderado,52,3,3,4,3,2,3,3,4,3,2,3,4,2,3,4,3,4,2,3,3
P001854,0.9,padrao_1,moderado,52,2,3,2,3,1,2,3,2,3,2,2,3,1,2,3,2,1,3,2,3
P009480,0.9,padrao_1,moderado,48,3,3,2,3,2,3,2,2,3,3,2,3,2,2,3,3,2,2,3,3
P004892,0.9,padrao_1,moderado,47,3,4,2,3,4,3,2,3,2,4,3,4,2,3,2,4,3,4,2,3
P000202,0.9,padrao_1,sedentário,53,3,3,4,3,4,3,2,4,3,3,2,3,2,4,3,2,3,4,2,3
P007808,0.9,padrao_1,moderado,49,3,4,3,3,2,2,3,4,2,3,4,3,2,3,3,2,3,4,2,3
P002475,0.9,padrao_1,moderado,49,3,4,3,3,2,3,2,3,2,2,4,3,3,2,3,2,4,3,4,3
P004176,0.9,padrao_1,moderado,47,3,2,3,3,4,2,3,2,3,4,2,3,3,2,4,3,3,2,4,3
P001466,0.9,padrao_1,moderado,51,3,3,2,3,2,3,2,3,2,3,2,3,3,2,3,2,3,3,2,3
P008776,0.9,padrao_1,ativo,49,2,3,3,2,2,3,3,2,2,3,4,2,3,2,3,2,3,2,3,3
P006770,0.9,padrao_1,moderado,54,3,2,4,3,2,3,2,3,2,4,3,2,3,4,3,2,4,3,2,3
P001435,0.9,padrao_1,moderado,47,3,3,2,4,3,3,2,4,3,2,3,4,3,2,4,3,2,3,3,2
P008292,0.9,padrao_1,moderado,56,3,3,2,4,2,3,3,2,4,3,2,3,4,2,3,2,3,4,3,2
P006340,0.9,padrao_1,ativo,58,3,3,4,3,2,3,4,3,2,3,2,3,4,3,2,3,4,3,2,3
P007738,0.9,padrao_1,moderado,56,3,3,2,4,2,3,3,2,4,3,2,3,4,3,2,3,2,4,3,2
P002304,0.9,padrao_1,moderado,50,3,3,2,2,3,3,2,2,3,2,3,3,2,3,2,3,2,3,2,3
P003297,0.9,padrao_1,moderado,51,3,2,3,3,2,3,2,2,3,2,3,2,3,2,3,2,3,2,3,2
P000876,0.9,padrao_1,moderado,57,3,3,2,4,3,2,3,2,4,3,2,3,4,3,2,3,4,3,2,3
P005656,0.9,padrao_1,moderado,44,3,3,2,3,4,3,3,2,2,3,4,2,3,3,4,3,2,3,4,3
P001362,0.9,padrao_1,moderado,51,3,2,3,2,3,3,2,3,3,2,3,2,3,3,2,3,2,3,2,3
P000181,0.9,padrao_1,moderado,46,3,2,3,2,4,3,4,2,3,3,4,2,3,2,4,3,2,3,4,3
P003747,0.9,padrao_1,moderado,51,3,2,2,3,3,2,3,2,3,2,3,2,3,2,2,3,2,3,2,3
P008466,0.9,padrao_1,moderado,45,3,3,2,3,2,3,2,2,3,4,3,2,3,2,4,3,2,3,3,2
P000457,0.9,padrao_1,sedentário,53,3,3,2,4,3,3,2,2,3,4,3,2,3,4,3,2,3,4,2,3
P008924,0.9,padrao_1,moderado,49,3,2,3,2,3,2,3,2,3,2,3,2,3,2,3,2,3,2,3,2
P001509,0.9,padrao_1,moderado,49,3,3,2,3,2,3,2,3,3,2,4,2,3,2,3,3,2,4,2,3
P007000,0.9,padrao_1,moderado,49,3,3,2,3,2,3,3,2,2,3,3,2,3,2,3,2,3,2,3,3
P006389,0.9,padrao_1,ativo,47,3,4,3,2,3,4,3,2,3,4,2,3,3,2,3,4,3,2,4,3
P004264,0.9,padrao_1,moderado,49,3,3,2,2,3,2,3,2,3,2,2,3,2,3,2,3,3,2,3,2
P007898,0.9,padrao_1,moderado,51,3,2,3,2,2,3,2,3,2,3,2,3,2,3,2,3,2,3,2,3
P000737,0.9,padrao_1,moderado,45,3,2,3,2,3,2,2,3,2,3,3,2,3,2,3,2,3,2,3,2
P008316,0.9,padrao_1,ativo,49,3,3,2,4,3,2,3,2,4,3,1,3,2,3,4,2,3,1,4,2
P003473,0.9,padrao_1,moderado,51,3,2,2,3,3,2,3,2,3,2,3,3,2,2,3,2,2,3,2,3
P003915,0.9,padrao_1,moderado,51,3,4,3,2,3,4,3,2,3,3,4,2,3,4,3,2,3,4,3,2
P000709,0.9,padrao_1,moderado,54,2,3,2,3,2,2,3,2,3,2,2,3,3,2,3,2,3,2,2,3
P008308,0.9,padrao_1,ativo,49,3,3,2,2,3,2,4,3,2,3,2,3,1,2,3,2,3,4,2,3
P010404,0.9,padrao_1,sedentário,54,3,3,2,4,3,2,3,2,4,3,2,3,4,2,3,3,4,2,3,4
P006242,0.9,padrao_1,moderado,46,3,4,2,3,4,3,2,3,4,3,2,3,4,2,3,4,3,2,4,3
P007635,0.9,padrao_1,moderado,53,3,3,2,3,2,3,3,2,2,3,2,3,2,3,2,3,3,3,2,3
P009000,0.9,padrao_1,moderado,50,3,3,2,3,2,3,4,3,2,2,3,3,2,3,2,4,3,2,3,3
P007122,0.9,padrao_1,moderado,52,3,3,2,3,2,3,2,3,2,3,2,3,2,4,3,2,3,3,2,3
P007480,0.9,padrao_1,moderado,48,3,3,2,3,2,3,2,3,2,3,2,3,3,2,3,2,3,2,3,2
P009814,0.9,padrao_1,ativo,50,3,4,3,4,2,3,4,3,3,2,4,3,2,3,4,3,2,4,3,2
P005426,0.9,padrao_1,moderado,47,3,4,2,3,4,3,2,2,4,3,2,3,4,2,3,4,3,2,4,3
P000581,0.9,padrao_1,moderado,49,3,3,2,3,2,3,2,3,2,3,2,3,2,4,3,2,3,2,3,2
P005032,0.9,padrao_1,moderado,54,3,3,2,3,2,3,3,2,2,3,2,3,2,3,2,2,3,3,2,3
P001522,0.9,padrao_1,moderado,51,3,3,2,3,2,3,3,2,3,2,3,1,2,3,2,3,2,3,2,3
P010705,0.9,padrao_1,moderado,53,3,2,3,2,3,4,3,2,3,2,3,3,4,2,3,2,3,2,4,3
P008676,0.9,padrao_1,moderado,49,3,3,2,3,2,3,2,3,2,3,4,3,2,3,2,3,2,4,2,3
P001468,0.9,padrao_1,moderado,50,3,3,4,3,2,3,4,3,2,3,4,3,2,3,3,4,3,2,3,4
P007570,0.9,padrao_1,ativo,47,3,3,2,1,2,2,3,3,1,2,2,3,2,3,2,4,2,3,1,2
P006331,0.9,padrao_1,moderado,50,3,3,2,3,2,3,2,3,2,3,2,3,2,3,2,3,2,3,2,3
P008789,0.9,padrao_1,moderado,50,3,3,2,3,2,3,2,3,2,2,3,3,2,3,2,3,2,3,2,3
P002385,0.9,padrao_1,ativo,49,3,4,3,3,2,4,2,3,2,3,4,2,3,4,2,3,4,2,3,2
P001574,0.9,padrao_1,moderado,54,3,4,3,3,2,4,3,2,3,2,4,3,2,4,3,2,3,4,3,2
P001506,0.9,padrao_1,moderado,52,3,2,4,3,2,3,4,2,3,4,2,3,3,2,4,3,2,3,4,3
P009776,0.9,padrao_1,ativo,54,3,2,3,4,2,3,2,3,4,3,2,4,3,2,3,4,2,3,2,3
P003452,0.9,padrao_1,moderado,49,3,3,2,3,2,3,2,3,2,2,3,2,3,3,2,2,3,2,3,2
P001810,0.9,padrao_1,ativo,49,3,2,3,2,3,2,3,3,2,2,3,2,3,2,3,2,3,2,2,3
P005441,0.9,padrao_1,moderado,49,3,3,2,4,3,2,4,3,2,3,4,2,3,3,2,3,4,2,3,3
P003502,0.9,padrao_1,moderado,55,3,3,2,3,2,3,2,2,4,3,2,3,3,2,2,3,4,3,2,3
P004067,0.9,padrao_1,moderado,44,3,3,2,2,3,2,2,3,2,2,3,2,3,2,3,2,3,2,3,2
P004528,0.9,padrao_1,moderado,56,3,2,3,4,2,3,3,2,4,2,3,3,2,4,2,3,3,2,4,3
P003472,0.9,padrao_1,moderado,56,3,2,3,2,3,2,4,2,3,2,3,4,2,3,3,2,4,3,2,3
P001154,0.9,padrao_1,moderado,46,3,3,2,2,3,2,3,3,2,3,2,3,2,3,2,3,2,3,3,2
P005781,0.9,padrao_1,sedentário,54,3,2,3,2,3,2,3,2,3,2,3,4,2,3,2,3,2,3,2,4
P002256,0.9,padrao_1,moderado,51,3,3,2,3,2,3,3,2,2,3,2,3,2,2,3,2,3,4,3,2
P006831,0.9,padrao_1,sedentário,47,3,3,2,4,3,3,2,3,2,4,3,3,2,3,4,3,2,3,2,4
P008175,0.9,padrao_1,moderado,52,3,2,3,4,2,3,3,2,4,2,3,2,3,2,3,4,3,2,4,3
P004636,0.9,padrao_1,moderado,47,3,3,2,2,3,2,3,2,2,3,3,2,3,4,2,3,2,3,3,2
P007428,0.9,padrao_1,moderado,49,3,3,2,3,2,2,3,2,3,3,2,3,2,2,3,3,2,3,2,2
P005756,0.9,padrao_1,moderado,57,3,2,4,3,2,3,4,2,3,2,3,2,4,3,2,3,2,4,3,2
P005883,0.9,padrao_1,moderado,48,3,3,2,3,4,2,3,2,3,2,4,3,2,3,4,3,2,3,2,4
P005073,0.9,padrao_1,moderado,49,3,2,3,2,3,2,3,2,3,3,2,2,3,2,3,2,3,2,3,2
P010073,0.9,padrao_1,ativo,51,3,2,3,2,3,3,2,2,3,3,2,3,4,2,3,2,3,2,3,2
P001382,0.9,padrao_1,ativo,52,3,4,3,2,3,4,3,2,3,4,2,3,4,3,2,3,4,3,4,2
P008593,0.9,padrao_1,ativo,53,3,3,2,4,2,3,2,3,3,2,4,3,2,2,3,1,4,3,2,3
P001715,0.9,padrao_1,moderado,47,3,4,3,2,3,3,4,2,3,4,2,3,3,2,4,3,2,3,4,3
P000144,0.9,padrao_1,moderado,50,3,2,3,2,4,2,3,2,3,3,2,4,3,2,3,4,2,3,2,3
P001820,0.9,padrao_1,moderado,54,3,3,2,3,2,3,3,2,3,2,2,3,3,2,3,2,2,3,2,3
P004474,0.9,padrao_1,moderado,48,3,3,2,3,2,3,2,3,2,3,2,3,1,2,3,2,3,2,2,3
P008321,0.9,padrao_1,moderado,50,3,2,3,2,3,2,3,2,4,2,3,2,3,3,2,4,3,2,3,2
P005130,0.9,padrao_1,moderado,49,3,2,3,2,3,2,3,2,3,2,3,2,3,2,3,2,3,2,3,2
P004868,0.9,padrao_1,moderado,50,3,2,3,4,2,3,2,3,4,2,3,3,1,2,4,2,3,2,4,3
P000492,0.9,padrao_1,moderado,47,3,3,2,2,3,2,2,3,3,2,3,2,3,2,2,3,2,3,2,3
P006924,0.9,padrao_1,moderado,50,3,3,2,3,2,3,2,3,2,2,4,3,2,3,3,2,3,3,2,3
P003825,0.9,padrao_1,moderado,47,3,4,3,2,3,2,3,3,2,3,4,3,2,3,4,2,3,3,2,4
P001240,0.9,padrao_1,moderado,54,3,2,3,2,3,2,3,2,3,2,1,3,2,3,2,1,3,2,3,2
P000852,0.9,padrao_1,moderado,48,3,2,3,2,2,3,2,3,2,3,2,3,2,2,3,2,3,2,3,2
P010253,0.9,padrao_1,moderado,49,3,3,2,3,2,2,3,2,2,3,2,3,2,3,3,2,3,2,3,2
P010640,0.9,padrao_1,ativo,48,3,3,2,2,3,2,3,3,2,2,3,2,3,3,2,2,3,2,3,3
P009150,0.9,padrao_1,moderado,53,3,2,3,2,2,3,2,3,2,2,3,2,4,3,2,3,2,3,2,4
P010257,0.9,padrao_1,ativo,51,3,3,2,3,2,4,3,2,3,3,4,2,3,1,3,2,3,3,2,3
P006419,0.9,padrao_1,sedentário,52,3,3,4,3,4,3,3,2,4,3,4,3,2,3,4,2,3,4,3,3
P007774,0.9,padrao_1,moderado,52,3,3,2,2,3,2,3,2,3,2,1,2,3,3,2,3,3,2,2,3
P003249,0.9,padrao_1,moderado,51,3,3,2,3,2,3,2,2,3,2,2,3,3,2,3,2,3,2,3,2
P004271,0.9,padrao_1,moderado,45,3,3,2,2,3,3,2,3,2,2,3,3,2,3,2,4,2,3,3,2
P003465,0.9,padrao_1,moderado,50,3,2,3,4,2,3,2,3,3,2,4,2,3,2,3,3,2,4,3,2
P003471,0.9,padrao_1,moderado,50,3,3,3,2,3,2,3,2,2,3,2,3,2,3,2,3,2,3,2,3
P008336,0.9,padrao_1,sedentário,49,3,3,2,3,2,3,2,3,2,3,2,3,2,3,2,4,2,3,2,3
P009222,0.9,padrao_1,moderado,52,3,2,3,2,4,2,3,2,3,4,3,2,3,3,1,2,3,3,2,3
P003679,0.9,padrao_1,moderado,53,3,3,2,2,3,2,3,2,4,3,2,3,2,3,2,2,3,3,2,3
P005171,0.9,padrao_1,moderado,50,3,2,3,2,3,2,3,2,4,3,2,3,2,3,4,2,3,2,3,2
P008674,0.9,padrao_1,moderado,48,3,3,2,3,2,3,2,3,2,3,2,2,3,3,2,3,2,2,3,3
P003305,0.9,padrao_1,moderado,53,3,2,4,3,2,3,2,4,3,3,2,4,2,3,4,3,2,3,2,4
P001072,0.9,padrao_1,moderado,48,3,3,2,3,2,3,2,3,2,3,2,3,3,2,2,3,2,3,3,2
P002329,0.9,padrao_1,moderado,47,3,3,2,2,3,2,3,2,3,2,3,2,3,2,3,2,3,2,3,2
P004342,0.9,padrao_1,moderado,47,3,4,3,3,4,3,2,3,4,3,4,3,2,3,4,2,3,4,3,2
P004312,0.9,padrao_1,moderado,51,3,4,3,2,3,3,2,3,4,3,2,4,3,2,3,2,4,3,3,2
P009840,0.9,padrao_1,moderado,47,3,2,3,2,3,2,3,2,1,2,3,2,3,2,3,2,3,2,3,2
P002643,0.9,padrao_1,moderado,50,3,3,2,3,2,3,2,3,2,3,2,3,2,3,2,3,2,3,2,3
P010566,0.9,padrao_1,ativo,55,3,3,2,3,2,3,4,2,3,2,4,3,3,2,3,2,3,4,2,3
P004322,0.9,padrao_1,moderado,46,3,3,2,2,3,2,3,3,2,3,2,3,2,3,2,3,2,3,3,2
P009638,0.9,padrao_1,moderado,53,3,2,3,2,3,2,4,3,2,3,3,2,4,3,2,3,4,3,2,3
P009291,0.9,padrao_1,ativo,45,3,3,2,4,3,2,3,4,3,2,4,3,3,2,3,4,2,3,4,3
P000509,0.9,padrao_1,moderado,46,3,3,2,3,2,3,2,4,2,3,2,3,2,3,4,2,3,2,3,2
P009635,0.9,padrao_1,moderado,50,3,3,2,3,2,3,2,3,2,2,3,2,3,1,2,2,3,3,2,3
P006384,0.9,padrao_1,sedentário,48,3,3,2,4,3,2,4,3,2,4,3,4,2,3,4,3,2,4,3,3
P006760,0.9,padrao_1,moderado,55,3,2,3,4,2,3,4,3,2,3,2,3,4,3,2,3,2,3,4,3
P007490,0.9,padrao_1,sedentário,46,3,4,2,3,3,4,2,3,2,3,4,2,3,3,4,2,3,2,3,4
P007620,0.9,padrao_1,moderado,52,3,3,2,2,2,3,3,2,3,2,3,3,2,3,2,3,2,3,2,3
P002657,0.9,padrao_1,moderado,48,3,3,2,3,2,3,2,3,2,3,2,3,2,3,2,3,2,3,3,2
P001743,0.9,padrao_1,ativo,54,3,2,4,3,2,3,4,2,3,3,2,4,3,2,3,4,2,3,4,3
P000670,0.9,padrao_1,moderado,50,3,3,2,3,2,3,2,3,2,3,2,3,2,3,2,3,2,3,2,3
P002501,0.9,padrao_1,ativo,47,3,2,3,2,3,3,2,3,2,3,2,3,2,2,3,2,3,2,3,2
P003150,0.9,padrao_1,moderado,50,3,3,2,3,2,3,2,3,2,3,2,3,2,4,3,3,2,3,2,3
P010687,0.9,padrao_1,moderado,50,3,3,2,3,2,3,2,3,3,2,2,3,2,3,2,3,2,3,3,2
P009986,0.9,padrao_1,moderado,43,3,4,3,2,4,3,3,4,2,3,3,4,2,3,4,3,2,3,4,3
P006677,0.9,padrao_1,moderado,53,3,2,3,2,3,2,3,2,3,1,2,3,2,3,2,2,3,2,3,2
P003269,0.9,padrao_1,sedentário,55,3,2,4,3,2,4,3,2,4,3,2,3,4,2,3,4,3,2,4,3
P004350,0.9,padrao_1,moderado,49,3,3,2,3,2,3,2,3,2,3,2,3,2,2,3,2,3,3,2,2
P006629,0.9,padrao_1,moderado,46,3,3,2,3,3,3,2,3,2,4,3,3,2,4,2,3,3,2,3,2
P007583,0.9,padrao_1,moderado,50,3,3,2,3,2,3,2,3,2,3,2,3,2,3,2,3,2,3,2,3
P009171,0.9,padrao_1,sedentário,55,3,2,4,3,2,4,3,2,4,3,2,3,4,2,3,4,2,3,4,3
P005100,0.9,padrao_1,sedentário,52,3,4,2,3,2,4,3,2,4,3,2,4,3,2,4,3,2,4,3,2
P006463,0.9,padrao_1,moderado,54,3,3,4,3,2,3,3,3,2,4,3,2,3,4,2,3,4,3,2,3
P007024,0.9,padrao_1,moderado,50,3,2,2,2,3,2,3,2,2,3,2,3,2,3,2,3,2,3,2,3
P005947,0.9,padrao_1,moderado,47,3,3,2,4,2,3,2,4,2,3,3,2,4,2,3,3,4,2,3,2
P000060,0.9,padrao_1,ativo,54,3,2,3,2,2,3,3,2,4,3,2,3,2,2,3,3,2,4,2,3
P008157,0.9,padrao_1,sedentário,51,3,3,2,4,3,2,3,4,2,3,3,2,3,4,2,3,4,3,2,3
P009758,0.9,padrao_1,sedentário,47,3,3,2,3,2,2,3,3,2,2,3,2,3,2,4,3,2,3,2,3
P007026,0.9,padrao_1,moderado,48,2,3,2,3,2,3,2,3,2,3,2,3,2,2,3,2,3,2,3,2
P006480,0.9,padrao_1,moderado,50,3,3,2,2,3,2,3,2,3,2,3,2,3,3,2,3,2,3,2,3
P004978,0.9,padrao_1,moderado,59,3,2,3,4,3,2,3,2,4,3,2,3,4,3,2,3,4,3,2,3
P004268,0.9,padrao_1,moderado,50,3,3,2,2,3,3,2,2,4,3,3,2,4,3,2,3,4,2,3,2
P006982,0.9,padrao_1,moderado,48,3,3,2,3,2,2,3,3,2,3,2,3,2,3,3,2,3,2,3,2
P002860,0.9,padrao_1,moderado,50,3,3,2,3,2,3,3,2,4,3,2,3,2,3,4,3,2,3,3,2
P004417,0.9,padrao_1,ativo,50,3,3,2,2,3,3,2,4,2,3,2,3,2,4,3,2,3,4,2,3
P001079,0.9,padrao_1,moderado,50,3,4,3,2,4,3,2,3,3,4,2,3,2,4,3,2,4,3,2,3
P000555,0.9,padrao_1,ativo,42,3,4,3,2,3,2,3,4,2,3,4,2,3,3,2,4,3,2,3,2
P004618,0.9,padrao_1,moderado,55,3,2,3,3,2,4,3,2,3,3,2,4,3,2,3,3,2,4,3,2
P001478,0.9,padrao_1,sedentário,50,3,3,2,2,4,3,4,2,3,3,2,4,3,2,3,4,3,2,3,4
P002436,0.9,padrao_1,sedentário,49,3,3,2,3,4,2,3,2,3,3,2,3,3,2,4,3,2,3,2,4
P001786,0.9,padrao_1,moderado,50,3,3,2,3,2,3,2,3,2,3,2,3,2,3,2,3,2,3,2,3
P002085,0.9,padrao_1,moderado,47,3,3,2,2,3,3,2,3,4,2,3,2,3,3,4,2,3,2,4,3
P005018,0.9,padrao_1,moderado,49,2,3,2,3,4,3,2,3,2,3,4,3,2,3,2,3,4,3,2,3
P008156,0.9,padrao_1,ativo,47,3,3,4,2,3,4,2,3,2,3,3,4,3,2,4,3,2,3,4,3
P000833,0.9,padrao_1,moderado,49,3,2,3,2,3,2,3,2,2,3,4,3,2,3,2,3,2,3,2,3
P003177,0.9,padrao_1,moderado,49,3,2,3,2,3,2,3,2,3,2,3,2,3,2,3,2,3,2,3,2
P003311,0.9,padrao_1,sedentário,47,3,4,2,3,4,3,2,3,4,2,3,4,2,3,4,3,2,4,3,2
P003481,0.9,padrao_1,moderado,54,3,2,3,2,4,3,3,2,3,2,3,2,4,3,2,3,2,3,2,4
P009555,0.9,padrao_1,moderado,51,3,3,2,2,3,3,3,2,2,3,2,4,3,3,2,2,2,3,3,2
P006252,0.9,padrao_1,ativo,53,3,2,3,2,3,3,4,2,3,2,4,3,2,3,2,3,2,3,2,3
P009166,0.9,padrao_1,moderado,50,3,3,2,3,2,3,2,2,3,2,3,2,3,2,3,3,2,3,2,3
P009569,0.9,padrao_1,moderado,51,3,3,2,3,2,3,4,2,3,2,3,3,4,2,3,4,2,3,3,2
P000291,0.9,padrao_1,moderado,46,3,2,3,2,4,3,2,3,2,3,2,3,4,2,3,3,2,3,4,2
P010451,0.9,padrao_1,moderado,55,3,3,2,4,3,2,3,2,4,3,2,3,4,3,2,3,2,3,2,3
P010551,0.9,padrao_1,moderado,55,3,3,2,4,3,3,2,3,4,2,3,4,2,3,3,2,4,3,2,3
P010613,0.9,padrao_1,moderado,47,3,3,2,2,3,2,2,3,3,2,2,3,2,3,2,3,2,3,3,2
P008476,0.9,padrao_1,sedentário,54,3,3,2,3,2,2,3,2,4,3,2,3,3,2,3,2,3,3,2,3
P010671,0.9,padrao_1,moderado,49,3,2,3,2,3,2,3,2,3,2,3,2,3,2,3,2,3,2,3,2
P001950,0.9,padrao_1,sedentário,53,3,2,3,3,2,4,3,2,4,3,2,3,2,3,4,3,3,2,3,2
P008444,0.9,padrao_1,moderado,44,3,3,2,2,3,2,2,3,2,3,2,2,2,3,3,2,3,2,3,2
P006948,0.9,padrao_1,ativo,48,3,3,2,4,3,2,3,4,2,3,2,4,3,2,3,4,2,3,3,4
P009263,0.9,padrao_1,moderado,48,3,3,2,3,4,3,2,3,3,2,4,3,2,3,2,3,4,2,3,3
P001709,0.9,padrao_1,moderado,49,3,3,2,2,3,2,3,2,3,2,3,2,3,2,3,2,3,2,2,3
P010100,0.9,padrao_1,moderado,50,3,3,3,2,3,3,2,3,2,3,2,3,2,3,3,2,3,3,2,3
P002369,0.9,padrao_1,moderado,53,3,2,3,2,3,2,3,2,4,3,2,3,2,3,2,3,2,3,2,3
P001500,0.9,padrao_1,moderado,49,3,2,3,2,3,2,3,2,3,2,3,2,3,2,3,2,3,2,3,2
P002750,0.9,padrao_1,ativo,55,3,2,3,2,2,3,3,2,3,2,2,3,3,2,3,2,3,2,2,3
P002941,0.9,padrao_1,sedentário,45,3,4,3,4,2,3,3,4,2,3,4,3,2,3,3,4,2,3,4,3
P010549,0.9,padrao_1,moderado,45,3,3,2,2,3,2,3,3,2,3,2,3,2,2,3,2,3,2,3,2
P002365,0.9,padrao_1,moderado,52,3,3,2,2,3,2,3,2,3,2,3,2,4,3,2,2,4,3,3,2
P009444,0.9,padrao_1,moderado,48,3,3,2,3,2,3,2,3,2,2,3,3,2,2,3,2,3,2,3,3
P002874,0.9,padrao_1,moderado,51,3,3,2,3,2,3,2,1,3,2,3,3,2,1,3,2,2,3,1,2
P006492,0.9,padrao_1,moderado,50,3,3,2,3,2,4,2,3,2,4,3,2,3,4,2,3,3,2,3,4
P001028,0.9,padrao_1,moderado,50,3,3,2,3,3,2,3,2,2,3,2,3,3,2,2,2,3,2,3,3
P005769,0.9,padrao_1,moderado,48,2,3,2,2,3,3,2,3,2,3,2,3,2,3,2,3,2,3,2,2
P007390,0.9,padrao_1,moderado,50,3,3,2,3,2,3,2,3,2,3,2,3,2,3,2,3,2,3,2,3
P000468,0.9,padrao_1,sedentário,48,3,2,3,2,3,2,3,3,2,3,2,3,2,3,2,3,3,2,4,3
P009432,0.9,padrao_1,moderado,51,3,2,2,3,2,3,4,3,2,3,3,2,3,4,2,3,2,3,3,2
P002539,0.9,padrao_1,ativo,52,3,3,2,4,3,2,3,2,4,3,2,3,2,4,3,3,2,4,3,2
P002490,0.9,padrao_1,moderado,49,3,3,2,3,2,3,2,3,2,3,2,4,3,2,3,2,3,2,4,3
P002116,0.9,padrao_1,sedentário,46,3,4,3,2,3,3,2,4,2,3,4,3,2,3,4,2,3,4,2,3
P006520,0.9,padrao_1,moderado,51,3,3,2,2,3,3,2,3,4,3,2,3,4,3,2,3,3,2,3,3
P006445,0.9,padrao_1,moderado,46,3,3,2,4,2,3,4,3,2,3,4,2,3,2,4,3,2,3,4,3
P003937,0.9,padrao_1,moderado,53,3,3,2,3,2,3,3,2,3,2,3,3,2,3,2,3,2,3,2,3
P003709,0.9,padrao_1,moderado,49,3,3,2,2,3,2,3,2,4,3,2,3,2,3,3,2,3,2,3,2
P009126,0.9,padrao_1,moderado,49,3,3,3,2,3,2,3,2,3,3,2,3,2,3,2,3,2,2,3,3
P008270,0.9,padrao_1,moderado,48,3,4,3,2,4,3,3,2,3,2,4,3,2,3,4,2,3,4,3,2
P009550,0.9,padrao_1,moderado,50,3,2,3,2,3,4,3,2,3,2,4,3,2,3,2,4,3,2,3,2
P006493,0.9,padrao_1,moderado,49,3,2,3,2,3,2,3,2,2,3,2,3,2,2,3,2,3,2,3,3
P005460,0.9,padrao_1,moderado,50,3,3,2,3,3,2,3,2,4,3,2,3,3,2,3,3,2,2,3,4
P009795,0.9,padrao_1,moderado,45,3,3,3,2,4,3,2,3,3,2,4,3,3,2,3,3,2,3,3,2
P000782,0.9,padrao_1,sedentário,48,3,2,3,2,3,2,4,2,3,2,3,1,2,3,2,4,3,2,3,2
P009370,0.9,padrao_1,ativo,53,3,3,4,2,3,2,3,3,4,2,3,2,4,3,3,2,4,3,3,2
P010342,0.9,padrao_1,moderado,50,3,3,2,3,2,3,2,3,2,3,2,3,2,3,2,3,2,3,2,3
P009258,0.9,padrao_1,moderado,48,3,3,2,3,2,2,3,2,3,2,3,1,2,2,3,3,2,3,2,3
P010417,0.9,padrao_1,moderado,40,3,3,2,2,4,3,1,3,2,3,4,2,3,2,3,2,3,1,3,2
P003403,0.9,padrao_1,moderado,52,3,3,2,3,2,2,3,2,3,2,3,2,3,3,2,3,2,3,2,3
P010559,0.9,padrao_1,ativo,47,3,3,2,3,2,3,2,3,4,2,3,2,3,2,3,4,3,2,3,2
P001981,0.9,padrao_1,moderado,50,3,3,2,3,2,3,2,3,2,3,2,3,2,3,2,3,2,3,2,3
P003708,0.9,padrao_1,moderado,45,3,4,3,2,4,3,3,2,3,2,4,3,3,2,4,3,2,3,4,3
P005465,0.9,padrao_1,moderado,49,3,2,3,2,3,2,3,2,3,2,3,2,3,2,3,2,3,2,3,2
P007123,0.9,padrao_1,moderado,50,3,2,3,2,3,3,2,3,2,3,2,3,2,3,2,3,2,3,2,3
P001839,0.9,padrao_1,moderado,50,3,2,3,2,3,3,2,3,2,3,2,3,2,3,2,3,2,3,2,3
P005873,0.9,padrao_1,moderado,46,3,3,2,3,2,3,2,3,2,3,2,3,2,3,2,3,1,2,3,2
P001343,0.9,padrao_1,moderado,51,3,2,2,3,2,3,2,3,2,3,2,3,2,3,2,3,2,3,2,3
P009037,0.9,padrao_1,moderado,47,3,4,3,2,4,3,2,3,3,4,2,3,1,2,3,2,3,4,2,3
P006820,0.9,padrao_1,sedentário,50,3,2,4,3,2,3,2,4,3,3,2,4,3,2,3,4,3,2,4,3
P005606,0.9,padrao_1,moderado,48,3,3,2,2,3,3,2,2,3,2,3,2,3,3,2,3,2,2,3,3
P006735,0.9,padrao_1,moderado,48,3,3,2,2,3,3,2,2,3,3,3,2,3,2,2,3,2,3,2,3
P005560,0.9,padrao_1,ativo,44,3,4,2,3,4,3,2,3,3,2,4,3,2,3,4,3,2,4,3,2
P001058,0.9,padrao_1,moderado,49,3,3,2,3,2,2,3,2,3,4,3,2,3,2,4,2,3,3,2,3
P002547,0.9,padrao_1,sedentário,49,3,2,4,3,3,2,4,3,1,3,2,4,3,2,4,3,2,1,3,4
P005330,0.9,padrao_1,moderado,54,3,2,3,3,2,2,3,2,2,3,2,3,3,2,3,2,3,3,2,3
P004956,0.9,padrao_1,moderado,53,3,2,3,4,3,2,3,4,3,2,4,3,2,3,2,3,4,3,2,3
P008830,0.9,padrao_1,moderado,46,3,3,2,2,3,3,2,3,2,3,3,2,3,3,2,2,3,2,3,2
P002267,0.9,padrao_1,moderado,53,3,3,2,3,4,2,3,2,3,3,2,4,2,3,3,2,4,3,2,3
P001761,0.9,padrao_1,moderado,52,3,3,2,4,2,3,4,2,3,3,4,2,3,4,2,3,2,3,4,3
P000058,0.9,padrao_1,moderado,53,3,3,2,3,2,3,2,3,3,2,3,2,4,3,2,2,3,4,3,2
P003971,0.9,padrao_1,sedentário,54,3,3,2,3,2,4,2,3,3,2,3,4,2,4,3,2,3,2,3,4
P006007,0.9,padrao_1,moderado,47,3,3,2,3,4,2,3,3,2,3,2,4,3,2,3,4,3,2,3,4
P008923,0.9,padrao_1,moderado,46,3,3,2,2,4,3,3,2,3,2,4,3,2,3,4,2,3,2,3,2
P002118,0.9,padrao_1,ativo,50,3,4,2,3,2,3,2,4,3,2,3,4,3,2,3,3,4,2,3,4
P002177,0.9,padrao_1,moderado,52,2,3,2,3,2,3,2,4,3,2,3,2,3,2,3,2,4,3,2,3
P003574,0.9,padrao_1,moderado,51,3,3,2,2,4,3,2,3,3,2,3,4,2,3,3,2,3,4,2,3
P002881,0.9,padrao_1,moderado,53,3,3,2,4,2,3,2,3,3,2,4,3,2,3,3,2,4,3,2,3
P004171,0.9,padrao_1,moderado,53,3,3,2,4,3,2,4,3,2,3,3,2,4,3,3,2,4,3,2,3
P006834,0.9,padrao_1,moderado,49,3,3,2,2,3,2,3,2,3,2,3,2,2,3,2,3,2,3,2,3
P008409,0.9,padrao_1,moderado,56,3,3,4,2,3,2,4,3,4,2,3,2,4,3,2,3,4,3,2,3
P000193,0.9,padrao_1,moderado,52,3,3,2,3,2,2,3,2,3,2,3,3,2,3,2,3,2,3,2,3
P010591,0.9,padrao_1,moderado,56,3,2,4,3,3,4,3,2,4,3,2,3,2,3,2,4,3,2,3,4
P000473,0.9,padrao_1,moderado,50,3,4,2,3,4,3,2,3,4,3,2,3,2,4,3,2,4,3,4,3
P001473,0.9,padrao_1,ativo,48,3,3,2,2,3,3,2,3,2,3,2,3,2,3,2,3,2,3,2,3
P009499,0.9,padrao_1,ativo,52,3,3,2,3,2,3,2,3,2,3,2,2,3,4,3,2,3,3,2,3
P007264,0.9,padrao_1,moderado,48,3,2,2,3,3,2,2,3,3,2,3,2,3,2,3,2,3,2,3,3
P003025,0.9,padrao_1,moderado,49,3,2,3,2,3,2,3,2,3,2,3,2,3,2,3,2,3,2,3,2
P004481,0.9,padrao_1,moderado,49,3,3,2,2,3,2,3,2,2,3,2,3,2,3,2,3,2,3,2,3
P007070,0.9,padrao_1,moderado,50,3,4,3,2,3,4,3,2,3,4,3,2,3,3,4,2,3,3,2,3
P004326,0.9,padrao_1,ativo,47,2,3,2,3,3,2,2,3,2,3,2,3,2,3,3,2,3,2,3,2
P009059,0.9,padrao_1,sedentário,58,3,3,4,3,2,3,4,3,2,3,2,3,4,3,2,3,4,3,2,3
P008950,0.9,padrao_1,sedentário,48,3,3,2,2,3,2,3,2,4,3,2,3,4,2,3,3,2,2,4,3
P010229,0.9,padrao_1,ativo,48,3,2,2,3,2,3,2,3,2,3,2,2,3,2,3,2,2,3,3,2
P008039,0.9,padrao_1,moderado,55,3,2,4,2,3,3,4,2,3,2,4,3,2,3,4,2,3,3,2,4
P006290,0.9,padrao_1,moderado,54,3,3,2,3,2,3,4,3,2,3,2,3,2,3,3,2,4,3,2,3
P008112,0.9,padrao_1,moderado,45,3,3,2,2,3,2,3,2,2,3,3,2,3,2,3,2,3,2,3,2
P001042,0.9,padrao_1,moderado,47,3,3,2,3,2,3,2,3,2,3,2,2,3,3,2,3,2,2,3,2
P008299,0.9,padrao_1,sedentário,48,2,3,2,3,2,3,2,3,2,3,2,2,3,2,3,2,3,2,3,2
P000907,0.9,padrao_1,moderado,52,3,3,2,3,2,3,2,2,3,2,3,3,2,3,2,3,2,3,2,3
P010149,0.9,padrao_1,moderado,48,3,3,2,2,2,3,2,2,2,3,2,3,2,3,2,3,2,2,3,3
P000137,0.9,padrao_1,sedentário,55,3,2,3,2,4,2,3,1,3,2,4,3,2,3,2,1,4,3,2,3
P010339,0.9,padrao_1,ativo,51,3,3,2,3,2,3,2,3,2,3,2,3,2,4,2,3,4,2,3,3
P005044,0.9,padrao_1,moderado,47,3,3,2,2,3,2,3,2,2,3,3,2,2,3,1,2,3,2,3,2
P005417,0.9,padrao_1,moderado,48,3,3,2,2,3,3,2,3,2,3,2,3,2,3,2,3,2,3,2,3
P006264,0.9,padrao_1,moderado,48,3,3,2,3,2,3,4,3,2,3,1,2,3,2,4,3,2,3,3,2
P000288,0.9,padrao_1,moderado,45,3,2,3,2,4,3,2,3,2,3,4,3,2,3,2,3,2,3,4,3
P009330,0.9,padrao_1,sedentário,49,3,2,3,4,2,3,2,3,2,4,3,2,3,2,4,3,2,3,2,4
P008393,0.9,padrao_1,moderado,52,3,3,2,3,2,3,2,2,3,2,2,3,2,3,2,3,2,3,2,2
P009810,0.9,padrao_1,moderado,55,3,3,2,3,2,4,3,2,3,2,4,3,2,3,3,2,4,3,2,3
P001552,0.9,padrao_1,moderado,45,3,3,2,2,3,2,3,2,2,3,3,2,2,3,3,2,3,2,3,2
P003711,0.9,padrao_1,moderado,45,3,2,4,2,3,2,4,3,2,3,4,2,3,2,3,4,2,3,3,2
P009296,0.9,padrao_1,moderado,58,3,3,4,3,2,3,2,3,4,3,2,3,4,3,2,3,4,3,2,3
P001138,0.9,padrao_1,moderado,48,3,4,2,3,3,4,2,3,3,2,4,3,2,3,4,3,2,4,3,4
P010217,0.9,padrao_1,sedentário,51,3,2,3,3,4,2,3,2,4,3,3,2,4,3,2,3,2,3,4,3
P000152,0.9,padrao_1,moderado,58,3,2,3,2,2,3,4,2,3,3,2,4,3,2,3,2,3,4,2,3
P008525,0.9,padrao_1,ativo,57,3,3,2,3,2,4,3,2,3,2,3,4,2,3,3,2,4,3,2,3
P002406,0.9,padrao_1,moderado,50,3,3,2,3,2,3,2,3,2,3,2,3,2,3,2,3,2,3,2,3
P003217,0.9,padrao_1,moderado,57,3,2,3,2,2,3,3,2,3,2,2,3,3,4,2,3,2,3,2,3
P008637,0.9,padrao_1,moderado,50,2,3,2,3,2,3,2,3,2,3,2,2,3,2,3,2,3,2,2,3
P010096,0.9,padrao_1,ativo,52,3,3,2,2,3,4,2,3,2,3,2,3,4,2,3,2,3,4,2,3
P002602,0.9,padrao_1,moderado,48,3,3,2,3,2,3,3,2,2,3,3,2,3,2,3,2,3,2,3,2
P006002,0.9,padrao_1,ativo,51,3,2,3,2,3,2,3,4,2,3,2,3,3,3,2,2,4,2,3,3
P010447,0.9,padrao_1,ativo,52,3,3,4,2,3,3,4,2,3,2,4,3,2,3,4,2,3,4,3,2
P001121,0.9,padrao_1,moderado,47,3,3,2,3,2,3,2,3,3,2,3,1,3,2,3,2,3,2,3,2
P009121,0.9,padrao_1,sedentário,50,3,4,3,2,3,2,4,3,4,3,2,4,3,2,3,3,2,4,3,2
P008956,0.9,padrao_1,sedentário,55,3,2,4,3,2,3,4,2,3,4,2,3,4,3,2,4,3,2,4,3
P005196,0.9,padrao_1,moderado,49,3,3,2,3,2,2,3,2,3,2,4,3,2,3,2,3,2,3,3,2
P004842,0.9,padrao_1,moderado,48,3,3,2,3,2,3,2,3,2,3,2,3,2,3,2,3,2,3,3,2
P003814,0.9,padrao_1,ativo,51,3,3,2,4,3,2,3,4,2,3,3,2,3,4,2,3,3,4,2,3
P010730,0.9,padrao_1,ativo,49,3,2,3,2,3,2,3,2,3,2,3,2,3,2,3,2,3,2,3,2
P003979,0.9,padrao_1,moderado,46,3,3,3,2,3,2,3,2,3,2,3,2,3,2,3,3,2,2,3,2
P008977,0.9,padrao_1,moderado,50,3,2,3,3,2,3,2,3,2,3,3,2,3,2,2,3,2,3,2,3
P009295,0.9,padrao_1,moderado,48,3,4,2,3,4,3,2,3,4,3,2,3,4,3,2,4,3,2,4,3
P004397,0.9,padrao_1,moderado,48,3,3,2,3,2,3,2,3,2,3,2,3,2,3,2,3,3,2,3,2
P007750,0.9,padrao_1,moderado,46,3,4,2,3,2,3,4,2,1,3,2,4,3,2,3,4,1,2,3,2
P005293,0.9,padrao_1,ativo,47,3,3,2,3,2,4,3,2,3,4,3,2,3,2,4,3,2,3,4,3
P001946,0.9,padrao_1,sedentário,48,3,3,2,3,2,3,2,3,2,3,3,2,4,2,3,3,2,3,2,3
P009163,0.9,padrao_1,moderado,49,3,3,2,3,2,2,3,2,3,2,3,2,3,2,3,2,3,2,3,2
P010151,0.9,padrao_1,ativo,51,3,2,3,2,3,2,4,2,3,2,3,3,2,3,2,4,3,2,3,3
P002724,0.9,padrao_1,moderado,49,3,2,3,2,3,2,3,2,3,2,3,2,3,2,3,2,3,2,3,2
P007787,0.9,padrao_1,sedentário,51,3,4,3,2,2,4,3,3,4,2,2,3,4,2,3,4,2,3,4,3
P001059,0.9,padrao_1,moderado,49,3,3,2,3,4,3,2,2,3,4,2,3,3,2,3,2,3,4,3,2
P002515,0.9,padrao_1,moderado,49,3,2,2,3,4,2,3,2,3,2,4,3,2,3,2,3,4,2,3,2
P001585,0.9,padrao_1,moderado,53,3,3,2,3,2,3,3,2,3,2,3,2,3,3,2,3,2,3,2,3
P003981,0.9,padrao_1,ativo,54,3,3,2,2,3,2,3,2,3,2,1,3,2,3,2,1,2,3,2,3
P002337,0.9,padrao_1,moderado,52,3,2,3,2,4,3,2,3,2,3,2,4,3,2,3,2,3,4,2,3
P000072,0.9,padrao_1,moderado,49,3,2,3,2,3,3,2,4,2,3,2,3,4,3,2,3,2,3,4,3
P010041,0.9,padrao_1,moderado,50,3,3,2,3,2,3,2,3,2,3,2,3,2,3,3,2,2,3,2,3
P005482,0.9,padrao_1,moderado,52,3,4,3,3,2,3,4,2,3,4,2,3,4,2,3,4,2,3,3,4
P000252,0.9,padrao_1,moderado,55,3,3,2,4,3,3,2,3,4,2,3,2,3,4,3,2,4,3,2,3
P001245,0.9,padrao_1,moderado,54,3,2,3,2,2,3,3,2,3,2,2,3,1,2,3,2,3,3,1,2
P010269,0.9,padrao_1,ativo,54,3,3,2,4,2,3,4,3,2,3,4,2,3,3,2,3,4,3,2,4
P000217,0.9,padrao_1,moderado,48,2,3,2,2,3,2,3,2,3,2,3,2,3,2,2,3,2,2,3,3
P006072,0.9,padrao_1,moderado,49,3,3,2,2,3,3,2,2,3,4,2,3,3,2,4,2,3,3,2,3
P006083,0.9,padrao_1,moderado,50,3,3,2,3,4,2,3,2,3,2,3,3,2,4,3,3,2,3,2,3
P008259,0.9,padrao_1,ativo,50,3,3,4,2,3,2,3,3,2,3,2,4,3,2,3,3,3,4,3,2
P007307,0.9,padrao_1,moderado,49,2,3,3,2,3,2,3,2,3,2,3,2,3,2,3,2,3,2,3,2
P002948,0.9,padrao_1,moderado,51,3,4,3,2,3,3,4,3,2,3,2,3,4,3,2,3,2,4,3,2
P000460,0.9,padrao_1,moderado,51,2,3,2,3,2,3,2,3,2,3,2,3,2,3,2,3,2,3,2,3
P002326,0.9,padrao_1,sedentário,46,3,2,3,2,3,2,4,3,2,3,4,2,3,2,3,3,2,4,3,2
P004884,0.9,padrao_1,moderado,52,3,3,2,3,2,2,3,4,3,3,2,3,2,4,3,2,3,3,2,3
P009174,0.9,padrao_1,moderado,56,3,3,2,3,2,3,2,3,4,2,2,3,4,3,2,3,2,3,1,3
P002868,0.9,padrao_1,moderado,52,3,2,3,3,2,3,2,3,2,3,2,3,2,3,2,3,2,3,2,3
P000309,0.9,padrao_1,moderado,51,3,3,4,2,3,3,3,2,2,3,4,3,4,2,3,3,4,2,3,4
P005630,0.9,padrao_1,sedentário,48,3,4,3,2,2,3,4,2,3,4,1,2,3,2,4,3,1,2,3,4
P001353,0.9,padrao_1,moderado,50,3,3,2,3,2,3,2,3,2,3,2,3,2,3,2,2,3,2,3,3
P002366,0.9,padrao_1,moderado,48,3,2,3,2,3,3,2,3,2,3,2,3,3,2,2,3,2,3,3,2
P000167,0.9,padrao_1,moderado,55,3,2,3,4,2,3,2,3,4,2,3,2,3,4,2,3,2,4,3,2
P002333,0.9,padrao_1,moderado,46,3,2,3,2,3,2,3,3,2,3,2,3,2,3,2,3,1,2,3,2
P008483,0.9,padrao_1,moderado,53,3,2,3,2,3,2,3,2,3,2,2,3,2,3,2,3,2,3,2,3
P003985,0.9,padrao_1,moderado,46,3,3,2,3,2,3,2,3,2,3,3,2,2,3,3,2,3,2,3,2
P001037,0.9,padrao_1,moderado,50,3,3,2,3,2,3,2,3,2,3,2,3,2,3,2,3,2,3,2,3
P008502,0.9,padrao_1,moderado,50,3,2,3,3,2,2,3,3,2,3,2,3,2,2,3,3,2,3,2,3
P001587,0.9,padrao_1,moderado,46,3,3,2,3,2,3,2,3,2,3,4,3,2,3,2,3,3,2,3,2
P009096,0.9,padrao_1,moderado,51,3,3,2,3,2,3,2,3,2,3,2,3,2,3,3,2,3,3,2,3
P004291,0.9,padrao_1,ativo,54,3,3,4,2,3,3,4,2,3,3,2,3,4,2,3,3,4,2,3,3
P004634,0.9,padrao_1,moderado,50,3,3,2,3,2,3,2,3,2,4,1,3,2,3,2,3,2,3,2,3
P009130,0.9,padrao_1,moderado,50,3,3,2,3,2,3,2,3,2,3,2,3,2,3,2,3,2,3,2,3
P000921,0.9,padrao_1,ativo,52,3,3,2,3,2,3,3,2,2,3,2,2,3,3,2,2,3,3,3,2
P001155,0.9,padrao_1,moderado,52,3,3,2,2,3,2,3,2,4,2,3,2,3,2,3,2,4,3,2,3
P003510,0.9,padrao_1,moderado,50,3,3,2,3,2,3,2,2,3,3,2,3,2,3,3,2,3,2,3,2
P006588,0.9,padrao_1,moderado,52,3,3,2,3,3,2,3,2,4,3,2,3,3,2,2,4,3,3,2,3
P003493,0.9,padrao_1,moderado,46,3,3,2,2,3,3,2,3,2,2,3,3,2,3,3,2,3,2,3,2
P010753,0.9,padrao_1,moderado,53,2,2,3,2,3,3,2,3,3,2,2,3,4,3,2,3,2,2,3,3
P008872,0.9,padrao_1,ativo,46,3,3,2,2,3,2,2,3,3,2,3,2,3,2,3,2,3,2,3,3
P009782,0.9,padrao_1,moderado,51,3,3,4,2,3,3,3,2,4,2,3,4,2,3,3,3,2,3,4,2
P001080,0.9,padrao_1,moderado,52,3,3,2,3,4,3,2,3,4,3,2,3,4,2,3,3,4,3,2,3
P008359,0.9,padrao_1,moderado,57,3,2,3,2,3,4,3,2,3,2,3,4,2,3,3,2,4,3,2,3
P006489,0.9,padrao_1,moderado,51,3,3,2,4,3,2,3,2,3,4,2,3,2,3,4,2,3,3,2,3
P000094,0.9,padrao_1,moderado,48,3,2,3,2,3,2,2,2,3,3,4,2,3,2,3,1,3,2,2,2
P010394,0.9,padrao_1,moderado,56,3,4,2,3,2,3,4,2,3,4,2,3,4,3,2,3,4,3,2,3
P004035,0.9,padrao_1,moderado,52,3,2,3,2,3,2,3,2,3,4,2,3,3,2,1,3,2,3,2,3
P003594,0.9,padrao_1,ativo,53,3,3,2,4,2,3,1,2,3,2,4,3,2,3,1,2,3,4,3,2
P004026,0.9,padrao_1,sedentário,48,3,3,2,4,3,2,3,4,2,3,3,2,4,3,2,4,3,2,3,4
P003458,0.9,padrao_1,moderado,49,3,2,4,2,3,2,4,3,2,3,4,2,3,3,2,4,3,2,3,4
P005779,0.9,padrao_1,moderado,51,3,3,2,4,3,2,3,2,3,2,3,2,3,4,3,2,3,2,4,3
P008765,0.9,padrao_1,moderado,49,3,2,3,2,3,2,3,2,3,2,3,2,3,2,3,2,3,2,3,2
P008708,0.9,padrao_1,moderado,51,3,4,3,2,3,3,4,2,3,4,3,2,3,4,3,2,3,4,3,2
P002587,0.9,padrao_1,moderado,50,3,3,2,3,2,3,2,3,2,3,2,2,3,2,3,2,3,3,2,3
P007943,0.9,padrao_1,moderado,48,3,2,3,2,3,2,3,2,3,2,3,2,3,1,3,2,3,2,3,2
P000682,0.9,padrao_1,moderado,50,3,3,2,3,2,3,2,3,2,3,2,3,2,3,2,3,2,3,2,3
P008266,0.9,padrao_1,moderado,48,3,3,2,3,2,2,3,3,2,2,3,3,2,3,2,3,2,3,3,2
P006592,0.9,padrao_1,sedentário,46,3,3,4,2,3,2,3,4,3,2,4,3,3,2,4,3,2,4,3,2
P003408,0.9,padrao_1,moderado,53,3,2,3,3,2,3,2,3,2,2,3,4,3,2,3,2,3,4,3,2
P001858,0.9,padrao_1,moderado,53,3,2,3,2,3,4,2,3,2,3,3,2,4,3,3,2,3,4,2,3
P010240,0.9,padrao_1,moderado,54,2,3,3,3,2,2,3,2,3,2,2,3,2,4,3,3,2,3,2,2
P007720,0.9,padrao_1,moderado,58,3,2,4,3,2,4,3,2,3,4,2,3,4,2,3,2,3,3,2,3
P001477,0.9,padrao_1,moderado,48,3,3,2,3,2,2,3,2,3,2,3,3,2,2,3,3,2,2,3,3
P003011,0.9,padrao_1,moderado,50,3,2,3,3,2,3,2,3,3,2,3,2,3,2,3,2,3,2,3,2
P003194,0.9,padrao_1,moderado,53,3,4,3,2,3,3,4,2,3,4,3,2,3,4,3,2,3,4,2,3
P008549,0.9,padrao_1,moderado,49,3,3,2,4,3,2,3,3,2,4,2,3,3,3,2,3,2,4,3,2
P008254,0.9,padrao_1,moderado,49,3,3,2,3,2,2,3,2,3,2,3,2,3,2,2,3,2,3,3,2
P003669,0.9,padrao_1,moderado,51,3,4,3,2,3,4,2,3,2,4,3,3,2,4,3,2,4,3,2,4
P002023,0.9,padrao_1,ativo,47,3,2,3,4,3,2,3,4,2,3,3,4,2,3,4,3,2,3,4,3
P004750,0.9,padrao_1,moderado,44,3,3,2,2,4,3,2,3,4,2,3,3,2,2,4,3,2,3,3,2
P000348,0.9,padrao_1,moderado,47,2,3,3,2,4,2,3,2,3,4,2,3,4,2,3,3,2,3,4,2
P008895,0.9,padrao_1,moderado,47,3,3,2,3,3,2,3,2,3,2,3,2,3,2,3,4,3,3,4,3
P007700,0.9,padrao_1,moderado,50,3,3,2,2,3,2,3,2,4,3,2,3,2,4,2,3,2,3,3,2
P006841,0.9,padrao_1,moderado,57,3,3,2,3,2,3,4,2,3,3,2,3,4,2,3,2,3,4,2,3
P001734,0.9,padrao_1,moderado,49,3,3,2,3,2,3,2,2,3,2,3,2,3,2,3,2,3,2,3,2
P006240,0.9,padrao_1,moderado,48,3,3,2,2,4,3,2,2,3,3,2,3,2,4,3,2,3,2,4,3
P005114,0.9,padrao_1,moderado,55,3,3,2,3,2,3,4,2,3,2,3,2,3,4,3,2,4,3,3,2
P004812,0.9,padrao_1,moderado,48,3,2,4,2,3,2,4,3,2,3,2,4,3,2,4,3,2,3,4,2
P010018,0.9,padrao_1,moderado,51,3,3,2,2,3,2,3,2,3,1,2,3,2,3,2,3,2,3,2,2
P005696,0.9,padrao_1,moderado,48,3,2,4,3,2,3,2,3,2,3,4,2,3,2,3,3,4,2,3,2
P010346,0.9,padrao_1,moderado,52,3,3,2,4,3,4,2,3,4,2,3,3,4,2,3,4,2,3,3,4
P006749,0.9,padrao_1,moderado,54,3,2,3,4,2,3,2,3,3,2,3,4,3,2,3,3,2,3,2,3
P009767,0.9,padrao_1,moderado,48,3,2,2,2,3,2,3,2,3,2,3,2,3,2,2,3,3,2,3,2
P004795,0.9,padrao_1,moderado,48,3,3,2,4,2,3,2,3,2,4,3,2,3,2,3,4,3,3,2,4
P001333,0.9,padrao_1,moderado,57,3,2,3,3,2,3,2,3,3,2,2,3,4,2,3,1,3,3,2,3
P001600,0.9,padrao_1,moderado,50,3,3,2,3,2,3,2,2,3,2,3,2,3,2,3,3,2,3,2,3
P009345,0.9,padrao_1,moderado,50,3,3,2,3,2,2,3,2,3,3,2,2,3,2,3,1,2,3,3,2
P008326,0.9,padrao_1,moderado,52,3,4,2,3,2,4,3,2,3,4,3,2,4,3,2,3,4,2,3,3
P009476,0.9,padrao_1,moderado,52,3,3,2,3,2,3,2,2,3,2,3,2,3,2,3,2,3,3,2,3
P001464,0.9,padrao_1,moderado,44,3,3,2,2,3,2,2,3,2,3,4,3,2,2,3,2,3,4,3,2
P002205,0.9,padrao_1,moderado,48,3,3,2,3,2,3,3,2,2,3,3,2,3,2,3,2,3,2,3,2
P009176,0.9,padrao_1,sedentário,55,3,3,4,3,2,3,4,2,3,3,4,3,2,3,4,2,3,4,2,3
P009601,0.9,padrao_1,sedentário,47,3,4,3,2,3,3,2,4,3,3,2,4,3,3,2,4,2,3,4,3
P004925,0.9,padrao_1,moderado,49,3,3,2,4,2,3,3,2,3,4,2,3,3,2,4,3,2,3,4,3
P008744,0.9,padrao_1,moderado,53,3,3,2,2,3,4,3,2,3,2,3,2,4,3,3,2,4,3,3,2
P005730,0.9,padrao_1,moderado,48,3,3,2,3,3,2,4,3,2,3,2,3,3,2,3,3,4,2,3,2
P008969,0.9,padrao_1,sedentário,47,3,2,3,2,4,3,2,3,3,2,4,3,2,3,3,4,2,3,2,3
P000405,0.9,padrao_1,sedentário,46,3,3,2,3,2,3,2,3,2,2,3,2,3,2,3,4,2,3,3,3
P002132,0.9,padrao_1,moderado,55,3,3,2,3,2,3,4,2,3,2,3,4,3,2,3,2,4,3,4,3
P009343,0.9,padrao_1,moderado,50,3,3,2,3,2,3,2,3,2,2,3,3,2,3,3,2,2,3,2,3
P001531,0.9,padrao_1,moderado,50,2,3,2,3,2,3,2,3,2,3,2,3,2,2,3,2,3,2,2,3
P008594,0.9,padrao_1,sedentário,57,3,2,3,4,2,3,3,2,4,2,3,4,2,3,2,3,4,3,4,2
P009172,0.9,padrao_1,moderado,59,3,2,4,3,2,3,4,3,4,2,3,2,4,3,2,3,4,2,3,4
P007918,0.9,padrao_1,moderado,52,3,2,3,2,3,2,3,2,3,2,3,3,2,3,2,3,2,3,2,3
P006991,0.9,padrao_1,moderado,51,3,2,2,3,3,2,3,2,2,3,2,3,2,3,2,3,2,3,2,3
P006989,0.9,padrao_1,moderado,50,3,3,2,4,3,2,3,4,2,3,4,2,3,4,3,2,3,4,2,3
P003763,0.9,padrao_1,ativo,54,3,3,2,4,3,2,3,2,4,3,2,3,4,3,2,4,3,2,3,4
P005016,0.9,padrao_1,moderado,50,3,4,3,2,4,3,2,3,4,2,3,2,3,4,3,2,3,2,3,4
P007669,0.9,padrao_1,moderado,52,3,2,3,3,2,3,2,3,2,3,2,3,2,3,2,3,2,3,2,3
P004375,0.9,padrao_1,moderado,48,3,3,2,3,2,3,2,3,2,3,2,3,3,2,3,2,3,2,3,2
P010500,0.9,padrao_1,sedentário,45,3,3,2,3,2,3,2,2,3,4,3,2,3,2,3,4,2,3,3,2
P004432,0.9,padrao_1,moderado,50,2,3,2,3,2,3,2,3,2,3,2,3,2,3,2,4,2,3,2,3
P009988,0.9,padrao_1,ativo,49,3,3,2,2,3,3,2,2,4,2,3,3,2,3,2,3,3,2,3,2
P000498,0.9,padrao_1,moderado,52,3,3,2,3,2,3,2,2,3,3,2,2,3,3,2,3,2,3,2,3
P004628,0.9,padrao_1,moderado,50,2,3,2,3,2,3,3,2,2,3,2,3,2,2,3,2,3,2,3,2
P007990,0.9,padrao_1,moderado,51,3,3,2,3,2,3,2,3,2,3,2,4,2,3,2,3,2,3,2,3
P005595,0.9,padrao_1,moderado,49,3,3,2,3,2,3,2,3,3,2,3,2,3,2,3,3,2,3,2,3
P004226,0.9,padrao_1,moderado,49,2,3,2,3,3,2,2,3,3,2,2,3,2,3,4,3,2,3,2,3
P002038,0.9,padrao_1,ativo,47,3,4,3,2,3,3,2,4,3,2,3,2,3,4,3,2,3,2,4,3
P007487,0.9,padrao_1,moderado,50,3,3,2,3,2,3,2,3,2,3,2,3,2,3,2,3,2,3,2,3
P006120,0.9,padrao_1,moderado,46,3,3,2,2,3,1,3,2,3,2,3,2,2,3,1,3,2,2,3,2
P009412,0.9,padrao_1,moderado,53,3,2,3,2,3,2,3,2,4,3,2,2,3,3,2,3,2,3,2,3
P005632,0.9,padrao_1,ativo,47,3,4,3,2,4,3,2,3,4,2,3,4,2,3,4,3,2,4,3,2
P005464,0.9,padrao_1,moderado,51,3,3,2,3,2,3,2,3,2,2,3,2,3,4,2,3,3,2,2,3
P002051,0.9,padrao_1,sedentário,46,3,3,2,3,2,3,2,3,2,4,2,3,3,2,4,3,3,2,3,3
P009685,0.9,padrao_1,moderado,49,3,2,3,2,3,2,3,2,3,2,3,2,3,2,3,2,3,2,3,2
P003527,0.9,padrao_1,ativo,51,3,3,3,2,4,3,2,3,4,2,3,2,4,3,3,2,3,4,3,2
P000856,0.9,padrao_1,moderado,50,3,3,2,3,2,3,2,3,2,2,3,3,2,4,3,2,3,2,3,3
P007791,0.9,padrao_1,moderado,51,3,3,2,3,2,3,2,3,4,2,3,4,3,2,3,2,3,2,4,3
P001093,0.9,padrao_1,moderado,49,3,3,4,2,3,3,3,4,2,3,3,3,2,4,3,2,3,3,4,3
P007966,0.9,padrao_1,moderado,52,3,2,3,3,4,2,3,3,3,2,4,3,2,4,3,2,3,3,2,3
P007697,0.9,padrao_1,moderado,50,3,3,2,3,3,2,3,2,3,3,2,3,3,2,3,2,3,2,3,3
P001688,0.9,padrao_1,moderado,47,3,3,2,3,2,3,2,3,1,3,2,2,3,2,3,3,2,3,2,3
P004244,0.9,padrao_1,moderado,55,3,3,4,2,3,3,4,2,3,2,3,4,3,2,2,3,4,3,4,3
P007474,0.9,padrao_1,moderado,53,3,2,2,3,4,2,3,2,4,3,2,3,4,2,3,2,3,4,3,2
P009122,0.9,padrao_1,moderado,51,3,3,2,3,4,3,2,4,3,2,3,2,4,3,2,3,4,3,2,3
P005552,0.9,padrao_1,moderado,55,3,3,2,3,2,3,3,2,3,2,3,2,3,4,2,3,2,4,2,3
P009846,0.9,padrao_1,moderado,45,3,3,2,3,2,3,2,4,3,2,3,2,3,2,3,4,3,2,4,3
P009931,0.9,padrao_1,moderado,53,3,3,4,3,2,3,3,2,4,3,2,3,3,3,4,3,2,2,3,3
P010324,0.9,padrao_1,moderado,50,3,3,2,2,4,3,2,3,4,2,3,3,2,4,3,2,3,4,3,2
P004112,0.9,padrao_1,moderado,49,3,2,3,2,3,2,3,2,2,3,3,2,3,2,2,3,2,3,2,3
P000937,0.9,padrao_1,sedentário,45,3,3,2,3,3,2,4,3,2,3,4,3,2,3,2,4,3,2,3,2
P005557,0.9,padrao_1,moderado,52,3,3,2,3,2,2,3,3,2,3,2,2,3,3,2,2,3,3,2,3
P002399,0.9,padrao_1,moderado,50,3,3,2,3,2,2,3,3,2,3,2,3,2,3,2,3,2,3,2,3
P003215,0.9,padrao_1,moderado,48,3,3,2,3,2,3,2,3,2,2,3,2,3,2,3,3,2,3,2,3
P007997,0.9,padrao_1,sedentário,50,3,3,2,3,2,4,3,2,3,3,4,3,4,2,3,3,2,3,3,2
P000368,0.9,padrao_1,moderado,50,3,3,2,3,2,3,3,2,2,3,2,3,2,3,2,3,2,3,3,2
P000819,0.9,padrao_1,moderado,49,3,2,3,2,3,2,3,2,3,2,3,2,3,2,3,2,3,2,3,2
P010432,0.9,padrao_1,moderado,53,3,2,3,2,3,2,3,3,2,2,3,4,3,2,3,2,3,4,2,3
P007965,0.9,padrao_1,moderado,51,3,2,3,2,3,2,3,1,3,2,3,2,3,2,3,1,3,2,3,2
P002684,0.9,padrao_1,moderado,51,3,3,2,3,2,3,2,2,3,1,3,2,2,3,2,3,2,3,2,2
P006090,0.9,padrao_1,moderado,54,3,2,3,3,2,2,3,2,3,2,2,3,3,2,3,3,2,3,2,3
P000015,0.9,padrao_1,moderado,53,3,2,4,3,2,3,4,2,3,4,2,3,3,2,4,3,2,4,3,2
P010777,0.9,padrao_1,sedentário,48,3,4,2,3,2,2,3,4,3,2,3,3,2,3,4,2,3,4,3,2
P009472,0.9,padrao_1,ativo,49,3,2,3,2,3,2,3,2,3,2,3,2,3,2,3,2,3,2,3,2
P000012,0.9,padrao_1,sedentário,50,3,2,3,2,3,4,3,2,3,2,3,2,3,2,3,3,2,2,3,3
P001012,0.9,padrao_1,moderado,45,3,3,2,2,3,2,3,2,3,2,3,1,2,3,2,3,2,2,3,2
P008474,0.9,padrao_1,moderado,44,3,3,2,2,3,2,3,2,2,4,3,2,3,2,4,3,3,2,2,3
P002543,0.9,padrao_1,moderado,47,3,3,2,3,4,2,3,2,2,3,4,2,3,3,4,2,3,3,2,3
P010728,0.9,padrao_1,moderado,53,3,2,2,3,2,3,4,2,3,2,3,4,2,3,2,3,2,3,4,2
P002124,0.9,padrao_1,moderado,51,3,3,2,2,3,2,3,2,3,2,3,2,3,3,2,2,3,3,2,2
P005195,0.9,padrao_1,moderado,49,3,3,2,3,2,2,3,2,2,3,2,2,3,2,3,3,2,3,2,3
P010652,0.9,padrao_1,moderado,49,3,2,3,2,3,2,3,2,3,2,3,2,3,2,3,2,3,2,3,2
P009718,0.9,padrao_1,moderado,52,3,2,3,3,2,3,2,3,2,3,2,3,2,3,2,3,2,3,2,3
P005202,0.9,padrao_1,moderado,51,3,3,3,2,3,2,3,2,3,3,2,2,3,2,3,2,3,3,2,3
P002137,0.9,padrao_1,moderado,53,3,3,2,4,3,2,4,3,3,2,3,2,4,3,2,3,2,3,3,4
P004677,0.9,padrao_1,moderado,49,3,3,2,3,2,2,4,3,2,4,3,2,3,3,2,4,3,3,2,3
P004971,0.9,padrao_1,ativo,52,2,3,2,3,2,2,3,2,3,2,3,2,2,3,2,3,2,3,2,3
P002865,0.9,padrao_1,moderado,50,3,2,3,2,3,3,2,3,2,2,3,2,3,3,2,3,2,3,2,3
P003052,0.9,padrao_1,ativo,51,3,4,2,3,2,4,3,3,2,4,3,2,3,4,2,3,4,2,3,4
P000282,0.9,padrao_1,moderado,50,3,3,2,3,2,3,2,3,2,2,3,3,2,3,2,3,2,3,2,3
P001666,0.9,padrao_1,moderado,47,3,3,2,3,2,3,2,3,2,2,3,2,3,2,4,3,2,3,2,3
P009909,0.9,padrao_1,ativo,55,3,2,3,2,3,1,4,2,3,2,4,3,2,3,1,2,4,3,2,3
P007091,0.9,padrao_1,moderado,50,3,3,2,3,2,3,2,3,2,3,2,3,2,3,2,3,2,3,2,3
P001834,0.9,padrao_1,moderado,50,3,3,2,3,2,3,2,3,2,3,2,3,2,3,2,3,3,2,2,3
P001077,0.9,padrao_1,moderado,48,3,4,3,2,3,2,4,3,2,4,3,2,3,2,3,2,4,3,2,3
P001364,0.9,padrao_1,ativo,50,3,3,2,3,2,4,2,3,3,2,3,3,2,3,2,3,2,3,3,2
P003797,0.9,padrao_1,moderado,50,3,2,3,2,3,3,2,4,3,2,3,1,3,2,3,2,4,3,2,3
P007161,0.9,padrao_1,moderado,52,3,3,2,3,2,3,2,2,3,2,3,2,3,3,2,3,2,3,2,3
P007069,0.9,padrao_1,moderado,54,3,2,3,3,2,3,3,2,3,2,3,2,2,3,2,3,2,3,2,3
P010545,0.9,padrao_1,moderado,48,3,3,2,3,2,2,3,3,2,3,3,2,2,3,3,2,3,3,2,2
P005266,0.9,padrao_1,moderado,49,3,2,3,2,3,2,3,2,3,2,3,2,3,2,3,2,3,2,3,2
P005830,0.9,padrao_1,moderado,47,3,3,2,4,3,3,2,4,2,3,3,2,3,4,3,2,3,2,4,3
P009108,0.9,padrao_1,moderado,50,3,2,3,2,2,3,3,2,2,3,2,3,2,2,3,2,2,3,3,2
P005278,0.9,padrao_1,moderado,46,2,3,3,2,3,2,3,3,2,2,3,2,3,2,3,3,2,2,3,3
P003931,0.9,padrao_1,moderado,53,3,4,3,2,3,4,3,2,3,3,4,2,3,4,2,3,3,4,2,3
P002626,0.9,padrao_1,moderado,49,3,4,3,2,4,3,3,2,4,3,2,3,4,3,3,4,2,3,4,3
P005686,0.9,padrao_1,moderado,49,3,3,2,3,3,2,2,3,3,2,2,3,3,3,2,3,2,3,3,2
P007848,0.9,padrao_1,moderado,51,3,3,2,3,2,3,2,3,2,2,3,2,4,3,2,3,2,3,2,3
P008189,0.9,padrao_1,moderado,48,3,3,2,2,3,3,2,3,2,2,3,2,3,3,2,3,2,3,2,3
P002447,0.9,padrao_1,ativo,48,3,2,3,2,3,2,3,2,3,2,3,1,3,2,3,2,3,2,3,2
P004963,0.9,padrao_1,moderado,51,3,3,2,3,4,3,2,4,3,2,3,2,4,3,2,3,3,4,2,3
P008078,0.9,padrao_1,moderado,48,3,3,2,2,3,2,3,2,3,2,2,3,3,2,3,3,2,2,3,3
P010333,0.9,padrao_1,ativo,50,3,3,4,2,3,2,4,3,2,3,2,4,3,2,3,4,3,2,3,4
P007782,0.9,padrao_1,moderado,49,3,3,2,4,3,2,4,3,1,3,2,3,4,2,3,3,4,2,3,2
P006659,0.9,padrao_1,ativo,56,3,2,3,2,4,3,2,3,4,2,3,4,2,3,1,2,4,3,2,3
P010486,0.9,padrao_1,moderado,52,3,3,2,4,2,3,4,2,3,3,2,4,3,2,4,3,2,3,3,2
P007418,0.9,padrao_1,ativo,54,3,4,3,2,3,4,3,2,4,3,2,3,4,2,3,3,4,2,3,4
P002033,0.9,padrao_1,moderado,49,3,2,3,4,3,2,3,2,3,4,3,2,3,2,3,3,2,4,3,2
P002686,0.9,padrao_1,moderado,53,3,3,2,2,3,4,3,2,2,3,2,3,4,3,2,3,4,3,3,2
P001312,0.9,padrao_1,sedentário,47,3,3,2,2,3,4,2,3,2,3,4,3,2,3,2,3,3,4,3,2
P007063,0.9,padrao_1,ativo,43,3,3,2,3,4,3,2,3,2,3,4,3,2,3,3,4,3,2,3,3
P001644,0.9,padrao_1,moderado,50,3,4,3,2,3,4,3,2,3,2,4,3,2,4,3,2,3,2,4,3
P002308,0.9,padrao_1,moderado,51,3,3,2,3,2,3,2,3,4,2,2,3,3,2,3,2,3,2,3,2
P007181,0.9,padrao_1,sedentário,49,3,2,3,2,3,2,3,2,3,4,2,3,2,3,3,2,3,2,3,2
P008662,0.9,padrao_1,moderado,51,3,3,2,3,2,3,2,3,2,3,2,4,2,3,2,3,2,3,2,3
P002010,0.9,padrao_1,moderado,50,3,3,2,4,2,3,2,4,3,2,3,4,2,3,3,4,2,3,2,3
P007437,0.9,padrao_1,moderado,58,3,3,2,4,4,3,3,2,4,3,2,3,4,3,3,2,4,3,2,4
P007709,0.9,padrao_1,sedentário,49,3,3,2,3,2,3,2,4,2,3,2,3,3,2,3,3,2,4,2,3
P001226,0.9,padrao_1,moderado,52,3,3,2,3,2,4,2,3,2,3,2,3,2,4,2,3,2,3,2,3
P004373,0.9,padrao_1,moderado,50,3,3,2,3,2,3,3,2,4,3,4,3,2,3,2,3,2,3,3,2
P007324,0.9,padrao_1,moderado,49,3,2,3,2,3,2,3,2,3,1,3,2,3,2,3,2,3,2,3,1
P006198,0.9,padrao_1,moderado,45,3,3,2,3,2,2,3,2,1,3,3,2,2,3,2,4,3,2,3,2
P009221,0.9,padrao_1,moderado,51,3,2,3,4,3,2,3,2,3,2,3,3,2,3,4,2,3,2,3,2
P001629,0.9,padrao_1,moderado,45,3,3,2,3,2,3,2,4,3,2,3,2,3,2,3,4,3,2,3,2
P006986,0.9,padrao_1,moderado,52,3,3,2,3,2,3,4,3,2,3,2,3,2,3,2,3,2,3,2,3
P004748,0.9,padrao_1,moderado,54,2,3,3,2,3,2,3,2,3,2,2,3,4,2,3,3,2,3,2,4
P005399,0.9,padrao_1,moderado,49,3,2,3,2,3,2,3,2,3,2,3,2,3,2,3,2,3,2,3,2
P008892,0.9,padrao_1,moderado,56,3,2,3,3,2,4,3,2,3,2,3,2,4,3,2,3,2,4,3,2
P000411,0.9,padrao_1,moderado,46,3,3,2,2,3,3,2,3,2,3,4,3,2,3,3,2,3,2,2,3
P000246,0.9,padrao_1,moderado,49,3,3,2,3,2,2,3,2,3,2,3,2,3,2,3,2,3,2,3,2
P004820,0.9,padrao_1,moderado,51,3,3,2,3,2,3,3,2,3,2,3,2,3,3,2,3,3,2,3,2
P008718,0.9,padrao_1,moderado,50,2,3,2,3,2,3,2,3,2,3,2,3,2,3,2,2,3,2,3,2
P006118,0.9,padrao_1,moderado,53,3,2,2,3,2,3,3,2,3,2,2,3,2,2,3,3,2,3,2,3
P000760,0.9,padrao_1,moderado,50,3,3,2,3,2,3,3,2,3,2,3,2,3,2,3,2,3,2,3,2
P003592,0.9,padrao_1,moderado,51,3,3,2,4,3,2,3,2,3,4,2,3,2,3,4,2,3,3,2,3
P009336,0.9,padrao_1,ativo,55,3,3,2,4,2,3,4,3,2,3,2,3,4,1,3,2,4,3,2,3
P004487,0.9,padrao_1,ativo,50,3,4,3,2,4,3,2,1,3,2,4,3,2,3,4,2,3,4,2,3
P005334,0.9,padrao_1,ativo,49,3,2,3,2,4,3,2,3,2,4,3,2,4,3,2,3,4,2,3,4
P003035,0.9,padrao_1,sedentário,49,3,3,2,2,3,2,3,2,3,3,2,3,2,2,3,2,3,4,3,2
P008559,0.9,padrao_1,moderado,57,3,3,2,4,2,3,3,2,4,3,2,3,4,3,2,3,4,2,3,3
P005273,0.9,padrao_1,moderado,52,3,3,2,3,2,3,2,2,3,2,3,3,2,2,3,2,3,3,2,3
P010742,0.9,padrao_1,moderado,45,3,4,3,2,3,2,3,4,3,2,3,2,3,3,4,3,2,4,3,2
P000684,0.9,padrao_1,moderado,50,3,3,2,4,3,2,3,3,2,2,4,3,2,3,2,3,4,2,3,4
P005933,0.9,padrao_1,moderado,48,3,3,2,2,3,2,3,2,2,3,3,2,3,2,3,2,3,3,2,3
P002909,0.9,padrao_1,sedentário,54,3,2,3,4,3,2,4,3,2,3,4,3,2,4,3,2,3,4,3,4
P001794,0.9,padrao_1,moderado,48,3,3,2,3,2,3,2,3,2,3,2,3,3,2,3,2,3,2,3,2
P005257,0.9,padrao_1,ativo,56,3,4,3,2,3,4,3,2,4,3,2,3,4,3,2,3,4,2,3,4
P003877,0.9,padrao_1,ativo,48,3,2,3,2,3,2,3,2,3,3,2,2,3,2,3,4,3,2,3,3
P006703,0.9,padrao_1,moderado,53,3,4,2,3,2,4,3,4,2,3,3,2,3,4,3,2,4,3,2,4
P004548,0.9,padrao_1,moderado,47,3,3,2,3,2,2,3,2,3,3,2,2,3,2,3,3,2,2,3,2
P003113,0.9,padrao_1,moderado,50,3,3,2,3,2,3,2,3,2,3,2,3,2,3,2,3,2,3,2,3
P002460,0.9,padrao_1,moderado,47,3,4,2,3,4,2,3,2,3,3,4,2,4,3,4,2,3,2,3,4
P001278,0.9,padrao_1,ativo,49,3,3,4,3,2,3,4,3,2,3,4,2,3,2,3,4,3,2,3,4
P003039,0.9,padrao_1,moderado,52,3,2,3,2,3,2,3,2,3,2,3,3,2,3,2,3,2,3,2,3
P010184,0.9,padrao_1,moderado,56,3,2,3,4,2,3,2,3,4,2,3,3,4,2,3,3,2,4,2,3
P006739,0.9,padrao_1,moderado,52,3,2,4,3,2,4,3,2,3,4,2,3,4,2,3,4,2,3,4,2
P005510,0.9,padrao_1,ativo,52,3,2,3,4,3,2,3,4,2,3,2,3,4,3,3,4,2,3,2,4
P000279,0.9,padrao_1,moderado,49,3,3,2,2,3,2,3,2,3,2,3,2,3,3,2,2,3,2,3,2
P008729,0.9,padrao_1,sedentário,55,3,3,2,3,2,4,3,2,3,2,4,3,2,3,3,2,4,3,2,3
P007937,0.9,padrao_1,moderado,51,2,3,2,3,2,3,2,3,2,3,2,3,2,3,2,3,2,3,2,3
P009733,0.9,padrao_1,sedentário,53,3,4,3,2,3,4,2,4,3,3,2,3,4,3,3,2,4,3,2,3
P004407,0.9,padrao_1,moderado,50,3,3,4,2,3,2,3,4,3,2,4,3,2,3,2,3,4,2,3,4
P005497,0.9,padrao_1,moderado,47,3,3,2,3,2,3,2,3,2,2,3,2,3,2,3,2,3,2,3,2
P008652,0.9,padrao_1,moderado,49,3,2,3,2,3,2,3,2,2,3,3,2,3,2,2,3,2,3,2,3
P006212,0.9,padrao_1,moderado,45,3,4,2,3,3,2,4,3,2,3,2,3,4,1,4,2,3,3,4,1
P002854,0.9,padrao_1,moderado,47,3,2,2,3,3,2,3,2,2,3,3,2,2,3,3,2,2,3,3,2
P009168,0.9,padrao_1,moderado,50,3,3,2,2,3,2,3,2,3,2,3,2,3,2,3,2,3,3,2,3
P009074,0.9,padrao_1,moderado,50,3,3,2,3,2,2,3,3,2,3,2,2,3,4,3,3,2,3,2,3
P005621,0.9,padrao_1,moderado,51,3,3,2,3,2,3,2,2,3,2,3,3,2,3,2,2,3,2,3,2
P006439,0.9,padrao_1,sedentário,50,3,3,2,2,4,3,3,2,4,3,2,3,2,4,3,2,3,2,4,3
P006168,0.9,padrao_1,moderado,55,3,2,3,2,3,2,4,3,3,2,2,3,3,4,2,3,3,2,3,4
P000617,0.9,padrao_1,moderado,52,3,2,3,2,3,3,2,3,2,3,2,3,2,3,2,2,3,3,2,3
P001494,0.9,padrao_1,moderado,51,3,3,2,3,2,3,2,3,4,2,3,2,3,2,3,2,3,4,3,2
P004046,0.9,padrao_1,moderado,47,3,3,2,3,2,3,2,4,2,3,2,3,3,2,3,2,3,2,3,2
P004823,0.9,padrao_1,moderado,53,3,2,3,3,2,3,2,3,2,3,2,3,2,4,2,3,2,3,2,3
P003956,0.9,padrao_1,moderado,48,3,3,2,3,3,2,3,2,4,3,3,2,3,2,3,4,2,3,2,3
P010251,0.9,padrao_1,moderado,51,3,2,2,3,2,3,2,3,2,3,2,3,2,3,2,3,2,3,2,3
P006952,0.9,padrao_1,moderado,48,3,3,2,3,3,2,2,3,2,3,2,3,2,3,2,3,3,2,2,3
P000778,0.9,padrao_1,moderado,49,3,4,3,2,3,4,3,3,2,4,3,2,3,4,3,2,3,4,3,2
P000160,0.9,padrao_1,moderado,49,3,2,3,2,3,2,3,2,2,3,2,3,2,2,3,3,2,3,2,3
P006147,0.9,padrao_1,moderado,45,3,3,2,3,4,2,3,4,2,3,2,4,3,2,4,3,2,4,3,2
P002793,0.9,padrao_1,moderado,48,3,3,2,2,3,3,2,3,2,3,2,3,2,3,2,3,2,3,2,3
P009903,0.9,padrao_1,moderado,47,3,3,2,2,3,4,2,3,2,3,2,3,3,2,3,4,2,3,2,3
P008515,0.9,padrao_1,moderado,49,3,3,3,4,3,2,4,3,3,2,4,2,3,3,4,3,2,4,3,2
P010459,0.9,padrao_1,moderado,52,3,3,2,3,4,2,3,2,3,2,3,4,3,2,3,2,3,3,2,3
P006617,0.9,padrao_1,moderado,47,3,3,4,2,3,2,3,2,4,3,3,2,3,2,4,3,2,3,4,3
P004794,0.9,padrao_1,moderado,54,3,3,2,3,2,4,3,2,3,2,3,3,2,3,2,4,3,3,2,3
P005844,0.9,padrao_1,ativo,52,3,2,3,4,2,4,3,3,2,3,2,4,1,3,4,3,2,4,3,2
P007348,0.9,padrao_1,ativo,50,3,2,3,2,3,2,3,2,4,3,2,3,2,3,2,4,3,2,3,2
P001881,0.9,padrao_1,moderado,47,3,2,3,2,3,2,3,2,3,2,3,2,2,3,4,3,2,3,3,2
P003255,0.9,padrao_1,ativo,55,3,4,3,2,3,4,2,3,4,3,2,3,4,3,2,3,4,3,2,3
P002361,0.9,padrao_1,moderado,52,3,4,3,2,3,4,3,2,4,3,1,2,3,3,2,3,4,2,3,1
P006791,0.9,padrao_1,moderado,53,3,3,2,4,3,2,3,4,3,2,3,4,3,2,3,2,3,4,2,3
P000365,0.9,padrao_1,moderado,54,3,2,3,2,3,3,2,2,3,2,3,3,2,3,2,2,3,3,2,3
P006502,0.9,padrao_1,moderado,56,3,3,2,4,2,3,2,3,4,3,2,4,3,2,3,2,3,4,2,3
P002631,0.9,padrao_1,ativo,49,3,4,3,2,3,4,2,3,4,2,3,4,3,2,4,3,2,4,3,2
P002403,0.9,padrao_1,moderado,45,3,3,2,4,3,3,2,3,2,4,3,3,2,3,4,3,2,4,3,2
P008688,0.9,padrao_1,moderado,46,3,4,3,2,3,4,3,2,2,3,4,3,4,2,3,3,2,3,4,2
P007233,0.9,padrao_1,sedentário,56,3,3,2,3,2,4,3,2,4,3,3,2,4,3,2,4,3,3,2,4
P003334,0.9,padrao_1,moderado,49,3,4,3,2,3,4,3,2,3,4,3,2,3,4,3,3,2,4,3,2
P002921,0.9,padrao_1,sedentário,56,3,3,4,3,3,2,3,3,4,2,3,4,2,3,3,2,4,3,3,4
P010236,0.9,padrao_1,moderado,47,3,2,4,2,3,3,2,4,3,2,3,3,4,2,3,4,2,3,4,2
P007674,0.9,padrao_1,moderado,46,3,3,2,2,3,3,2,3,2,3,2,2,3,3,2,4,3,2,3,3
P005341,0.9,padrao_1,sedentário,50,3,4,3,2,3,2,4,3,2,3,4,2,3,4,3,2,4,3,2,3
P001749,0.9,padrao_1,moderado,50,3,3,2,3,2,3,2,3,2,3,2,3,2,3,2,3,2,3,2,3
P000424,0.9,padrao_1,ativo,43,3,4,3,2,3,4,2,3,2,3,4,2,3,3,4,3,2,3,4,3
P002273,0.9,padrao_1,moderado,52,3,4,2,4,3,3,4,3,2,3,2,4,3,3,2,4,3,2,3,4
P009286,0.9,padrao_1,moderado,51,3,2,3,2,3,2,3,1,3,2,3,2,4,2,3,2,3,2,4,3
P002511,0.9,padrao_1,moderado,49,3,2,3,2,3,2,3,2,3,2,3,2,3,2,3,2,3,2,3,2
P007895,0.9,padrao_1,sedentário,53,3,3,2,3,3,4,2,4,2,3,2,3,3,4,2,3,3,4,2,3
P009371,0.9,padrao_1,moderado,50,3,3,2,3,2,3,2,3,2,3,2,3,2,3,2,3,2,3,2,3
P004565,0.9,padrao_1,moderado,54,3,3,2,4,3,2,4,3,2,3,2,4,3,3,2,3,4,2,3,4
P009169,0.9,padrao_1,sedentário,52,3,2,3,2,3,2,3,2,3,2,3,3,2,3,2,3,2,3,2,3
P008151,0.9,padrao_1,moderado,48,3,4,3,2,3,2,4,3,3,2,4,3,2,3,4,2,4,3,3,2
P007281,0.9,padrao_1,moderado,51,3,3,2,2,3,2,4,3,3,2,1,3,2,3,4,2,3,2,3,4
P004782,0.9,padrao_1,sedentário,57,3,4,3,2,3,4,3,2,4,3,2,3,3,4,2,3,4,3,2,3
P000305,0.9,padrao_1,moderado,52,3,3,2,3,2,3,2,3,3,2,3,2,4,3,2,3,2,3,2,3
P005649,0.9,padrao_1,ativo,51,3,3,2,2,2,3,4,2,3,3,2,3,3,2,3,2,3,2,3,2
P004747,0.9,padrao_1,moderado,51,3,2,3,2,3,2,3,2,2,3,2,3,2,3,2,3,2,3,2,3
P004125,0.9,padrao_1,moderado,51,3,2,3,2,3,2,3,2,2,3,2,3,2,3,2,3,2,3,2,3
P005547,0.9,padrao_1,ativo,48,3,4,3,2,3,4,2,3,2,3,4,2,3,3,4,2,3,4,2,3
P007763,0.9,padrao_1,ativo,48,3,4,3,2,4,2,3,3,4,2,3,4,3,2,3,4,3,2,3,4
P004816,0.9,padrao_1,moderado,45,3,3,2,2,3,2,3,2,2,3,2,2,3,2,3,3,2,2,3,3
P010622,0.9,padrao_1,sedentário,48,3,3,2,3,2,3,2,3,2,3,2,3,2,3,2,3,2,3,3,2
P002990,0.9,padrao_1,moderado,52,3,3,2,3,2,4,3,2,3,2,3,2,4,3,2,4,3,2,4,3
P003892,0.9,padrao_1,moderado,50,3,3,2,2,3,3,2,2,4,3,2,3,2,3,4,2,3,2,3,4
P008916,0.9,padrao_1,moderado,46,3,4,3,2,3,4,2,3,3,4,2,3,2,3,4,3,4,2,3,2
P002939,0.9,padrao_1,moderado,50,3,3,2,3,2,2,3,2,3,2,3,2,3,1,3,2,3,2,2,3
P002916,0.9,padrao_1,moderado,47,3,3,2,4,3,2,2,3,4,3,2,3,2,3,4,3,2,3,4,3
P003416,0.9,padrao_1,moderado,54,3,3,2,3,2,3,2,2,3,1,2,3,2,4,3,3,2,4,3,3
P006621,0.9,padrao_1,moderado,51,3,2,2,3,2,3,3,2,3,2,3,2,3,2,3,2,3,2,3,2
P002711,0.9,padrao_1,sedentário,49,3,3,2,2,3,4,3,3,2,2,3,4,3,2,2,3,3,2,4,3
P007008,0.9,padrao_1,moderado,51,3,2,3,2,3,2,3,2,4,3,2,3,3,2,2,3,2,3,3,2
P008389,0.9,padrao_1,ativo,52,3,3,2,3,2,2,3,4,3,2,3,4,3,2,3,2,3,3,2,3
P004148,0.9,padrao_1,moderado,47,3,3,2,3,2,3,2,3,2,3,2,3,2,3,2,3,2,2,3,2
P009829,0.9,padrao_1,moderado,53,3,3,2,3,2,2,4,3,2,3,2,3,3,2,3,2,4,3,2,3
P001736,0.9,padrao_1,moderado,49,3,3,4,2,3,2,3,4,2,3,4,3,2,3,3,2,4,3,2,3
P005104,0.9,padrao_1,moderado,48,3,2,3,3,2,3,2,3,2,3,3,2,2,3,2,3,2,3,3,2
P010763,0.9,padrao_1,ativo,50,3,2,3,3,2,3,2,3,2,4,3,3,2,3,2,4,3,3,2,3
P001480,0.9,padrao_1,moderado,49,3,3,2,2,3,2,3,2,3,2,4,3,2,3,2,3,2,3,2,3
P010130,0.9,padrao_1,sedentário,48,3,3,2,4,3,2,3,2,3,4,2,3,2,3,4,2,3,2,3,2
P006993,0.9,padrao_1,ativo,54,3,3,2,4,2,3,2,4,3,3,2,3,4,2,3,2,3,4,2,3
P007380,0.9,padrao_1,moderado,49,3,3,2,3,2,3,2,3,2,3,2,2,3,2,3,2,3,2,2,3
P000673,0.9,padrao_1,sedentário,51,3,4,3,2,4,3,3,2,4,3,2,3,4,3,2,4,3,3,4,3
P007194,0.9,padrao_1,moderado,46,3,3,2,3,4,2,3,2,3,4,2,3,3,2,4,3,2,4,3,2
P003976,0.9,padrao_1,moderado,47,3,3,4,3,2,3,2,4,2,3,3,2,3,2,4,3,2,3,3,4
P002905,0.9,padrao_1,moderado,52,3,2,3,3,2,3,2,3,2,3,2,3,2,3,2,3,2,3,2,3
P007715,0.9,padrao_1,moderado,50,2,3,2,3,2,2,3,2,3,2,3,2,3,2,3,2,3,2,3,2
P002676,0.9,padrao_1,moderado,45,3,3,2,2,3,2,2,3,2,3,2,3,3,2,2,3,3,2,3,2
P002903,0.9,padrao_1,moderado,51,3,4,3,2,3,4,2,3,4,2,3,4,2,3,4,2,3,4,3,2
P004669,0.9,padrao_1,moderado,50,3,3,2,4,2,3,3,2,2,3,4,3,2,3,3,2,4,3,4,2
P001581,0.9,padrao_1,moderado,49,3,3,2,4,3,2,4,3,3,2,4,3,3,2,4,3,4,3,3,2
P004831,0.9,padrao_1,moderado,51,3,2,4,2,3,3,2,4,3,2,3,2,4,3,2,3,2,4,3,2
P004599,0.9,padrao_1,moderado,49,3,3,2,2,3,2,2,3,2,2,3,2,3,3,2,2,3,3,2,3
P009954,0.9,padrao_1,moderado,42,3,2,3,2,4,3,2,3,2,3,4,2,3,2,3,4,3,2,3,2
P002907,0.9,padrao_1,sedentário,48,3,4,2,3,3,4,2,3,2,4,3,3,2,4,2,3,2,4,3,3
P004534,0.9,padrao_1,moderado,47,3,3,2,3,4,3,2,4,3,2,3,4,3,3,2,4,3,2,4,3
P006950,0.9,padrao_1,sedentário,50,3,4,3,2,3,4,3,2,3,2,4,3,2,3,4,2,3,4,3,2
P004354,0.9,padrao_1,moderado,51,2,3,2,3,2,3,2,3,2,3,2,3,2,3,2,3,2,3,2,3
P003315,0.9,padrao_1,moderado,53,3,2,3,3,2,3,2,3,3,2,3,2,3,3,2,3,2,3,2,3
P006179,0.9,padrao_1,moderado,50,3,2,3,3,2,3,2,3,2,3,2,3,2,3,3,2,3,2,3,2
P004186,0.9,padrao_1,ativo,49,3,4,3,2,3,4,3,2,3,2,3,4,3,2,4,3,2,3,4,3
P001265,0.9,padrao_1,moderado,49,3,3,4,2,3,2,4,3,2,3,4,2,3,4,3,2,4,3,4,2
P004774,0.9,padrao_1,ativo,43,3,4,3,2,4,3,3,3,2,3,4,2,3,3,4,2,3,2,4,3
P004575,0.9,padrao_1,moderado,48,3,2,3,2,3,3,2,3,2,3,2,3,3,2,3,2,3,2,3,2
P005119,0.9,padrao_1,moderado,49,3,3,2,2,3,2,3,2,2,3,2,3,1,4,3,2,2,3,2,3
P006165,0.9,padrao_1,moderado,47,3,2,2,3,3,2,3,2,2,4,3,2,3,2,3,3,2,3,2,3
P005853,0.9,padrao_1,sedentário,55,3,2,4,3,1,3,2,4,2,3,1,2,3,4,2,3,1,4,2,3
P003336,0.9,padrao_1,moderado,49,3,3,2,2,3,2,3,2,4,3,2,3,2,3,4,3,2,3,2,3
P009897,0.9,padrao_1,sedentário,48,2,3,3,2,3,2,2,3,3,2,4,3,2,3,2,3,3,2,3,3
P000386,0.9,padrao_1,sedentário,48,3,4,2,3,4,3,2,3,4,2,3,4,2,3,1,4,3,2,4,3
P006108,0.9,padrao_1,sedentário,50,3,2,3,2,3,3,2,3,3,2,2,3,2,3,2,3,2,3,3,2
P000447,0.9,padrao_1,sedentário,53,3,3,2,3,2,4,3,2,3,2,3,4,2,3,2,3,2,3,4,3
P005516,0.9,padrao_1,moderado,52,3,3,2,3,2,3,2,2,3,3,2,2,3,3,2,3,2,3,2,3
P007755,0.9,padrao_1,moderado,50,3,3,2,3,3,2,3,2,3,2,3,3,2,3,2,3,3,2,3,3
P005614,0.9,padrao_1,moderado,48,3,4,3,2,3,4,2,3,4,2,3,4,2,3,3,4,2,3,4,3
P006310,0.9,padrao_1,moderado,51,3,2,2,3,2,3,2,3,2,3,2,3,3,2,2,3,2,3,2,3
P010026,0.9,padrao_1,ativo,51,3,3,2,3,2,3,2,2,3,2,4,3,3,2,3,3,2,4,2,3
P004143,0.9,padrao_1,moderado,50,3,3,2,3,2,3,2,3,2,3,2,3,2,3,2,3,2,3,2,3
P008035,0.9,padrao_1,moderado,45,3,3,2,4,3,2,3,2,3,4,3,2,3,2,3,4,2,3,4,3
P000898,0.9,padrao_1,moderado,44,3,3,2,3,3,2,2,3,2,3,3,2,3,2,2,3,2,3,3,2
P003959,0.9,padrao_1,ativo,51,3,3,4,2,3,4,2,3,3,2,4,3,4,2,3,3,4,2,3,3
P001846,0.9,padrao_1,moderado,53,3,2,3,2,3,2,3,2,3,4,2,3,3,2,3,2,4,3,2,3
P004796,0.9,padrao_1,moderado,59,3,3,4,3,2,3,4,2,4,3,3,2,4,3,2,3,4,3,2,3
P010046,0.9,padrao_1,moderado,50,3,3,4,2,3,2,4,3,2,3,4,3,2,4,3,2,3,4,3,2
P003317,0.9,padrao_1,moderado,46,3,3,2,3,2,3,2,3,2,2,3,2,3,2,3,3,2,2,3,3
P006257,0.9,padrao_1,moderado,50,3,3,2,3,2,3,3,2,3,2,3,2,3,2,3,2,3,2,3,2
P001702,0.9,padrao_1,sedentário,53,3,4,3,3,2,3,4,3,2,3,4,2,3,4,3,2,4,3,2,3
P000318,0.9,padrao_1,moderado,50,3,3,2,3,2,3,2,2,2,3,3,3,2,2,3,2,3,3,2,3
P005070,0.9,padrao_1,moderado,50,3,3,2,3,2,3,2,3,2,3,2,3,2,3,2,3,2,3,2,3
P005191,0.9,padrao_1,moderado,55,3,2,4,3,2,2,4,3,4,3,2,3,2,3,2,4,3,2,3,4
P009847,0.9,padrao_1,ativo,48,3,3,2,3,3,2,3,4,2,3,2,3,2,3,3,2,3,3,2,2
P005697,0.9,padrao_1,moderado,47,3,3,2,4,2,3,2,4,3,2,3,4,3,2,4,3,2,3,4,2
P006682,0.9,padrao_1,moderado,52,2,3,3,2,3,2,3,2,3,2,3,2,3,2,3,1,2,3,2,3
P003812,0.9,padrao_1,moderado,59,3,2,3,4,3,2,3,2,4,3,2,3,4,3,2,3,4,3,2,3
P010685,0.9,padrao_1,sedentário,48,3,3,2,4,3,3,2,4,3,2,3,2,4,3,2,4,3,3,4,2
P009554,0.9,padrao_1,moderado,50,3,3,2,3,2,3,2,2,3,3,2,3,3,2,3,2,3,2,3,2
P007249,0.9,padrao_1,moderado,50,3,3,2,3,3,2,3,2,2,3,2,3,2,3,2,3,2,3,2,3
P003548,0.9,padrao_1,sedentário,52,3,2,3,4,3,2,4,3,2,3,4,3,2,4,3,2,3,4,3,2
P004258,0.9,padrao_1,sedentário,45,3,3,2,2,3,2,3,2,2,3,3,2,3,2,3,2,2,3,3,2
P002396,0.9,padrao_1,sedentário,50,3,3,3,4,2,3,4,3,2,3,4,2,3,3,4,3,2,3,3,4
P006521,0.9,padrao_1,moderado,48,3,2,3,2,1,3,2,3,2,2,3,1,2,3,2,3,1,2,2,3
P009522,0.9,padrao_1,moderado,42,3,3,2,2,3,2,3,4,2,3,3,1,3,2,4,2,3,3,3,2
P002633,0.9,padrao_1,moderado,53,3,3,4,3,4,3,3,2,4,3,4,3,2,4,3,3,2,4,3,4
P001530,0.9,padrao_1,moderado,52,3,2,2,3,4,3,2,3,2,3,2,3,2,4,3,2,3,4,2,3
P007152,0.9,padrao_1,moderado,57,3,2,3,4,3,2,3,2,3,2,3,4,3,2,3,2,4,3,2,3
P006119,0.9,padrao_1,sedentário,50,3,4,3,2,3,3,4,3,2,3,4,3,4,2,3,3,4,3,2,3
P010307,0.9,padrao_1,moderado,51,3,3,2,3,2,3,3,2,3,2,3,3,2,3,2,3,3,2,3,2
P002163,0.9,padrao_1,moderado,47,3,3,2,2,3,3,4,3,2,3,2,3,2,2,3,4,2,3,3,4
P003348,0.9,padrao_1,moderado,51,3,3,2,3,2,3,2,3,2,3,2,3,4,3,2,3,2,4,3,2
P009469,0.9,padrao_1,sedentário,48,3,2,2,3,2,3,2,3,2,2,3,2,3,2,3,2,3,2,3,2
P004540,0.9,padrao_1,ativo,50,3,2,3,2,3,2,4,3,2,3,3,2,4,3,2,3,4,2,3,2
P008387,0.9,padrao_1,moderado,52,3,2,3,2,3,2,3,2,3,3,2,3,2,3,2,3,2,3,2,3
P001579,0.9,padrao_1,sedentário,50,3,3,2,3,2,3,2,3,3,2,2,3,2,3,2,3,2,3,3,2
P009367,0.9,padrao_1,ativo,48,3,4,3,2,3,2,4,3,2,3,2,3,4,3,2,4,3,2,4,3
P004511,0.9,padrao_1,moderado,51,3,2,3,2,2,3,2,3,2,3,2,3,2,2,3,2,3,3,2,3
P007401,0.9,padrao_1,moderado,51,2,3,2,3,2,3,2,4,2,3,2,3,2,3,2,3,2,4,2,3
P006714,0.9,padrao_1,moderado,57,2,3,3,4,2,3,4,3,2,3,2,3,2,3,3,2,4,3,2,3
P004943,0.9,padrao_1,sedentário,46,3,2,3,2,4,2,3,2,3,2,4,3,2,3,2,4,3,1,3,2
P003702,0.9,padrao_1,moderado,48,3,3,2,4,3,2,3,2,3,4,3,2,3,3,2,4,3,2,3,3
P006143,0.9,padrao_1,moderado,46,3,3,2,3,2,3,2,4,2,3,3,2,3,2,3,3,2,4,3,3
P005720,0.9,padrao_1,moderado,43,3,3,2,3,4,3,2,3,2,4,3,2,3,3,2,4,3,2,4,3
P007927,0.9,padrao_1,moderado,50,3,3,2,2,3,3,2,2,3,2,3,3,2,2,3,2,3,3,2,3
P001815,0.9,padrao_1,moderado,48,3,3,2,2,3,2,3,2,2,3,3,2,3,2,3,2,3,3,2,3
P009228,0.9,padrao_1,moderado,54,3,3,2,4,3,3,2,4,3,2,3,4,3,3,2,3,4,3,2,3
P005258,0.9,padrao_1,ativo,51,2,3,3,3,2,4,3,2,2,3,4,3,3,2,3,2,3,2,3,2
P002928,0.9,padrao_1,moderado,50,3,3,2,4,3,2,3,2,3,4,2,3,2,3,4,2,3,4,3,2
P004529,0.9,padrao_1,moderado,51,2,2,3,3,2,3,2,3,2,3,2,3,2,3,2,3,2,3,3,2
P010740,0.9,padrao_1,sedentário,49,3,3,2,3,2,3,2,3,2,3,3,2,3,2,4,2,3,3,2,4
P003757,0.9,padrao_1,moderado,54,3,3,2,4,3,2,3,2,3,2,3,4,2,3,2,3,4,2,3,4
P007497,0.9,padrao_1,moderado,52,3,3,4,2,3,3,4,2,3,2,4,3,2,3,4,2,3,4,3,2
P009575,0.9,padrao_1,moderado,48,3,2,3,2,3,3,2,3,2,3,2,2,3,2,3,3,2,3,2,3
P004290,0.9,padrao_1,ativo,50,3,3,2,4,3,2,3,4,2,3,2,3,4,2,3,3,2,4,3,4
P008059,0.9,padrao_1,moderado,48,3,2,3,2,3,2,3,2,3,2,4,3,2,2,3,2,3,2,3,2
P003075,0.9,padrao_1,moderado,48,3,3,2,3,2,3,2,3,2,3,2,3,2,3,2,4,3,2,3,3
P005959,0.9,padrao_1,moderado,53,3,3,2,3,2,3,3,2,3,3,2,3,2,3,2,3,2,3,2,3
P000975,0.9,padrao_1,moderado,49,3,2,2,3,2,3,2,3,2,2,3,2,3,2,3,2,2,3,2,2
P005887,0.9,padrao_1,ativo,44,3,3,4,2,3,2,3,4,2,3,4,2,3,2,3,4,3,2,3,4
P003690,0.9,padrao_1,moderado,50,3,3,2,3,2,3,2,3,2,3,2,3,2,3,2,3,2,3,2,3
P004451,0.9,padrao_1,sedentário,53,3,2,4,3,2,3,4,2,3,4,3,2,4,3,2,4,3,2,4,3
P004681,0.9,padrao_1,ativo,48,3,2,3,2,3,4,2,3,2,3,4,2,3,2,3,2,4,3,3,2
P007996,0.9,padrao_1,moderado,44,3,3,2,2,3,2,3,2,3,2,4,3,2,2,4,3,2,3,3,2
P006126,0.9,padrao_1,moderado,46,3,3,2,2,3,4,2,3,2,3,3,2,3,4,2,3,2,3,4,2
P005703,0.9,padrao_1,moderado,50,3,3,2,3,2,3,2,2,3,2,3,2,3,2,3,3,2,3,2,3
P009838,0.9,padrao_1,moderado,47,3,3,2,3,4,2,3,2,3,2,3,3,2,3,4,2,3,2,3,2
P008819,0.9,padrao_1,moderado,52,2,3,2,3,2,3,2,3,2,3,2,3,2,3,2,3,2,4,2,3
P005743,0.9,padrao_1,muito ativo,42,3,3,2,3,2,2,2,3,2,4,3,2,3,2,3,4,2,3,4,3
P009952,0.9,padrao_1,sedentário,45,3,2,3,2,3,2,3,3,2,2,3,2,3,2,4,3,3,2,4,3
P010361,0.9,padrao_1,ativo,48,2,3,2,3,3,2,2,3,3,2,3,2,3,2,3,3,2,3,2,3
P009914,0.9,padrao_1,moderado,45,3,4,3,2,4,3,2,3,2,4,3,2,4,3,2,4,3,2,3,4
P009226,0.9,padrao_1,moderado,46,3,3,2,2,3,3,2,3,2,3,3,2,3,3,2,2,3,2,3,2
P001151,0.9,padrao_1,moderado,53,3,3,2,4,2,3,3,2,4,3,2,3,2,3,4,2,3,3,4,3
P006111,0.9,padrao_1,moderado,45,3,2,3,2,4,3,2,3,3,2,4,3,2,3,4,3,2,3,4,3
P007434,0.9,padrao_1,moderado,51,3,3,2,3,2,3,3,2,3,2,3,3,2,3,2,3,2,3,3,2
P000242,0.9,padrao_1,moderado,49,3,2,3,2,3,2,3,2,3,2,3,2,3,2,3,2,3,2,3,2
P007809,0.9,padrao_1,ativo,48,3,3,2,3,2,3,2,3,2,3,2,3,2,3,3,2,3,2,3,2
P007500,0.9,padrao_1,ativo,51,3,2,2,3,2,4,3,2,3,2,3,1,2,3,4,1,3,2,3,2
P004954,0.9,padrao_1,moderado,55,3,3,2,4,3,2,3,2,4,3,3,2,4,3,2,3,4,3,2,3
P004609,0.9,padrao_1,sedentário,46,3,3,2,3,4,3,2,3,2,3,3,4,3,2,2,3,3,2,4,3
P009974,0.9,padrao_1,moderado,55,3,2,3,3,2,3,3,2,3,2,3,3,2,3,2,3,2,3,2,3
P000056,0.9,padrao_1,moderado,52,3,3,2,3,2,3,3,2,2,2,3,3,2,3,2,3,2,3,2,3
P000733,0.9,padrao_1,ativo,53,3,3,2,2,3,2,3,2,4,3,2,2,3,4,3,2,3,3,2,3
P006531,0.9,padrao_1,ativo,45,3,4,3,2,4,3,2,4,3,3,2,4,3,2,4,3,2,4,3,2
P005487,0.9,padrao_1,moderado,47,3,3,2,2,4,3,2,3,2,3,2,3,4,2,3,4,3,3,2,3
P000186,0.9,padrao_1,moderado,49,3,2,2,3,2,3,2,3,2,3,2,3,3,2,3,2,3,2,3,2
P003564,0.9,padrao_1,moderado,47,3,3,2,4,3,2,3,2,4,3,4,2,3,1,3,2,3,2,4,3
P008111,0.9,padrao_1,moderado,51,3,2,3,2,2,3,2,2,3,2,3,1,2,3,2,3,2,3,2,3
P004351,0.9,padrao_1,ativo,48,3,3,2,3,2,4,2,3,3,2,4,3,2,3,2,4,3,2,3,2
P003951,0.9,padrao_1,moderado,55,3,3,4,3,4,3,4,2,3,3,4,3,3,4,3,2,3,4,3,3
P002603,0.9,padrao_1,moderado,53,3,3,2,4,2,3,3,2,3,2,4,3,3,2,3,2,4,3,3,2
P001346,0.9,padrao_1,moderado,48,3,3,2,4,2,3,2,3,4,3,2,3,2,3,3,4,2,3,4,2
P009801,0.9,padrao_1,ativo,51,3,3,2,2,3,2,3,2,4,3,2,3,2,3,1,2,3,2,3,2
P006611,0.9,padrao_1,moderado,49,3,2,3,2,3,2,3,2,3,2,3,2,3,2,3,2,3,2,3,2
P005694,0.9,padrao_1,sedentário,50,3,3,2,2,3,2,3,2,4,2,3,3,4,2,3,2,3,2,3,2
P010155,0.9,padrao_1,moderado,49,3,2,3,2,3,2,3,2,3,2,3,2,3,2,3,2,3,2,3,2
P002020,0.9,padrao_1,moderado,50,3,2,3,2,3,2,4,2,3,2,4,3,2,3,3,2,3,2,4,3
P005452,0.9,padrao_1,moderado,49,3,2,3,2,3,2,3,2,4,2,3,2,3,2,4,2,3,2,3,2
P006280,0.9,padrao_1,moderado,47,3,3,2,2,3,3,2,3,3,2,3,3,2,2,3,3,2,3,2,3
P001563,0.9,padrao_1,moderado,50,3,3,2,3,2,3,2,3,2,3,2,3,2,3,2,3,2,3,2,3
P007207,0.9,padrao_1,moderado,49,2,3,2,2,3,2,3,2,3,2,3,1,3,2,2,3,2,3,2,3
P001544,0.9,padrao_1,moderado,45,3,4,3,2,3,4,2,3,3,2,4,3,2,3,4,3,2,3,4,3
P007599,0.9,padrao_1,sedentário,50,3,4,3,2,4,3,3,2,4,3,2,4,3,3,2,4,3,2,4,3
P010135,0.9,padrao_1,sedentário,50,3,3,2,4,2,3,3,2,3,4,2,3,2,3,4,3,2,4,3,2
P008109,0.9,padrao_1,moderado,50,3,4,3,3,2,4,3,2,3,4,2,4,3,2,3,4,3,2,4,3
P008265,0.9,padrao_1,moderado,54,3,3,4,2,3,3,4,2,3,3,2,3,4,2,3,3,4,2,3,3
P003776,0.9,padrao_1,moderado,54,3,2,3,2,3,2,3,1,3,2,2,3,2,3,2,3,2,3,2,3
P002473,0.9,padrao_1,moderado,56,3,3,2,4,3,2,3,2,4,3,2,3,4,2,3,2,4,3,2,3
P004522,0.9,padrao_1,moderado,51,3,2,2,4,3,2,3,4,2,3,2,3,4,3,2,4,3,2,3,4
P000441,0.9,padrao_1,moderado,50,3,3,2,3,4,2,3,2,3,2,4,2,3,2,3,2,4,3,2,3
P006972,0.9,padrao_1,moderado,49,3,3,2,3,2,2,3,2,3,2,3,2,3,2,3,2,3,2,3,2
P010659,0.9,padrao_1,sedentário,51,3,2,3,2,3,4,2,3,4,3,2,3,2,3,4,3,2,3,2,3
P008365,0.9,padrao_1,moderado,50,3,3,2,4,2,3,2,3,3,2,4,3,2,3,2,3,2,4,3,2
P001615,0.9,padrao_1,moderado,48,2,3,2,3,2,3,2,3,2,3,2,2,3,2,3,2,3,2,3,2
P009252,0.9,padrao_1,moderado,55,3,3,2,4,3,2,3,2,3,2,3,4,2,3,3,2,4,3,2,3
P007938,0.9,padrao_1,ativo,51,3,2,3,2,3,4,2,3,3,2,3,2,3,4,2,3,3,2,3,2
P005520,0.9,padrao_1,moderado,50,3,3,2,2,3,3,2,3,2,2,3,2,3,3,2,2,3,3,2,3
P008182,0.9,padrao_1,moderado,48,3,2,3,3,2,3,2,3,2,3,4,3,2,3,4,2,3,2,3,3
P001476,0.9,padrao_1,moderado,56,3,2,4,3,2,3,4,2,3,2,3,4,2,3,1,4,2,3,3,2
P004604,0.9,padrao_1,moderado,48,3,3,2,2,3,2,3,2,3,2,3,3,2,3,2,3,2,3,3,2
P002250,0.9,padrao_1,moderado,49,3,2,3,2,3,2,3,2,3,2,3,2,3,2,3,2,3,2,3,2
P006124,0.9,padrao_1,moderado,53,3,2,3,2,3,2,3,2,3,2,2,3,2,3,3,2,3,2,2,3
P003782,0.9,padrao_1,moderado,47,3,3,2,3,4,3,2,4,3,3,2,4,2,3,3,2,3,3,4,2
P009617,0.9,padrao_1,moderado,50,3,3,3,2,3,2,3,2,3,2,3,2,3,2,3,2,2,3,2,3
P008696,0.9,padrao_1,ativo,55,3,2,3,3,2,3,2,2,4,3,2,3,2,3,4,2,3,3,2,3
P008015,0.9,padrao_1,sedentário,53,3,3,2,3,2,4,3,3,2,4,3,2,3,4,2,3,4,3,2,3
P001391,0.9,padrao_1,sedentário,55,3,3,2,4,2,3,2,3,4,2,3,2,3,4,2,3,2,3,1,3
P000575,0.9,padrao_1,moderado,56,3,3,4,3,4,3,2,3,4,3,2,3,4,3,2,3,4,3,2,3
P007099,0.9,padrao_1,moderado,49,3,2,3,2,3,2,3,2,3,2,3,2,3,2,3,2,3,2,3,2
P010657,0.9,padrao_1,moderado,49,3,3,2,3,2,2,3,2,3,2,3,3,2,3,2,3,2,2,3,2
P010357,0.9,padrao_1,moderado,49,2,3,2,3,2,3,2,3,3,2,3,2,3,2,3,2,3,2,3,2
P007684,0.9,padrao_1,moderado,53,3,3,2,4,3,3,2,4,3,2,3,2,4,3,3,2,4,3,2,3
P001036,0.9,padrao_1,moderado,48,3,2,2,3,3,2,3,2,3,2,3,2,3,1,3,2,3,2,3,2
P010700,0.9,padrao_1,ativo,44,3,3,2,2,3,4,2,3,2,3,4,2,3,2,3,4,2,3,2,3
P001112,0.9,padrao_1,moderado,50,3,2,3,3,2,3,2,3,2,3,2,3,3,2,3,2,3,2,3,2
P000518,0.9,padrao_1,moderado,52,2,3,2,3,2,3,2,2,3,3,2,2,3,2,2,3,2,3,2,3
P000675,0.9,padrao_1,moderado,48,3,4,3,2,3,4,2,3,3,2,4,3,2,3,4,3,2,4,2,3
P008600,0.9,padrao_1,ativo,50,3,3,2,3,2,4,3,2,4,3,2,2,3,2,3,3,2,3,4,2
P000922,0.9,padrao_1,moderado,47,3,3,2,3,2,3,2,3,2,3,2,2,3,2,3,2,3,2,3,2
P008768,0.9,padrao_1,moderado,53,3,2,3,2,4,2,3,2,4,3,2,3,2,4,3,2,3,2,3,4
P002345,0.9,padrao_1,moderado,45,3,4,3,2,3,2,4,3,2,3,4,3,2,3,3,4,3,2,3,4
P010416,0.9,padrao_1,moderado,50,3,2,3,2,3,3,2,3,2,2,3,3,2,3,2,3,2,3,2,3
P001710,0.9,padrao_1,moderado,45,3,3,2,2,3,3,2,3,2,4,2,3,2,3,3,2,3,2,3,2
P005869,0.9,padrao_1,moderado,49,3,3,2,3,2,2,3,2,3,2,3,3,2,2,3,2,3,2,3,2
P000295,0.9,padrao_1,moderado,54,3,3,2,4,2,3,2,4,3,2,3,3,2,4,2,3,3,4,2,3
P000533,0.9,padrao_1,moderado,51,3,2,2,3,2,3,2,3,2,3,2,3,2,3,2,3,2,3,2,3
P000969,0.9,padrao_1,moderado,50,3,3,2,3,4,3,2,3,2,3,2,3,3,4,2,3,2,3,3,4
P010288,0.9,padrao_1,ativo,55,3,4,2,3,4,3,3,2,4,3,2,3,4,3,2,3,3,4,2,3
P002457,0.9,padrao_1,moderado,53,3,3,4,2,3,3,2,4,3,3,2,3,2,4,3,2,4,3,2,3
P003524,0.9,padrao_1,moderado,51,3,3,4,2,3,2,4,3,2,3,2,3,4,2,3,3,3,4,3,2
P006571,0.9,padrao_1,moderado,46,3,4,3,2,4,3,2,3,4,2,3,1,4,3,2,4,3,2,3,2
P007170,0.9,padrao_1,moderado,51,3,3,4,3,3,2,3,2,4,3,3,2,3,2,3,3,4,2,3,3
P007854,0.9,padrao_1,sedentário,53,3,4,3,4,2,4,3,3,2,4,3,4,2,3,4,2,3,4,2,3
P009098,0.9,padrao_1,sedentário,53,3,3,2,3,2,3,4,2,3,2,3,2,4,2,3,3,2,3,2,3
P005461,0.9,padrao_1,ativo,51,3,3,2,3,2,3,2,3,2,2,3,4,2,3,2,3,3,2,2,3
P006474,0.9,padrao_1,moderado,50,3,3,2,3,2,3,2,3,2,3,2,3,3,2,3,2,3,3,2,2
P009770,0.9,padrao_1,moderado,47,3,4,3,2,3,3,2,2,3,2,3,3,4,2,3,4,2,3,3,2
P009584,0.9,padrao_1,moderado,50,3,3,2,2,3,3,2,2,3,2,3,2,3,2,1,3,2,3,2,3
P005586,0.9,padrao_1,moderado,50,3,3,2,3,2,3,2,3,2,3,3,2,3,4,2,3,2,3,2,3
P007342,0.9,padrao_1,moderado,52,3,2,3,3,2,3,2,2,1,3,2,3,2,3,2,3,2,3,2,3
P007175,0.9,padrao_1,moderado,50,2,2,3,3,3,2,3,3,2,3,2,3,2,2,3,3,2,3,2,3
P002220,0.9,padrao_1,moderado,50,3,3,3,2,3,2,3,2,2,3,2,3,2,3,2,3,2,3,2,3
P004256,0.9,padrao_1,ativo,52,3,4,3,2,3,2,3,4,3,2,3,4,2,3,3,2,4,3,2,4
P003335,0.9,padrao_1,moderado,51,3,3,2,3,2,3,3,2,3,2,3,2,3,2,3,2,3,2,3,3
P008790,0.9,padrao_1,moderado,50,3,3,2,3,2,3,2,3,2,3,2,3,2,3,2,3,2,3,2,3
P005474,0.9,padrao_1,moderado,51,3,2,3,2,3,2,3,2,2,3,2,3,2,3,2,3,2,3,2,3
P002379,0.9,padrao_1,moderado,47,3,2,3,2,3,2,2,3,2,3,2,3,3,2,3,2,3,2,3,2
P003784,0.9,padrao_1,moderado,52,3,2,3,2,3,2,3,2,3,2,3,3,2,3,2,3,2,3,2,3
P009461,0.9,padrao_1,moderado,51,3,4,3,2,3,4,3,2,3,2,3,4,3,2,3,4,3,2,3,4
P009294,0.9,padrao_1,moderado,53,3,3,2,3,2,4,3,2,3,2,3,2,3,4,3,2,3,2,3,2
P008658,0.9,padrao_1,ativo,48,3,3,2,3,2,3,2,3,2,2,3,2,3,2,3,3,2,3,2,3
P001537,0.9,padrao_1,moderado,48,3,3,2,3,4,2,3,3,2,4,3,2,3,4,3,2,3,3,2,3
P005549,0.9,padrao_1,moderado,49,3,3,2,4,3,2,3,2,1,3,3,4,3,2,2,4,3,2,3,4
P007274,0.9,padrao_1,moderado,53,3,3,2,3,2,3,3,2,3,2,3,2,3,3,2,3,2,3,2,3
P009413,0.9,padrao_1,moderado,55,3,2,3,3,2,4,3,2,2,3,4,3,3,2,3,2,4,3,2,3
P003129,0.9,padrao_1,moderado,49,3,3,2,2,3,2,3,2,2,3,2,3,2,3,2,2,3,2,3,3
P010265,0.9,padrao_1,moderado,50,3,3,2,3,2,3,3,2,2,3,3,2,4,3,2,3,2,3,3,2
P000963,0.9,padrao_1,moderado,48,3,2,3,2,3,3,2,4,3,2,2,3,3,2,3,3,2,3,3,2
P002566,0.9,padrao_1,moderado,44,3,3,2,2,3,3,2,3,3,2,3,2,3,2,3,4,3,2,3,2
P000066,0.9,padrao_1,moderado,52,3,2,3,2,3,2,3,2,4,2,3,2,3,3,2,4,2,3,2,3
P006084,0.9,padrao_1,sedentário,52,3,2,3,2,4,3,4,2,3,2,4,3,3,2,3,2,4,3,4,3
P007142,0.9,padrao_1,moderado,48,3,3,2,4,2,3,2,3,2,3,4,2,3,3,2,4,2,3,3,4
P005283,0.9,padrao_1,moderado,45,3,3,2,2,2,3,2,3,1,2,3,2,2,3,2,2,3,1,3,2
P002274,0.9,padrao_1,moderado,49,3,3,2,3,2,3,2,3,2,3,2,3,3,2,3,3,2,3,2,3
P009783,0.9,padrao_1,sedentário,53,3,4,3,2,3,3,2,3,4,2,3,4,3,2,3,2,4,3,2,3
P001918,0.9,padrao_1,moderado,50,3,3,2,3,2,3,2,3,2,3,2,3,2,3,2,3,2,3,2,3
P007184,0.9,padrao_1,moderado,56,3,3,4,3,2,3,4,2,3,3,2,4,3,2,3,3,4,2,3,3
P002041,0.9,padrao_1,moderado,53,3,4,3,2,3,4,3,3,4,2,3,4,3,2,3,4,3,4,2,3
P001598,0.9,padrao_1,moderado,49,3,3,2,3,2,3,2,3,2,3,2,3,3,2,3,2,3,2,3,3
P009243,0.9,padrao_1,moderado,50,3,3,2,3,2,3,2,3,2,2,3,2,3,3,2,3,2,3,2,3
P000539,0.9,padrao_1,moderado,53,3,3,2,3,2,3,2,2,4,3,3,2,3,2,3,2,3,4,2,3
P003507,0.9,padrao_1,moderado,51,3,2,4,3,2,3,2,4,3,2,3,4,2,3,2,4,3,2,4,3
P006400,0.9,padrao_1,moderado,49,3,3,2,3,2,2,3,2,3,2,3,2,3,2,3,2,3,2,3,2
P007784,0.9,padrao_1,moderado,49,2,2,3,2,3,2,3,2,3,2,3,2,2,3,2,3,2,2,3,2
P001606,0.9,padrao_1,moderado,49,3,3,2,3,2,3,3,2,3,2,3,2,3,2,3,3,3,2,3,2
P000013,0.9,padrao_1,moderado,49,3,2,3,2,3,2,3,2,3,2,3,2,3,2,3,2,3,2,3,2
P004010,0.9,padrao_1,moderado,53,3,2,3,3,2,2,4,3,2,3,2,3,2,3,2,3,2,3,2,3
P010632,0.9,padrao_1,ativo,48,3,2,3,2,3,4,2,3,2,3,4,2,3,2,3,2,3,4,3,2
P003200,0.9,padrao_1,sedentário,45,3,3,2,3,4,3,2,4,3,3,2,4,3,2,3,4,2,3,4,3
P004560,0.9,padrao_1,sedentário,54,3,3,4,3,3,2,3,2,4,3,3,2,3,2,3,2,4,3,3,4
P006306,0.9,padrao_1,moderado,54,3,3,2,3,2,4,3,2,3,2,3,3,4,2,3,3,2,3,2,3
P003529,0.9,padrao_1,moderado,48,3,3,2,3,2,3,2,3,2,3,2,3,2,2,3,3,2,3,2,3
P002173,0.9,padrao_1,moderado,53,3,3,2,4,3,3,2,3,4,2,3,3,2,4,3,2,3,4,3,2
P003386,0.9,padrao_1,moderado,48,3,3,2,3,2,3,2,3,2,3,2,3,2,3,3,2,3,2,3,2
P004228,0.9,padrao_1,moderado,46,3,3,2,2,3,3,2,3,2,3,2,3,2,3,3,2,3,2,3,2
P010125,0.9,padrao_1,moderado,50,3,3,4,3,3,4,2,3,4,3,2,3,3,2,4,3,3,2,4,3
P002049,0.9,padrao_1,moderado,55,3,3,2,4,2,3,3,2,3,2,4,3,2,3,3,2,4,3,2,3
P000416,0.9,padrao_1,moderado,50,3,3,2,2,4,3,2,3,3,2,4,2,3,4,2,3,4,3,2,3
P006716,0.9,padrao_1,moderado,57,3,3,2,4,2,3,3,1,3,2,3,2,4,3,2,3,4,2,3,4
P008439,0.9,padrao_1,moderado,52,3,4,3,2,3,4,3,2,4,3,2,3,2,4,3,3,2,4,3,2
P001547,0.9,padrao_1,moderado,49,3,3,2,3,2,3,2,3,2,2,3,4,3,3,2,3,2,2,3,2
P008642,0.9,padrao_1,moderado,51,3,3,2,3,2,3,2,3,2,3,2,3,2,3,1,3,2,3,2,3
P000196,0.9,padrao_1,moderado,55,3,3,2,3,2,4,3,2,3,2,3,2,4,3,3,2,3,4,3,2
P007235,0.9,padrao_1,moderado,47,3,3,2,3,2,2,4,3,2,3,3,2,3,2,4,3,2,3,2,3
P004701,0.9,padrao_1,moderado,49,3,3,2,3,2,3,2,2,3,3,2,2,3,3,2,3,2,2,3,2
P004116,0.9,padrao_1,moderado,49,3,2,3,3,2,2,3,2,2,3,3,2,2,3,2,3,2,3,3,2
P001070,0.9,padrao_1,moderado,45,3,4,3,3,4,3,2,3,2,4,3,4,2,3,3,4,2,3,3,4
P006778,0.9,padrao_1,moderado,50,3,3,2,2,3,3,2,2,3,2,3,3,2,4,3,2,3,2,3,3
P006466,0.9,padrao_1,moderado,43,3,3,2,3,2,2,3,3,2,4,3,2,2,3,3,3,2,2,3,2
P001469,0.9,padrao_1,moderado,49,3,3,2,3,2,3,2,3,2,3,2,4,3,2,3,2,3,2,3,2
P008148,0.9,padrao_1,moderado,46,3,4,3,2,4,3,2,3,4,2,3,4,3,2,3,4,2,3,4,3
P000604,0.9,padrao_1,moderado,46,3,2,3,2,3,3,2,3,2,3,2,3,2,3,2,3,2,1,3,2
P007698,0.9,padrao_1,moderado,52,3,2,3,2,3,2,3,2,3,2,3,2,3,3,2,3,2,3,2,3
P007078,0.9,padrao_1,moderado,49,3,2,3,2,3,2,3,2,3,2,3,2,3,2,3,2,3,2,3,2
P006836,0.9,padrao_1,muito ativo,49,3,2,3,2,3,2,3,2,3,2,3,2,3,2,3,2,3,2,3,2
P003786,0.9,padrao_1,sedentário,52,3,3,2,3,2,3,2,3,4,2,3,2,3,3,2,3,2,3,3,4
P008840,0.9,padrao_1,moderado,48,2,3,3,2,3,2,3,2,3,2,3,2,3,1,3,2,3,2,3,2
P005248,0.9,padrao_1,moderado,58,3,3,2,4,2,3,4,2,3,3,2,3,4,2,3,2,3,4,2,3
P006837,0.9,padrao_1,moderado,50,3,3,2,3,2,3,2,3,2,3,2,3,2,3,2,3,2,3,2,3
P003759,0.9,padrao_1,sedentário,47,3,4,3,2,4,3,4,3,2,4,3,2,4,3,2,4,3,2,3,4
P004974,0.9,padrao_1,moderado,53,3,2,3,4,3,2,3,2,3,4,2,3,4,3,2,3,2,3,4,3
P005934,0.9,padrao_1,moderado,49,3,2,3,2,3,2,3,2,3,2,3,2,3,2,3,2,3,2,3,2
P008390,0.9,padrao_1,moderado,49,3,2,3,2,3,2,3,2,2,3,3,2,3,4,3,2,2,3,4,3
P006550,0.9,padrao_1,ativo,58,3,2,3,2,3,4,3,2,4,3,2,4,3,2,3,2,4,3,2,3
P000428,0.9,padrao_1,moderado,52,2,3,2,3,2,3,2,2,3,3,2,2,3,3,2,2,3,2,3,2
P000362,0.9,padrao_1,moderado,51,3,2,2,3,2,3,2,3,2,3,2,3,2,3,2,3,2,3,2,3
P001064,0.9,padrao_1,moderado,48,3,3,4,3,4,3,2,4,3,3,4,2,3,3,4,3,4,3,2,3
P003268,0.9,padrao_1,moderado,46,3,3,2,3,2,3,2,3,2,2,3,3,2,2,3,3,2,2,3,3
P001746,0.9,padrao_1,moderado,57,3,2,4,3,2,3,4,2,3,2,4,3,2,3,4,2,3,4,2,3
P004815,0.9,padrao_1,ativo,48,3,2,3,1,4,3,2,4,3,2,3,1,4,2,3,1,4,3,2,1
P010162,0.9,padrao_1,ativo,52,3,2,4,3,2,3,4,2,3,4,2,3,4,2,3,4,2,3,4,2
P008937,0.9,padrao_1,moderado,49,3,3,2,3,2,3,2,3,2,3,2,3,2,3,2,3,2,3,3,3
P008999,0.9,padrao_1,moderado,50,3,3,2,3,2,2,3,3,2,3,2,3,2,3,2,3,2,3,2,3
P004950,0.9,padrao_1,moderado,47,3,4,3,2,3,4,3,3,2,4,3,4,2,3,3,4,2,4,3,3
P003860,0.9,padrao_1,ativo,48,3,3,2,3,4,3,2,3,2,3,4,3,2,3,3,2,4,3,2,3
P010480,0.9,padrao_1,moderado,48,3,3,2,3,2,2,3,3,2,3,2,3,3,2,2,3,3,2,3,2
P005642,0.9,padrao_1,ativo,48,3,3,2,2,3,3,2,2,3,2,3,2,3,2,3,3,2,3,2,3
P005085,0.9,padrao_1,ativo,45,3,4,2,3,4,3,4,2,3,4,2,3,4,2,3,4,2,3,4,1
P002661,0.9,padrao_1,moderado,49,2,3,2,3,2,3,1,2,2,3,2,3,1,2,3,2,3,2,2,3
P006233,0.9,padrao_1,moderado,52,3,2,3,2,3,2,3,2,3,3,2,3,2,3,2,3,2,3,2,3
P001838,0.9,padrao_1,moderado,48,3,3,2,3,2,2,3,3,2,2,3,3,2,4,3,3,2,2,3,3
P000297,0.9,padrao_1,sedentário,44,3,2,3,2,4,3,2,3,2,3,4,2,3,2,4,3,2,3,2,3
P007391,0.9,padrao_1,moderado,51,3,4,2,4,3,4,2,3,4,3,2,3,4,3,2,4,3,2,4,3
P006248,0.9,padrao_1,sedentário,51,3,4,3,2,3,4,3,2,3,4,2,3,4,3,2,3,2,3,4,3
P008661,0.9,padrao_1,sedentário,48,3,3,4,3,3,2,3,4,2,3,2,3,3,2,4,3,3,2,2,3
P009526,0.9,padrao_1,moderado,53,3,3,2,3,2,3,2,3,4,2,3,2,3,3,2,3,2,3,2,4
P004179,0.9,padrao_1,moderado,49,3,3,2,3,2,3,2,2,2,3,2,3,2,3,2,3,3,2,3,2
P010220,0.9,padrao_1,moderado,52,3,2,3,2,3,2,3,2,3,2,3,2,3,3,2,3,2,3,2,3
P005944,0.9,padrao_1,moderado,53,3,3,2,4,2,3,3,2,3,2,3,3,2,4,2,3,2,3,3,2
P007968,0.9,padrao_1,moderado,51,3,3,4,2,3,2,3,3,4,2,3,4,2,3,3,3,2,4,3,2
P000585,0.9,padrao_1,sedentário,46,3,3,2,3,2,3,2,3,1,3,2,2,3,2,3,2,2,3,3,2
P000667,0.9,padrao_1,moderado,48,3,3,2,2,3,2,3,3,2,3,2,3,2,3,3,2,3,2,2,3
P006706,0.9,padrao_1,ativo,55,3,3,2,4,3,2,3,2,4,3,3,2,4,3,2,3,4,3,2,3
P007126,0.9,padrao_1,moderado,49,3,3,2,3,2,3,2,3,2,2,3,3,3,2,3,3,2,3,2,3
P000331,0.9,padrao_1,moderado,50,3,2,3,2,3,2,4,3,2,3,2,3,2,3,2,3,2,4,3,2
P000545,0.9,padrao_1,moderado,48,3,3,2,3,2,3,2,3,2,3,2,3,2,3,2,3,3,2,3,2
P004573,0.9,padrao_1,moderado,55,3,2,3,3,2,4,3,2,3,2,3,2,4,3,2,3,3,2,3,2
P009676,0.9,padrao_1,ativo,46,3,3,2,3,4,2,3,2,3,4,2,3,4,2,3,3,2,3,4,2
P000410,0.9,padrao_1,sedentário,58,3,3,2,4,2,3,3,2,4,2,3,2,4,3,2,3,4,3,2,3
P009590,0.9,padrao_1,moderado,46,3,4,3,2,3,2,4,3,2,3,3,4,2,3,4,2,3,3,4,2
P008197,0.9,padrao_1,moderado,51,3,2,3,2,3,2,3,2,4,3,2,3,3,2,4,3,2,3,2,3
P001394,0.9,padrao_1,ativo,50,3,3,2,2,3,2,3,2,3,2,3,2,4,3,2,3,2,4,3,2
P005049,0.9,padrao_1,ativo,54,3,3,2,4,3,2,4,2,3,1,4,3,2,3,4,2,3,4,2,3
P004136,0.9,padrao_1,moderado,49,3,3,2,4,3,2,3,2,3,4,2,3,3,2,4,3,2,3,3,4
P005620,0.9,padrao_1,moderado,50,3,3,2,3,2,3,2,3,2,3,2,3,2,3,2,3,2,3,2,3
P000364,0.9,padrao_1,ativo,50,3,3,2,3,2,3,2,3,2,3,2,3,2,3,2,3,2,3,2,3
P010345,0.9,padrao_1,sedentário,51,3,3,2,4,2,3,3,2,3,2,4,3,2,3,3,4,2,3,3,4
P000659,0.9,padrao_1,moderado,48,3,3,2,3,2,3,2,3,2,3,2,3,3,2,3,2,3,2,3,2
P001321,0.9,padrao_1,moderado,51,3,2,3,2,3,2,3,2,3,2,3,2,3,2,2,3,2,3,2,3
P010691,0.9,padrao_1,moderado,59,3,3,4,3,3,4,3,2,3,3,2,4,3,3,2,3,4,3,2,3
P006254,0.9,padrao_1,ativo,55,3,3,2,4,3,2,3,2,4,3,2,3,1,4,3,2,3,3,2,4
P005658,0.9,padrao_1,moderado,55,3,2,3,3,2,2,3,2,4,3,2,3,2,3,2,3,3,2,2,3
P003280,0.9,padrao_1,ativo,50,3,3,2,3,2,2,3,3,2,2,3,3,2,3,2,3,2,3,2,3
P004267,0.9,padrao_1,moderado,51,3,2,3,2,3,2,3,2,3,2,3,2,3,2,4,2,3,3,2,3
P008431,0.9,padrao_1,sedentário,57,3,3,2,3,2,3,4,2,3,2,3,4,2,3,3,2,3,4,2,3
P001166,0.9,padrao_1,moderado,51,3,3,2,3,2,2,3,2,3,3,2,2,3,2,2,3,2,3,2,3
P000588,0.9,padrao_1,moderado,53,3,3,2,3,2,3,2,2,4,3,2,3,2,4,2,3,4,2,3,2
P010614,0.9,padrao_1,moderado,52,3,2,3,3,2,3,2,3,2,3,2,3,2,3,2,3,2,3,2,3
P003707,0.9,padrao_1,moderado,51,3,2,3,2,4,3,2,3,4,2,3,2,4,3,4,2,3,2,3,4
P003230,0.9,padrao_1,moderado,51,3,3,3,2,2,3,3,2,3,2,3,3,2,3,2,3,2,2,3,3
P002349,0.9,padrao_1,ativo,47,3,4,3,2,3,2,4,3,3,2,4,3,2,3,4,3,2,4,3,3
P009875,0.9,padrao_1,moderado,46,3,3,2,4,3,3,2,4,2,3,3,2,4,3,2,4,3,2,4,3
P008325,0.9,padrao_1,moderado,49,3,2,3,2,3,2,3,2,3,2,3,2,3,2,3,2,3,2,3,2
P009265,0.9,padrao_1,moderado,54,3,2,3,2,3,2,4,3,3,2,3,3,2,4,3,2,3,3,2,3
P009745,0.9,padrao_1,moderado,50,3,2,4,3,2,3,4,3,2,4,3,2,3,3,2,4,3,2,4,3
P010262,0.9,padrao_1,ativo,51,3,3,2,4,3,2,3,4,2,3,2,3,4,3,2,4,3,3,2,3
P000587,0.9,padrao_1,moderado,52,3,4,3,2,3,2,3,2,4,2,3,3,4,2,3,3,4,2,3,4
P002111,0.9,padrao_1,moderado,50,3,2,3,4,2,3,3,2,4,3,3,2,3,2,4,3,2,3,4,2
P000903,0.9,padrao_1,ativo,50,3,3,4,2,3,4,2,3,3,2,4,3,2,3,4,2,3,4,3,2
P003861,0.9,padrao_1,moderado,46,3,3,2,4,3,3,2,4,2,3,2,3,3,2,4,2,3,3,4,2
P006773,0.9,padrao_1,sedentário,49,3,2,3,2,3,2,3,2,3,2,3,2,3,2,3,2,3,2,3,2
P000231,0.9,padrao_1,moderado,47,3,3,2,2,3,3,2,3,2,2,3,3,2,3,2,3,3,2,3,3
P000857,0.9,padrao_1,moderado,52,3,4,3,3,2,3,3,2,4,3,2,3,3,2,4,3,2,3,2,3
P004896,0.9,padrao_1,moderado,51,3,3,2,3,2,3,3,2,3,2,3,2,3,2,3,3,2,3,2,3
P006142,0.9,padrao_1,moderado,48,3,3,2,3,2,3,2,3,2,3,2,3,3,2,3,2,3,2,3,2
P006319,0.9,padrao_1,moderado,47,2,3,2,2,3,2,2,3,2,3,2,3,2,3,2,2,3,2,3,2
P000997,0.9,padrao_1,moderado,49,3,2,3,2,3,2,3,2,3,2,3,2,3,2,3,2,3,2,3,2
P008406,0.9,padrao_1,moderado,48,3,3,2,3,2,3,3,2,2,3,2,3,2,2,3,3,2,3,3,2
P009360,0.9,padrao_1,moderado,46,3,3,2,3,3,2,2,3,2,3,2,3,2,3,2,3,2,3,3,2
P008777,0.9,padrao_1,moderado,50,3,2,3,2,3,2,3,2,3,2,3,2,3,2,3,1,3,2,3,2
P005336,0.9,padrao_1,ativo,49,3,2,3,2,3,2,3,2,3,2,3,2,3,1,2,3,2,3,2,2
P000216,0.9,padrao_1,moderado,48,3,2,3,2,4,3,2,2,3,4,2,2,3,3,4,3,2,3,2,3
P005146,0.9,padrao_1,moderado,49,3,3,2,3,2,2,3,2,3,2,3,2,3,2,3,2,3,2,3,2
P008012,0.9,padrao_1,moderado,47,3,3,2,3,2,2,3,4,3,2,2,3,3,2,3,4,3,2,4,3
P007967,0.9,padrao_1,moderado,50,3,3,2,3,2,3,2,3,2,3,2,3,2,3,2,3,2,3,2,3
P010619,0.9,padrao_1,moderado,49,3,3,2,3,2,3,2,3,2,3,2,2,3,2,3,2,3,2,2,3
P003766,0.9,padrao_1,moderado,54,3,4,2,3,3,2,4,2,3,3,2,3,4,3,2,3,4,2,3,4
P003849,0.9,padrao_1,moderado,53,3,3,4,2,2,3,4,2,3,3,2,4,3,2,3,4,3,2,3,3
P003844,0.9,padrao_1,moderado,48,3,2,3,2,3,2,4,3,2,3,1,2,2,3,4,2,3,2,3,2
P004843,0.9,padrao_1,moderado,58,3,2,3,4,2,3,2,3,4,3,2,3,4,3,2,3,4,2,3,4
P007127,0.9,padrao_1,moderado,49,3,2,3,2,3,2,3,2,3,2,3,2,3,2,3,2,3,2,3,2
P000176,0.9,padrao_1,ativo,51,2,3,2,3,2,3,2,3,2,2,3,3,2,3,1,2,3,2,3,2
P005821,0.9,padrao_1,moderado,49,3,2,3,2,2,3,2,3,2,3,2,3,2,3,3,2,3,2,3,2
P005486,0.9,padrao_1,moderado,54,3,2,3,2,4,3,2,3,4,2,3,2,3,4,2,3,3,4,2,3
P009506,0.9,padrao_1,moderado,49,3,2,3,2,3,2,3,2,3,2,3,2,3,2,3,2,3,2,3,2
P003926,0.9,padrao_1,moderado,45,3,3,2,3,2,3,2,4,2,3,2,3,3,2,4,3,3,2,4,3
P002624,0.9,padrao_1,sedentário,53,3,2,3,2,3,2,3,2,4,3,2,3,2,3,2,3,2,3,2,3
P000391,0.9,padrao_1,moderado,51,2,3,2,3,2,3,2,3,2,3,2,3,2,3,2,3,2,3,2,3
P004169,0.9,padrao_1,moderado,52,3,3,2,3,2,2,3,2,3,2,2,3,3,2,3,3,2,3,2,3
P007871,0.9,padrao_1,ativo,53,3,2,3,2,2,4,3,2,3,2,4,3,2,3,2,3,2,4,3,2
P008863,0.9,padrao_1,sedentário,49,2,3,2,3,3,2,3,2,3,2,3,2,3,2,3,2,3,2,3,2
P005816,0.9,padrao_1,moderado,50,3,3,2,3,2,3,2,3,2,2,3,2,3,3,2,3,2,3,2,3
P002466,0.9,padrao_1,moderado,44,3,3,2,2,3,2,3,3,2,2,3,3,2,2,3,3,2,2,3,3
P004721,0.9,padrao_1,moderado,50,3,4,3,4,2,3,3,4,2,3,2,4,3,2,4,3,2,4,3,3
P005641,0.9,padrao_1,moderado,48,2,3,2,3,2,3,2,4,3,2,3,2,3,2,3,4,2,3,2,3
P002858,0.9,padrao_1,moderado,51,2,3,2,3,2,3,2,3,2,3,2,3,2,3,2,3,2,3,2,3
P003788,0.9,padrao_1,moderado,48,3,3,2,4,3,2,3,3,2,4,3,2,4,3,2,4,3,2,3,4
P007954,0.9,padrao_1,moderado,47,3,3,2,3,2,3,2,2,2,3,3,2,3,2,3,2,2,3,3,2
P007140,0.9,padrao_1,sedentário,56,3,3,4,2,3,4,3,2,3,2,3,4,3,2,4,2,3,4,2,3
P004484,0.9,padrao_1,moderado,47,3,3,2,3,2,3,3,2,2,3,2,3,2,2,3,3,2,2,3,2
P004572,0.9,padrao_1,moderado,54,3,3,4,3,2,4,3,3,2,4,3,2,4,3,2,4,3,3,2,4
P001370,0.9,padrao_1,moderado,52,3,3,3,2,3,2,3,2,3,3,2,4,3,2,3,2,3,4,3,2
P008854,0.9,padrao_1,moderado,47,3,3,2,2,3,2,3,2,3,2,3,3,2,2,2,3,3,2,3,2
P009607,0.9,padrao_1,ativo,47,3,3,2,3,2,4,2,3,2,3,4,3,3,2,2,3,2,3,3,2
P004913,0.9,padrao_1,sedentário,55,3,3,2,4,2,3,2,3,4,2,3,2,4,3,2,3,4,2,3,4
P004500,0.9,padrao_1,ativo,45,3,3,2,2,3,2,3,3,2,2,4,3,2,2,3,3,2,3,2,3
P009447,0.9,padrao_1,moderado,54,3,2,3,4,2,3,2,3,4,2,3,3,4,2,3,3,4,2,3,2
P009972,0.9,padrao_1,moderado,50,3,3,2,3,2,3,2,3,2,3,2,3,2,3,2,3,2,3,2,3
P004989,0.9,padrao_1,ativo,47,3,4,2,3,4,2,3,4,2,3,3,4,2,3,4,2,3,4,2,3
P007600,0.9,padrao_1,moderado,48,3,4,3,2,2,3,4,3,2,3,4,2,3,4,2,3,3,2,4,3
P007165,0.9,padrao_1,moderado,51,2,3,2,3,2,2,3,2,3,2,3,2,3,2,3,3,2,3,2,3
P004263,0.9,padrao_1,moderado,51,3,2,3,2,3,2,3,2,3,2,3,2,3,3,2,2,3,2,3,2
P004115,0.9,padrao_1,moderado,47,3,4,3,3,4,3,2,4,3,4,3,2,3,4,3,3,4,2,3,4
P006175,0.9,padrao_1,moderado,48,3,3,2,3,2,3,2,3,2,3,2,3,2,3,2,3,2,3,3,2
P004680,0.9,padrao_1,sedentário,53,3,4,3,2,3,2,4,3,2,3,2,4,3,3,2,3,4,3,2,3
P002644,0.9,padrao_1,moderado,53,3,2,3,3,2,2,3,2,4,3,2,3,2,3,3,2,3,2,3,2
P003071,0.9,padrao_1,ativo,48,3,4,2,3,2,4,2,3,4,2,3,4,2,3,4,3,2,3,4,2
P010784,0.9,padrao_1,moderado,50,3,2,3,2,3,3,2,3,2,3,2,3,2,3,2,2,3,2,3,3
P002532,0.9,padrao_1,moderado,47,3,3,2,2,3,2,3,3,2,2,3,2,3,2,3,2,3,2,2,3
P006827,0.9,padrao_1,moderado,53,3,3,2,3,2,3,3,2,2,3,3,3,2,3,2,2,3,3,2,3
P002091,0.9,padrao_1,moderado,47,3,3,2,3,2,3,2,4,3,3,2,3,2,3,2,3,2,3,4,2
P005337,0.9,padrao_1,moderado,50,3,4,3,2,4,3,3,2,3,2,4,3,2,4,3,2,3,4,3,2
P000646,0.9,padrao_1,moderado,48,3,2,3,2,4,2,3,3,2,3,2,4,3,2,3,3,2,4,3,2
P005967,0.9,padrao_1,moderado,51,2,3,3,2,3,2,3,2,3,2,2,3,3,2,3,2,3,2,3,2
P006784,0.9,padrao_1,moderado,47,3,3,2,2,3,3,2,2,2,3,3,2,3,2,3,2,3,3,2,2
P010501,0.9,padrao_1,sedentário,53,3,3,2,2,3,4,3,2,3,2,3,2,4,3,3,2,3,4,3,2
P001300,0.9,padrao_1,moderado,49,3,3,2,2,3,2,3,2,3,2,2,3,2,3,2,3,3,2,3,2
P000233,0.9,padrao_1,sedentário,50,3,2,3,2,3,3,2,2,3,2,3,3,2,3,3,2,3,2,3,2
P001654,0.9,padrao_1,moderado,49,3,3,2,2,3,2,3,2,3,2,2,3,3,2,3,2,2,3,3,2
P005291,0.9,padrao_1,ativo,46,3,4,3,2,3,3,2,4,2,3,3,2,4,3,4,2,3,2,3,4
P000568,0.9,padrao_1,ativo,54,3,2,3,2,3,2,3,2,3,2,3,2,3,3,2,2,3,3,2,3
P002146,0.9,padrao_1,sedentário,53,3,3,2,3,2,3,2,4,3,2,3,2,4,3,3,2,4,3,2,3
P001097,0.9,padrao_1,moderado,48,3,4,2,3,2,3,4,3,2,3,4,2,3,3,2,3,4,2,3,2
P003738,0.9,padrao_1,moderado,51,3,3,2,2,3,3,2,2,3,2,3,2,3,2,3,2,3,4,2,3
P009613,0.9,padrao_1,moderado,47,3,3,2,3,2,2,3,4,3,2,3,2,3,2,2,3,3,2,3,2
P010735,0.9,padrao_1,moderado,45,3,3,2,3,4,2,3,2,3,3,4,2,3,3,4,2,3,2,4,3
P008482,0.9,padrao_1,moderado,46,3,3,4,3,4,3,2,3,2,4,3,3,2,3,4,3,2,4,3,3
P005282,0.9,padrao_1,moderado,50,3,2,3,4,2,3,2,3,3,2,4,2,3,2,4,3,2,3,2,3
P009045,0.9,padrao_1,moderado,51,3,3,2,3,2,3,2,3,2,3,2,3,2,4,2,3,2,3,2,3
P010097,0.9,padrao_1,ativo,48,3,4,3,2,3,4,2,3,2,3,4,3,2,3,4,2,3,4,3,4
P010478,0.9,padrao_1,moderado,47,3,3,2,3,3,2,3,2,2,3,3,2,3,1,2,3,2,3,2,3
P004300,0.9,padrao_1,moderado,49,2,3,2,3,4,3,2,3,2,3,4,3,2,3,2,3,4,3,2,3
P009065,0.9,padrao_1,moderado,50,3,3,2,4,3,2,3,4,2,3,2,4,2,3,2,3,2,3,1,2
P009998,0.9,padrao_1,moderado,44,3,3,2,4,3,3,2,4,3,2,4,3,2,3,4,3,2,3,4,2
P010008,0.9,padrao_1,moderado,49,3,3,2,4,3,3,2,4,3,2,3,4,3,2,3,4,2,3,2,3
P000802,0.9,padrao_1,moderado,48,3,3,2,3,2,2,3,2,3,2,3,2,2,3,4,2,3,2,3,2
P006799,0.9,padrao_1,moderado,50,3,3,2,3,2,3,2,3,2,3,2,3,2,3,2,3,2,3,2,3
P005522,0.9,padrao_1,moderado,51,3,4,3,4,3,2,3,3,4,2,3,4,3,2,3,4,2,3,3,4
P004697,0.9,padrao_1,moderado,51,3,4,2,3,4,3,2,3,4,2,3,4,2,3,4,2,3,4,2,3
P004660,0.9,padrao_1,moderado,49,3,3,2,4,2,3,2,3,2,4,2,3,4,2,3,3,2,4,3,2
P002723,0.9,padrao_1,moderado,59,3,2,4,3,2,3,4,2,3,2,4,3,2,4,3,2,4,3,2,3
P000122,0.9,padrao_1,moderado,49,3,3,2,2,3,3,2,3,4,2,3,2,3,4,2,3,2,3,3,2
P008032,0.9,padrao_1,moderado,46,3,3,2,2,3,3,2,3,2,3,2,3,2,3,2,3,3,2,3,2
P001184,0.9,padrao_1,moderado,54,3,3,4,3,3,4,2,3,4,3,2,4,3,3,4,3,3,2,3,4
P001156,0.9,padrao_1,ativo,50,3,2,3,2,2,3,2,3,2,3,2,4,3,2,4,3,2,3,2,3
P010403,0.9,padrao_1,sedentário,50,3,3,2,4,3,2,3,4,2,3,2,4,3,2,3,4,3,3,2,4
P007383,0.9,padrao_1,ativo,45,3,4,2,3,3,4,2,3,3,4,2,3,4,2,3,4,2,3,4,2
P007582,0.9,padrao_1,ativo,49,3,3,2,2,3,2,4,3,3,2,3,2,4,3,2,3,2,2,3,3
P007352,0.9,padrao_1,moderado,52,3,3,2,3,2,3,2,2,3,2,3,2,3,3,2,2,3,2,3,3
P001723,0.9,padrao_1,moderado,49,3,4,3,3,4,3,3,2,4,3,4,3,2,3,3,4,2,4,3,4
P005089,0.9,padrao_1,moderado,51,3,3,2,3,2,3,2,2,2,3,2,3,2,3,3,2,2,3,2,3
P010541,0.9,padrao_1,moderado,50,2,3,2,3,2,3,2,3,2,3,2,3,2,3,2,3,2,3,2,2
P009210,0.9,padrao_1,moderado,50,3,3,2,3,2,3,2,2,3,3,2,3,2,3,2,3,2,3,3,2
P008680,0.9,padrao_1,moderado,50,3,3,2,3,2,3,2,3,3,2,2,3,2,3,2,3,3,2,3,2
P005733,0.9,padrao_1,moderado,58,3,3,4,3,2,3,2,3,4,3,2,3,3,4,2,3,3,4,2,3
P010487,0.9,padrao_1,moderado,53,3,2,3,2,3,2,4,3,2,3,3,2,4,3,2,3,4,3,2,3
P008838,0.9,padrao_1,moderado,53,3,2,3,2,3,2,3,2,3,2,2,3,3,2,2,3,2,3,2,3
P004651,0.9,padrao_1,moderado,51,3,2,2,3,2,3,2,3,2,3,2,3,2,3,2,3,2,3,2,3
P008404,0.9,padrao_1,moderado,48,3,3,2,4,3,2,3,2,3,4,3,2,3,3,2,4,3,2,3,3
P009813,0.9,padrao_1,moderado,47,3,3,2,2,3,3,2,2,3,2,3,2,3,3,2,3,2,2,3,2
P008401,0.9,padrao_1,moderado,52,3,3,2,4,2,3,3,2,1,3,2,4,2,3,3,2,4,2,3,2
P000085,0.9,padrao_1,ativo,45,3,3,2,4,3,3,2,2,3,3,4,2,3,2,3,4,3,2,3,2
P007645,0.9,padrao_1,moderado,50,3,3,2,3,2,3,2,3,2,3,2,3,2,3,2,3,2,3,2,3
P004216,0.9,padrao_1,moderado,58,3,4,3,3,2,3,3,2,4,3,2,3,4,3,2,3,4,3,2,3
P003306,0.9,padrao_1,ativo,56,3,3,2,4,2,3,2,3,4,2,3,2,4,3,2,3,4,3,2,3
P010651,0.9,padrao_1,moderado,52,3,3,3,2,4,3,3,2,4,3,2,3,2,3,4,3,4,3,2,3
P002088,0.9,padrao_1,moderado,51,3,2,3,2,3,2,3,2,2,3,2,3,2,3,3,2,3,2,2,3
P002777,0.9,padrao_1,moderado,51,3,3,3,2,4,2,3,2,3,3,2,3,3,2,4,2,3,3,2,4
P007043,0.9,padrao_1,sedentário,43,3,2,3,2,3,3,2,3,2,4,3,2,3,2,3,4,2,3,3,2
P002419,0.9,padrao_1,ativo,52,3,2,2,2,3,2,3,1,3,2,3,2,3,2,3,1,2,3,2,3
P007614,0.9,padrao_1,moderado,53,3,3,2,3,2,3,2,2,4,3,2,3,2,2,3,2,3,3,2,3
P000047,0.9,padrao_1,moderado,49,3,2,3,2,3,2,3,2,3,2,3,2,3,2,3,2,3,2,3,2
P007575,0.9,padrao_1,moderado,54,3,2,3,3,2,3,2,3,2,3,2,2,3,3,2,2,3,3,2,3
P007452,0.9,padrao_1,moderado,52,3,3,4,3,2,3,2,4,3,2,3,4,3,2,3,3,4,2,3,3
P009808,0.9,padrao_1,moderado,45,3,3,2,3,3,2,3,2,2,3,4,2,3,2,3,2,3,2,3,2
P010372,0.9,padrao_1,moderado,51,3,2,3,2,3,2,3,2,3,2,3,2,2,3,2,3,2,3,2,3
P004887,0.9,padrao_1,moderado,46,3,3,2,2,3,3,2,3,2,3,2,2,3,2,3,3,2,3,2,3
P005131,0.9,padrao_1,sedentário,50,3,3,2,3,2,3,2,3,2,3,2,3,2,3,2,3,2,3,2,3
P010765,0.9,padrao_1,ativo,55,3,2,3,2,3,2,4,3,3,2,3,2,4,3,3,2,3,4,2,3
P009304,0.9,padrao_1,ativo,46,3,3,2,3,2,3,2,4,2,3,2,3,4,2,3,3,2,3,4,2
P004251,0.9,padrao_1,moderado,51,2,2,3,2,3,2,3,2,3,2,1,2,3,2,3,2,2,2,3,2
P001910,0.9,padrao_1,moderado,46,3,3,2,2,3,2,3,2,2,3,3,2,2,3,2,3,3,2,3,3
P008038,0.9,padrao_1,moderado,51,3,4,3,2,3,2,4,3,2,3,2,4,3,2,3,2,4,3,2,2
P004334,0.9,padrao_1,moderado,52,3,3,2,3,2,3,2,2,3,2,3,3,2,3,2,3,2,3,2,3
P005711,0.9,padrao_1,moderado,47,2,3,2,3,3,2,2,3,2,3,2,3,3,2,3,2,3,2,3,2
P009623,0.9,padrao_1,ativo,49,3,2,3,2,3,2,2,3,3,2,1,2,3,2,3,2,3,2,3,2
P003750,0.9,padrao_1,moderado,46,3,4,3,2,3,2,3,4,2,3,4,2,3,3,4,2,3,4,2,3
P010570,0.9,padrao_1,moderado,45,3,2,2,2,3,2,2,3,2,2,3,2,3,2,3,2,3,2,3,2
P004349,0.9,padrao_1,moderado,43,3,4,2,3,4,2,3,3,2,4,2,3,4,2,3,4,2,3,4,3
P001185,0.9,padrao_1,moderado,51,3,2,3,3,2,3,2,2,3,3,2,3,3,2,3,3,2,3,3,2
P004365,0.9,padrao_1,moderado,48,3,4,2,3,2,3,4,2,3,4,3,2,3,2,3,4,3,2,3,4
P005331,0.9,padrao_1,moderado,53,3,2,3,4,3,2,3,2,4,3,2,3,3,2,4,3,2,3,2,3
P000831,0.9,padrao_1,moderado,50,2,3,2,3,2,3,2,2,3,2,3,2,3,3,2,3,2,2,3,2
P006086,0.9,padrao_1,moderado,49,3,2,3,2,3,2,3,2,3,2,3,2,3,2,3,2,3,2,3,2
P005631,0.9,padrao_1,moderado,54,2,3,2,3,2,3,2,3,4,2,3,2,3,2,3,2,4,3,2,3
P000695,0.9,padrao_1,moderado,50,3,2,3,4,2,2,3,3,2,2,3,4,2,3,4,3,2,3,3,2
P003886,0.9,padrao_1,ativo,51,3,3,4,2,3,2,4,3,3,2,4,3,2,3,2,3,4,2,3,3
P005453,0.9,padrao_1,moderado,49,3,3,2,4,3,2,3,2,3,4,2,3,3,3,2,4,3,2,4,3
P010189,0.9,padrao_1,sedentário,54,3,3,2,3,2,4,3,2,4,3,2,3,2,3,4,2,3,4,3,2
P009068,0.9,padrao_1,moderado,48,3,3,2,4,2,3,2,3,2,4,3,2,3,2,3,4,3,4,2,3
P007020,0.9,padrao_1,moderado,50,3,4,3,2,3,4,3,2,3,2,4,2,3,3,4,2,3,2,3,4
P006625,0.9,padrao_1,moderado,48,3,3,2,3,2,3,2,3,2,3,2,3,2,3,2,3,3,2,3,2
P005005,0.9,padrao_1,sedentário,53,3,3,4,3,4,3,2,3,3,2,4,3,4,3,2,4,3,4,3,4
P002105,0.9,padrao_1,moderado,51,3,3,2,3,2,3,2,3,2,2,3,4,2,3,2,3,2,3,2,3
P001032,0.9,padrao_1,moderado,48,3,3,2,3,2,3,2,3,2,3,1,3,2,3,2,4,3,2,3,2
P003674,0.9,padrao_1,moderado,52,3,3,4,3,3,2,3,4,3,2,4,3,3,4,2,3,3,4,3,2
P007908,0.9,padrao_1,moderado,49,3,3,2,3,2,3,2,3,2,3,2,3,2,4,2,3,3,2,3,2
P007253,0.9,padrao_1,moderado,51,3,4,3,2,3,4,3,2,3,4,3,2,3,4,3,2,3,4,3,2
P002283,0.9,padrao_1,moderado,50,3,3,2,3,2,3,2,3,2,3,2,3,2,3,2,3,2,3,2,3
P006385,0.9,padrao_1,ativo,52,3,2,2,3,4,2,3,2,3,3,2,3,2,4,3,2,3,2,3,4
P009730,0.9,padrao_1,sedentário,49,3,3,2,3,2,2,3,3,2,3,1,2,3,3,2,3,2,2,3,3
P001089,0.9,padrao_1,moderado,50,3,3,2,3,2,3,2,3,2,3,2,3,2,3,3,2,3,2,2,3
P005247,0.9,padrao_1,moderado,50,3,3,4,2,3,2,3,2,4,3,2,4,3,2,4,3,3,2,4,3
P004410,0.9,padrao_1,moderado,49,3,3,2,3,2,3,2,2,3,2,3,2,3,2,3,2,3,2,3,2
P003466,0.9,padrao_1,moderado,51,3,2,3,2,3,2,4,3,2,3,2,3,4,2,3,3,2,3,2,3
P008935,0.9,padrao_1,moderado,51,3,3,3,2,3,2,4,3,3,2,3,2,4,3,3,2,3,2,3,3
P004449,0.9,padrao_1,ativo,53,3,3,4,3,2,3,4,3,2,3,2,3,4,2,4,3,3,2,3,4
P000662,0.9,padrao_1,moderado,44,3,3,2,3,4,2,3,3,2,4,3,2,3,2,4,3,4,2,3,4
P005094,0.9,padrao_1,moderado,48,3,4,3,2,4,3,2,3,4,2,3,4,3,2,3,3,2,4,3,2
P006281,0.9,padrao_1,moderado,49,3,3,2,3,4,3,3,2,4,3,3,2,4,3,2,4,3,2,3,2
P003274,0.9,padrao_1,moderado,52,3,3,2,3,2,3,2,2,3,3,2,3,2,3,2,3,2,3,2,3
P002435,0.9,padrao_1,moderado,41,3,4,3,2,4,3,2,3,2,3,4,3,2,3,4,3,2,3,4,3
P010083,0.9,padrao_1,ativo,54,3,3,2,3,2,2,3,3,2,3,2,4,3,3,2,3,4,3,2,3
P005422,0.9,padrao_1,ativo,53,3,3,4,2,3,3,2,3,3,4,2,3,4,3,2,3,4,2,3,4
P006163,0.9,padrao_1,moderado,54,3,3,2,4,2,3,2,3,3,4,2,3,4,3,2,3,4,2,3,4
P007222,0.9,padrao_1,moderado,45,3,3,2,2,4,3,3,2,2,3,4,3,2,3,2,3,2,3,4,3
P009791,0.9,padrao_1,moderado,47,3,3,2,2,3,2,3,2,3,2,4,3,2,3,2,3,2,3,4,3
P002780,0.9,padrao_1,moderado,46,3,3,2,3,3,2,3,2,2,3,3,2,3,2,3,2,3,2,3,2
P010455,0.9,padrao_1,sedentário,51,3,3,2,3,4,3,2,3,4,3,2,3,4,2,3,3,4,2,3,4
P010786,0.9,padrao_1,moderado,47,3,3,2,3,2,3,3,4,2,3,3,2,3,2,3,2,3,3,4,3
P004418,0.9,padrao_1,ativo,54,3,3,2,3,2,3,4,3,2,3,2,3,4,3,2,2,3,3,4,3
P009716,0.9,padrao_1,moderado,50,3,3,2,2,3,2,3,2,3,2,2,3,4,2,3,4,2,3,2,3
P003798,0.9,padrao_1,moderado,49,3,3,2,2,3,2,4,3,2,3,3,2,3,2,3,2,4,3,2,3
P009235,0.9,padrao_1,moderado,57,3,3,4,3,2,3,4,2,3,3,4,3,2,3,3,2,4,3,2,4
P004202,0.9,padrao_1,ativo,53,3,3,4,3,2,3,4,2,3,3,4,2,3,3,2,4,3,2,3,4
P002226,0.9,padrao_1,moderado,52,3,2,3,4,2,3,2,3,4,2,3,4,3,2,3,4,2,3,4,3
P006061,0.9,padrao_1,moderado,54,3,3,2,3,2,3,2,2,3,3,2,3,3,4,2,3,2,3,2,3
P004257,0.9,padrao_1,moderado,48,3,4,3,2,4,3,3,2,4,2,3,2,3,3,2,4,3,2,4,3
P003833,0.9,padrao_1,moderado,49,3,3,2,3,2,3,2,3,2,3,2,3,3,2,3,3,2,3,2,3
P004900,0.9,padrao_1,moderado,49,3,3,2,3,3,2,3,1,2,3,2,3,2,3,2,3,2,2,3,3
P003749,0.9,padrao_1,moderado,53,3,4,3,2,3,4,3,2,3,4,3,2,4,3,3,2,4,3,2,3
P008074,0.9,padrao_1,sedentário,51,3,2,3,2,3,2,3,2,3,2,3,3,2,4,3,2,3,2,3,2
P008043,0.9,padrao_1,moderado,49,3,4,3,3,2,3,4,3,2,3,4,3,2,3,4,2,3,4,3,2
P001243,0.9,padrao_1,moderado,53,3,2,3,2,3,2,3,2,4,3,2,3,1,3,2,3,2,4,2,3
P004230,0.9,padrao_1,sedentário,49,3,2,3,2,3,2,3,2,3,2,3,2,3,2,3,2,3,2,3,2
P005076,0.9,padrao_1,moderado,52,3,3,2,3,2,2,3,2,3,2,3,2,3,2,3,2,3,3,2,3
P002131,0.9,padrao_1,moderado,52,3,3,2,3,2,3,2,4,3,2,3,4,2,3,2,3,2,4,2,3
P007423,0.9,padrao_1,ativo,53,3,2,4,3,2,3,4,1,2,3,2,3,1,2,3,4,3,2,3,4
P007795,0.9,padrao_1,moderado,49,3,3,2,3,3,2,3,3,2,2,4,3,2,3,3,2,3,3,2,3
P008167,0.9,padrao_1,ativo,52,3,3,2,2,3,2,4,3,2,3,2,4,3,2,3,2,3,4,2,3
P009707,0.9,padrao_1,moderado,48,3,2,3,2,4,2,3,2,3,2,4,3,2,3,2,3,3,2,4,3
P001659,0.9,padrao_1,moderado,58,3,2,3,4,2,3,3,2,4,2,3,3,2,4,3,2,3,4,3,2
P006057,0.9,padrao_1,moderado,47,3,3,2,2,3,3,2,2,3,2,3,2,3,2,3,2,3,2,3,2
P006960,0.9,padrao_1,moderado,56,3,3,4,2,3,4,3,2,3,4,2,3,3,4,2,3,4,2,3,4
P009390,0.9,padrao_1,moderado,57,3,3,2,3,2,3,4,2,3,2,2,3,4,3,2,3,2,3,2,3
P010557,0.9,padrao_1,moderado,55,3,2,3,2,3,3,2,3,4,2,3,2,3,4,2,3,4,3,2,3
P006038,0.9,padrao_1,moderado,50,3,2,3,2,3,3,2,3,2,3,2,3,2,3,2,3,2,3,2,3
P000720,0.9,padrao_1,sedentário,52,3,4,3,2,4,3,3,2,3,4,2,3,4,2,3,2,3,4,2,3
P001390,0.9,padrao_1,ativo,52,3,3,2,3,2,3,2,2,3,3,2,2,3,2,3,2,3,3,2,3
P006335,0.9,padrao_1,moderado,49,3,3,2,2,3,2,4,3,3,2,3,3,2,3,4,2,2,3,2,3
P002297,0.9,padrao_1,moderado,53,3,3,2,3,2,3,3,2,3,2,2,3,3,2,3,3,2,3,2,3
P009464,0.9,padrao_1,moderado,49,3,4,3,2,3,4,3,2,3,4,3,2,3,3,4,2,3,4,3,2
P000614,0.9,padrao_1,sedentário,48,3,4,3,2,3,2,4,3,2,3,3,4,2,3,2,4,3,2,3,4
P002999,0.9,padrao_1,sedentário,48,2,3,2,3,1,3,2,3,2,3,1,2,3,2,4,3,2,3,3,2
P004332,0.9,padrao_1,ativo,56,3,3,2,4,2,3,3,2,4,3,2,3,4,2,3,2,3,4,3,2
P007892,0.9,padrao_1,moderado,52,3,4,2,3,2,4,3,2,3,4,2,3,2,3,3,2,3,4,3,2
P007162,0.9,padrao_1,moderado,50,3,3,2,2,3,2,2,3,4,2,3,2,3,3,2,3,4,2,3,4
P008372,0.9,padrao_1,moderado,51,3,3,4,3,2,3,2,3,4,3,2,4,3,2,3,4,3,2,3,2
P008452,0.9,padrao_1,ativo,43,3,4,3,2,4,3,2,4,3,2,4,3,2,3,4,3,2,4,3,2
P007881,0.9,padrao_1,moderado,49,3,3,2,3,2,3,2,2,3,2,4,3,2,3,3,2,2,3,3,2
P000723,0.9,padrao_1,ativo,52,3,4,3,2,3,2,3,1,2,3,2,3,4,1,3,2,3,4,2,3
P006655,0.9,padrao_1,moderado,47,3,2,3,2,3,2,3,2,2,3,3,2,3,2,3,2,3,2,3,2
P007913,0.9,padrao_1,moderado,48,3,3,2,3,2,3,2,3,2,3,1,2,3,2,2,3,3,2,3,2
P000101,0.9,padrao_1,moderado,49,3,2,2,3,3,2,3,2,3,2,2,3,3,2,4,3,2,3,3,2
P005578,0.9,padrao_1,moderado,51,2,3,2,3,2,3,2,3,2,3,2,3,2,3,2,3,2,3,2,3
P000373,0.9,padrao_1,moderado,48,3,3,2,3,2,2,3,3,2,2,3,3,2,3,2,3,2,2,3,3
P006127,0.9,padrao_1,moderado,48,3,3,2,3,4,2,3,2,4,3,3,2,3,2,3,4,3,3,2,3
P000896,0.9,padrao_1,moderado,49,3,3,2,3,2,2,3,2,3,2,3,2,3,2,3,2,3,2,3,2
P000479,0.9,padrao_1,moderado,50,3,2,3,2,3,2,3,3,2,3,2,3,4,3,2,3,2,3,3,2
P009082,0.9,padrao_1,moderado,49,2,3,2,3,3,2,3,2,3,2,3,2,3,2,3,2,3,2,3,2
P010199,0.9,padrao_1,moderado,50,3,3,2,4,2,2,3,3,1,4,3,2,2,4,3,2,3,4,2,3
P004571,0.9,padrao_1,moderado,51,3,2,3,2,4,3,2,3,4,2,3,2,4,3,3,2,3,1,2,3
P006413,0.9,padrao_1,sedentário,52,3,3,2,4,3,2,3,3,4,2,3,4,2,3,4,2,3,4,3,2
P002190,0.9,padrao_1,sedentário,48,3,4,3,2,3,3,4,2,3,4,2,3,3,2,4,3,2,4,3,2
P001215,0.9,padrao_1,moderado,47,3,3,2,3,2,2,3,2,3,2,3,2,3,2,3,3,2,2,3,2
P006839,0.9,padrao_1,moderado,48,3,3,2,4,3,3,2,4,3,2,3,4,3,2,3,4,3,2,3,3
P003762,0.9,padrao_1,moderado,52,3,3,4,2,3,2,3,4,3,2,3,4,2,3,2,3,4,2,3,4
P005575,0.9,padrao_1,moderado,54,3,2,2,3,3,2,3,2,3,2,3,2,4,3,3,2,3,3,2,3
P008694,0.9,padrao_1,moderado,50,3,4,3,2,3,4,3,2,3,2,4,3,2,4,3,2,3,2,4,3
P003168,0.9,padrao_1,moderado,50,3,3,4,2,3,3,2,3,4,3,2,3,4,2,3,3,2,3,4,3
P002320,0.9,padrao_1,sedentário,52,3,3,2,3,2,2,3,2,3,2,3,2,3,3,2,3,2,3,2,3
P007726,0.9,padrao_1,ativo,52,3,3,2,4,3,3,2,4,2,3,1,3,2,4,2,3,4,2,3,4
P001000,0.9,padrao_1,moderado,52,3,2,2,3,3,2,3,2,3,2,3,2,3,3,2,3,2,3,2,3
P008556,0.9,padrao_1,sedentário,49,3,2,3,3,4,2,3,2,3,2,3,4,3,2,4,3,3,2,4,3
P001680,0.9,padrao_1,moderado,56,3,2,3,3,2,4,3,2,3,2,3,4,2,3,2,3,4,2,3,2
P006823,0.9,padrao_1,moderado,60,3,3,2,4,2,4,3,2,4,3,2,3,4,2,3,2,4,3,2,4
P004861,0.9,padrao_1,moderado,54,3,3,2,3,2,3,3,2,2,3,2,3,2,3,2,2,3,3,2,3
P000446,0.9,padrao_1,moderado,53,3,3,2,2,3,3,2,2,4,3,2,2,3,3,2,2,3,3,2,3
P009278,0.9,padrao_1,moderado,50,3,2,3,2,3,2,3,2,3,3,2,3,2,3,2,3,3,2,3,2
P010067,0.9,padrao_1,ativo,47,3,2,3,2,3,2,4,3,2,3,3,2,1,4,3,2,3,2,4,3
P002218,0.9,padrao_1,sedentário,45,3,4,3,3,4,2,3,4,2,3,4,3,2,3,4,3,4,3,2,3
P007093,0.9,padrao_1,moderado,51,3,2,2,3,3,2,3,2,3,2,3,3,2,4,2,3,2,3,3,2
P006780,0.9,padrao_1,moderado,47,3,3,2,3,2,3,2,3,2,3,3,2,2,3,2,3,3,2,3,3
P009501,0.9,padrao_1,moderado,53,3,3,2,3,2,2,3,2,3,2,2,3,3,2,2,3,3,2,2,3
P003220,0.9,padrao_1,moderado,46,3,3,2,3,4,3,2,3,2,3,3,2,4,3,2,3,2,3,4,3
P007780,0.9,padrao_1,ativo,54,3,3,2,4,3,2,3,2,4,3,2,3,2,4,3,2,4,3,4,3
P006861,0.9,padrao_1,sedentário,49,3,3,2,3,2,4,2,3,2,3,1,3,2,2,3,4,2,3,2,3
P003489,0.9,padrao_1,moderado,49,3,3,2,3,2,3,2,3,2,3,2,3,2,4,3,2,3,2,3,2
P007680,0.9,padrao_1,moderado,51,2,3,2,3,2,3,2,3,2,3,2,3,2,3,2,3,2,3,2,3
P009612,0.9,padrao_1,moderado,51,3,3,2,4,2,3,1,4,3,2,3,2,4,3,2,3,1,4,2,3
P004184,0.9,padrao_1,sedentário,53,3,3,4,2,3,4,3,2,3,3,2,3,4,2,3,4,3,2,3,4
P003520,0.9,padrao_1,moderado,49,3,3,2,3,3,2,3,2,2,3,2,3,3,2,3,3,2,3,2,3
P009076,0.9,padrao_1,moderado,53,3,2,3,2,3,2,3,2,3,2,2,3,2,3,2,3,2,3,2,3
P007894,0.9,padrao_1,ativo,45,3,4,3,2,4,3,2,4,3,2,4,3,2,3,4,2,3,4,3,2
P006533,0.9,padrao_1,moderado,48,3,3,2,3,2,4,2,3,2,3,3,4,2,3,3,2,3,2,4,2
P003888,0.9,padrao_1,moderado,52,3,2,3,2,3,2,3,2,3,2,3,2,3,3,2,3,2,3,2,3
P007770,0.9,padrao_1,moderado,46,3,3,2,3,2,3,2,4,3,2,3,2,3,3,2,4,2,3,4,2
P001664,0.9,padrao_1,moderado,50,3,3,2,3,2,3,2,3,2,3,2,3,2,2,3,2,3,3,2,3
P003658,0.9,padrao_1,moderado,48,3,3,2,2,3,3,2,2,3,2,3,2,3,2,3,3,2,3,2,3
P000206,0.9,padrao_1,moderado,56,3,3,3,4,2,3,3,2,3,2,4,3,2,3,2,2,3,4,3,3
P000270,0.9,padrao_1,ativo,54,3,4,3,3,2,4,3,2,4,3,2,3,4,2,3,4,3,2,3,4
P004085,0.9,padrao_1,sedentário,48,3,3,2,3,2,3,2,3,2,3,2,3,3,2,3,2,3,2,3,2
P003720,0.9,padrao_1,moderado,53,3,2,3,2,3,2,3,2,3,2,3,4,2,3,2,3,2,3,2,3
P003568,0.9,padrao_1,moderado,50,3,3,2,3,2,3,2,2,3,2,3,3,2,2,3,2,3,2,3,3
P004499,0.9,padrao_1,moderado,52,3,3,2,2,2,3,1,2,3,2,3,2,3,3,2,1,3,2,2,3
P003936,0.9,padrao_1,moderado,47,3,4,3,3,4,2,3,3,2,4,3,3,2,4,3,2,3,4,4,3
P006936,0.9,padrao_1,moderado,49,2,3,3,2,4,3,3,2,4,3,2,2,3,2,3,3,2,2,3,3
P000999,0.9,padrao_1,sedentário,53,4,3,4,2,3,4,3,2,4,3,4,2,3,4,3,2,4,3,4,3
P007098,0.9,padrao_1,ativo,53,3,3,2,3,2,3,2,3,4,2,3,2,3,3,2,3,4,2,3,4
P003541,0.9,padrao_1,moderado,48,3,3,2,2,3,2,3,2,3,2,3,2,3,3,2,3,2,3,3,2
P001518,0.9,padrao_1,sedentário,50,3,3,4,3,4,3,2,3,4,3,3,2,4,3,4,2,3,3,4,3
P001470,0.9,padrao_1,moderado,51,3,4,3,2,3,4,3,2,3,4,2,3,3,2,4,3,4,3,2,3
P000701,0.9,padrao_1,moderado,56,3,2,3,2,3,4,2,3,4,2,3,3,2,4,3,2,3,4,2,3
P008378,0.9,padrao_1,sedentário,50,3,3,2,3,2,3,2,2,4,3,3,2,3,2,3,3,2,3,2,3
P000855,0.9,padrao_1,moderado,52,3,3,2,3,2,4,3,3,2,2,3,2,3,4,3,3,4,2,3,3
P003055,0.9,padrao_1,moderado,52,3,3,2,4,2,3,2,4,3,2,3,4,2,3,2,4,3,3,2,3
P001314,0.9,padrao_1,ativo,46,2,3,3,2,4,3,2,3,2,3,4,3,2,3,2,4,3,4,3,2
P004293,0.9,padrao_1,moderado,49,3,2,3,2,3,2,3,2,3,2,3,2,3,2,3,2,3,2,3,2
P004133,0.9,padrao_1,moderado,48,2,3,2,3,2,3,2,3,2,2,3,2,3,2,3,2,3,2,3,2
P004012,0.9,padrao_1,moderado,48,3,2,3,2,3,2,3,2,3,2,4,2,3,2,3,2,3,2,3,2
P010219,0.9,padrao_1,moderado,47,3,3,2,2,3,2,3,2,3,2,3,2,3,2,3,2,3,2,3,2
P010053,0.9,padrao_1,moderado,50,3,2,3,2,3,3,2,3,2,3,2,3,2,3,2,3,2,3,2,3
P006364,0.9,padrao_1,moderado,48,3,3,2,4,3,2,4,3,3,2,4,3,2,2,3,3,2,4,3,2
P000090,0.9,padrao_1,moderado,59,3,3,4,2,3,4,3,2,4,3,2,3,4,3,2,3,4,3,2,3
P005581,0.9,padrao_1,moderado,54,3,3,2,4,3,2,3,2,4,3,2,3,4,2,3,2,3,4,3,2
P005174,0.9,padrao_1,moderado,52,3,3,2,3,2,3,2,2,3,2,2,3,2,3,3,2,3,2,3,3
P010015,0.9,padrao_1,moderado,47,3,2,2,3,3,2,2,3,2,3,2,3,2,3,2,3,2,3,3,2
P000324,0.9,padrao_1,moderado,48,3,3,2,4,2,3,2,3,2,3,2,4,3,2,3,4,3,2,3,2
P006661,0.9,padrao_1,moderado,51,3,2,3,2,3,3,2,3,4,3,2,3,2,3,3,2,3,2,3,3
P009942,0.9,padrao_1,sedentário,52,3,3,2,3,2,2,3,2,4,3,2,3,4,2,3,4,2,3,2,3
P008811,0.9,padrao_1,moderado,51,3,3,2,3,2,3,3,2,3,2,3,3,3,2,3,2,3,2,3,2
P008198,0.9,padrao_1,sedentário,50,3,2,3,2,3,2,3,3,2,3,2,3,4,3,2,3,2,3,4,3
P003632,0.9,padrao_1,sedentário,51,2,3,2,3,2,3,2,3,2,3,2,3,2,3,3,2,2,3,2,3
P010118,0.9,padrao_1,moderado,53,3,3,4,2,3,3,4,2,3,4,2,3,3,4,2,3,3,2,4,3
P005899,0.9,padrao_1,moderado,52,3,3,2,4,3,2,3,2,4,3,2,3,2,4,3,3,2,4,3,2
P002110,0.9,padrao_1,moderado,49,3,3,2,3,2,3,2,3,2,2,3,2,3,3,2,2,3,2,3,2
P007942,0.9,padrao_1,moderado,56,3,2,4,3,2,3,4,2,3,2,3,4,2,3,4,3,2,3,2,3
P005852,0.9,padrao_1,moderado,51,3,3,2,3,2,3,2,3,3,2,2,3,2,4,3,2,3,3,4,2
P000470,0.9,padrao_1,moderado,53,3,2,3,2,3,2,4,3,2,3,2,3,4,3,2,3,2,3,2,3
P004683,0.9,padrao_1,moderado,44,3,4,3,2,4,3,2,4,3,2,3,4,3,2,4,3,2,3,4,3
P002919,0.9,padrao_1,ativo,51,3,3,2,3,2,3,2,4,3,2,2,3,4,3,2,3,2,3,4,3
P003209,0.9,padrao_1,ativo,44,3,2,3,2,4,3,2,3,2,3,4,2,3,3,2,4,2,3,3,2
P004016,0.9,padrao_1,moderado,52,3,3,2,3,4,2,3,2,4,3,2,3,4,3,2,3,2,4,3,2
P003290,0.9,padrao_1,moderado,53,3,2,3,4,3,4,2,3,2,4,3,2,3,4,2,3,4,2,3,4
P007025,0.9,padrao_1,moderado,47,3,3,2,2,3,2,2,3,2,3,2,3,2,3,2,3,2,3,2,3
P003023,0.9,padrao_1,moderado,51,3,2,3,2,3,2,3,2,2,3,2,3,2,3,2,3,2,3,2,3
P006295,0.9,padrao_1,moderado,55,3,4,3,4,2,3,3,2,4,3,3,4,2,3,2,3,4,3,3,2
P001206,0.9,padrao_1,ativo,49,3,3,2,3,2,3,2,3,2,3,2,4,2,3,2,3,2,3,3,2
P004127,0.9,padrao_1,moderado,49,3,3,2,2,3,4,2,3,4,3,2,3,4,2,3,3,2,3,4,3
P002324,0.9,padrao_1,ativo,50,3,2,3,3,2,3,2,3,2,3,2,3,2,3,3,2,3,2,3,2
P003435,0.9,padrao_1,ativo,46,3,4,3,2,4,3,2,3,3,4,2,3,2,3,4,3,4,2,3,4
P002245,0.9,padrao_1,moderado,50,3,3,2,4,2,3,2,4,3,2,3,1,2,3,4,2,3,4,2,3
P006818,0.9,padrao_1,moderado,52,3,3,2,2,3,4,2,3,2,3,2,3,4,2,3,2,4,3,2,3
P001656,0.9,padrao_1,moderado,51,3,2,3,2,2,3,2,3,2,3,2,3,2,3,2,3,2,3,2,3
P002322,0.9,padrao_1,ativo,51,3,2,3,4,2,3,2,3,4,2,3,4,2,3,3,4,2,3,4,2
P010771,0.9,padrao_1,moderado,49,3,3,2,3,3,2,3,2,3,2,3,2,4,3,2,3,2,3,4,2
P004837,0.9,padrao_1,ativo,47,2,3,3,2,3,2,2,3,2,3,2,3,2,3,2,3,3,2,3,2
P009474,0.9,padrao_1,moderado,56,3,2,3,4,3,2,3,2,4,3,2,3,2,3,2,3,4,2,3,4
P000018,0.9,padrao_1,ativo,48,3,3,4,2,3,2,3,4,2,3,2,3,4,2,3,4,3,2,3,4
P004833,0.9,padrao_1,moderado,50,3,4,3,2,3,4,2,3,2,3,4,2,3,4,2,3,4,3,2,3
P009971,0.9,padrao_1,moderado,50,3,3,4,2,3,3,2,3,4,3,2,3,2,3,3,4,2,3,3,4
P008470,0.9,padrao_1,moderado,50,3,3,3,2,3,2,3,3,2,3,2,3,3,2,3,2,3,3,2,3
P001261,0.9,padrao_1,ativo,53,3,3,2,3,2,3,4,2,3,2,3,4,2,3,2,3,3,2,4,3
P010059,0.9,padrao_1,moderado,45,3,3,2,3,2,2,3,3,2,3,2,3,2,2,3,3,2,2,3,2
P005284,0.9,padrao_1,moderado,49,3,2,3,3,2,3,2,3,2,3,3,2,3,2,3,3,2,3,2,3
P006562,0.9,padrao_1,sedentário,52,3,2,3,2,3,2,3,2,3,3,2,3,2,3,2,3,2,3,2,3
P002545,0.9,padrao_1,moderado,47,3,3,4,3,3,2,3,4,2,3,3,2,2,3,3,1,3,2,4,3
P001529,0.9,padrao_1,moderado,48,3,4,3,2,4,3,2,3,4,3,2,4,3,3,2,4,3,2,4,3
P004155,0.9,padrao_1,ativo,47,3,2,3,4,3,2,3,2,3,4,3,2,3,2,3,4,3,2,3,2
P007961,0.9,padrao_1,ativo,54,3,3,2,4,3,2,3,2,4,3,2,4,3,3,2,4,3,2,3,4
P004773,0.9,padrao_1,moderado,45,3,3,2,4,3,2,3,4,2,3,2,3,1,3,2,4,3,2,3,2
P002232,0.9,padrao_1,moderado,49,3,4,2,3,4,3,2,4,3,4,2,3,4,3,2,4,3,3,2,4
P003675,0.9,padrao_1,moderado,50,3,3,2,3,2,3,2,3,2,3,2,3,2,3,2,3,2,3,2,3
P008512,0.9,padrao_1,sedentário,52,3,4,3,2,3,4,2,3,3,2,4,3,2,3,3,2,4,3,2,4
P008843,0.9,padrao_1,sedentário,44,3,3,2,4,3,2,3,4,2,3,4,3,2,3,2,4,3,2,4,3
P003319,0.9,padrao_1,ativo,46,3,4,3,2,4,3,2,3,4,3,2,4,3,2,3,4,3,2,4,3
P003270,0.9,padrao_1,moderado,52,3,2,3,2,3,2,3,2,3,2,3,3,2,3,2,3,2,3,2,3
P003080,0.9,padrao_1,moderado,51,2,3,3,2,4,3,2,3,2,3,2,3,4,2,3,2,3,3,2,3
P008066,0.9,padrao_1,moderado,48,3,3,2,3,2,3,2,3,2,3,2,3,3,2,3,2,3,2,3,2
P009732,0.9,padrao_1,moderado,51,3,3,2,3,2,3,4,2,3,2,4,3,2,3,3,4,2,3,2,3
P009270,0.9,padrao_1,moderado,52,3,3,2,3,2,2,3,2,3,2,3,2,3,3,2,3,3,2,2,3
P006983,0.9,padrao_1,moderado,55,3,3,2,3,2,4,3,2,3,2,3,2,4,3,2,3,2,3,2,3
P010292,0.9,padrao_1,ativo,51,3,3,2,3,2,3,2,3,3,2,3,3,2,2,3,2,3,3,2,3
P004056,0.9,padrao_1,moderado,49,3,2,3,2,3,2,3,2,3,2,3,2,3,2,3,2,3,2,3,2
P005523,0.9,padrao_1,moderado,49,3,3,2,3,2,3,2,4,3,2,1,3,2,3,2,4,3,2,4,3
P001356,0.9,padrao_1,ativo,51,3,3,2,2,3,2,3,2,2,3,2,3,2,3,2,2,3,3,2,3
P002096,0.9,padrao_1,moderado,48,3,3,2,2,3,3,2,2,3,3,2,3,2,3,2,3,2,3,3,2
P008441,0.9,padrao_1,ativo,51,3,2,4,3,4,2,3,2,4,3,3,2,4,3,2,4,3,2,4,3
P001403,0.9,padrao_1,sedentário,52,3,3,4,2,3,3,2,4,3,2,3,4,2,3,2,4,3,3,2,4
P007984,0.9,padrao_1,moderado,48,3,3,2,3,2,2,4,3,2,3,2,3,2,2,3,3,2,4,3,2
P006292,0.9,padrao_1,moderado,46,3,3,2,3,4,3,2,3,3,2,4,3,2,3,4,3,2,3,2,3
P005318,0.9,padrao_1,moderado,50,3,2,2,3,2,3,2,3,2,2,3,2,3,2,2,3,2,3,2,3
P004776,0.9,padrao_1,moderado,50,3,3,2,4,2,3,2,3,2,4,3,2,3,3,4,2,3,3,2,4
P000135,0.9,padrao_1,moderado,49,3,3,2,3,2,3,4,2,2,3,2,3,2,3,3,4,3,2,3,2
P005667,0.9,padrao_1,sedentário,49,3,2,3,4,3,2,3,4,3,2,3,2,3,3,4,2,3,3,4,2
P007089,0.9,padrao_1,moderado,51,3,3,2,2,3,2,3,2,3,2,2,3,2,3,2,3,2,3,2,3
P002570,0.9,padrao_1,sedentário,50,3,3,2,2,3,2,3,4,2,3,2,3,4,2,3,2,4,3,2,3
P006686,0.9,padrao_1,moderado,50,3,3,2,3,2,3,2,3,2,3,2,3,2,3,2,4,3,3,2,3
P010332,0.9,padrao_1,sedentário,50,3,3,2,3,3,2,4,3,2,3,3,4,2,3,2,3,2,4,3,3
P003919,0.9,padrao_1,moderado,50,3,3,2,3,2,3,2,3,2,3,2,3,2,3,2,3,2,3,2,3
P010602,0.9,padrao_1,sedentário,53,3,2,3,3,2,3,2,2,3,3,2,3,3,1,2,3,2,3,2,3
P002880,0.9,padrao_1,muito ativo,50,3,3,2,4,2,3,3,1,2,3,4,3,2,3,1,4,3,2,4,3
P004873,0.9,padrao_1,moderado,49,3,4,3,2,3,4,2,3,3,2,4,3,2,3,2,3,3,4,3,2
P007001,0.9,padrao_1,moderado,48,3,3,2,3,2,3,2,3,2,3,2,3,2,3,3,2,3,2,3,2
P009823,0.9,padrao_1,moderado,47,3,3,2,2,3,2,3,2,3,4,2,3,2,3,4,3,2,3,2,3
P006322,0.9,padrao_1,ativo,48,3,4,3,4,3,2,3,4,2,3,4,3,2,3,2,4,3,4,3,4
P004480,0.9,padrao_1,moderado,44,3,3,2,4,2,3,2,3,2,4,3,2,3,2,4,3,2,3,4,3
P010645,0.9,padrao_1,moderado,56,3,2,3,4,2,3,3,2,4,2,3,4,3,2,3,4,2,3,3,4
P005363,0.9,padrao_1,ativo,50,3,3,4,2,3,2,4,3,2,3,4,2,3,4,3,2,3,2,3,4
P009891,0.9,padrao_1,moderado,51,3,3,2,4,3,2,3,3,4,2,3,3,2,4,3,2,3,3,4,2
P010080,0.9,padrao_1,moderado,51,3,3,2,3,2,3,2,2,3,2,4,3,2,3,2,3,2,3,2,3
P004435,0.9,padrao_1,moderado,56,3,3,4,2,3,3,2,3,4,3,2,3,4,3,2,3,4,3,2,3
P003699,0.9,padrao_1,ativo,55,3,4,2,3,2,4,3,2,3,4,2,3,4,2,3,2,4,3,2,3
P003202,0.9,padrao_1,sedentário,53,3,3,2,3,2,3,2,3,2,3,2,3,2,4,2,2,3,3,2,3
P009691,0.9,padrao_1,moderado,50,3,3,2,3,2,3,2,3,2,3,2,2,3,2,3,2,3,3,2,3
P006634,0.9,padrao_1,sedentário,46,3,3,2,4,3,3,2,4,3,2,4,2,3,3,3,4,3,3,4,3
P005509,0.9,padrao_1,ativo,49,3,3,2,3,2,3,2,2,3,4,2,3,3,2,3,3,4,2,3,2
P008746,0.9,padrao_1,moderado,50,3,3,2,3,2,3,2,3,2,3,2,3,3,2,2,3,2,3,2,3
P005559,0.9,padrao_1,moderado,51,3,3,2,3,2,2,3,2,3,2,2,3,2,3,2,3,2,2,3,3
P000622,0.9,padrao_1,moderado,53,3,3,2,3,2,4,3,2,3,2,4,3,3,2,3,2,4,3,3,2
P007374,0.9,padrao_1,moderado,45,3,3,2,3,2,3,2,4,3,2,3,2,3,2,3,4,2,3,3,2
P010779,0.9,padrao_1,sedentário,56,3,2,3,3,2,3,2,3,3,2,2,3,4,3,2,3,2,3,2,3
P001002,0.9,padrao_1,moderado,48,3,3,2,3,3,2,3,2,2,3,2,3,2,3,2,3,3,2,3,2
P003203,0.9,padrao_1,sedentário,62,3,3,4,3,2,3,4,2,3,2,3,4,3,4,2,3,4,3,2,4
P000792,0.9,padrao_1,moderado,54,3,3,2,3,2,3,3,2,4,3,2,3,3,2,2,3,3,4,3,2
P009110,0.9,padrao_1,moderado,50,3,3,2,3,2,3,2,2,3,2,3,3,2,3,2,3,2,3,3,2
P007366,0.9,padrao_1,moderado,53,3,2,4,3,2,3,4,2,3,3,2,4,3,2,4,3,2,3,4,2
P000989,0.9,padrao_1,moderado,51,3,2,3,2,3,2,3,2,3,2,4,3,2,3,2,3,2,3,2,3
P004419,0.9,padrao_1,moderado,58,3,3,4,2,3,3,4,2,3,3,2,3,4,3,3,2,4,3,2,3
P008989,0.9,padrao_1,sedentário,52,3,3,4,2,3,2,4,3,2,3,4,2,3,4,3,2,4,3,2,3
P004848,0.9,padrao_1,moderado,52,3,3,2,4,3,2,3,2,4,3,2,3,4,2,3,4,3,2,3,4
P003022,0.9,padrao_1,moderado,50,3,3,2,3,2,3,2,4,3,2,3,2,3,4,3,3,2,3,2,3
P007317,0.9,padrao_1,moderado,50,3,3,2,3,2,3,3,2,2,3,2,3,3,2,3,2,3,2,3,2
P005994,0.9,padrao_1,sedentário,49,3,2,3,4,3,2,3,2,3,4,2,3,2,3,4,3,2,3,4,3
P003692,0.9,padrao_1,moderado,46,3,2,3,2,4,3,2,3,3,2,4,2,3,3,4,2,3,2,4,3
P002709,0.9,padrao_1,moderado,45,3,3,2,3,4,3,2,3,2,3,4,2,3,2,3,2,3,2,3,4
P005017,0.9,padrao_1,ativo,51,3,3,4,2,3,4,2,3,4,2,3,4,2,3,4,3,2,4,3,2
P002310,0.9,padrao_1,moderado,48,3,3,4,3,3,3,2,3,3,4,3,3,2,3,4,3,2,3,3,4
P002015,0.9,padrao_1,moderado,56,3,2,4,3,2,3,3,2,4,2,3,4,3,2,3,4,3,2,3,4
P007547,0.9,padrao_1,moderado,48,3,3,2,3,2,3,2,3,3,2,3,2,3,2,3,2,3,2,3,2
P000031,0.9,padrao_1,moderado,49,3,2,3,2,3,2,3,3,2,3,3,2,3,3,2,3,2,3,2,3
P007586,0.9,padrao_1,moderado,53,3,3,2,3,2,3,2,2,3,2,3,2,3,3,2,3,2,4,2,3
P000761,0.9,padrao_1,moderado,48,3,2,3,2,4,3,2,3,2,3,2,3,4,2,3,3,4,2,3,2
P005753,0.9,padrao_1,moderado,49,3,2,3,2,3,2,3,2,3,2,3,2,3,2,3,2,3,2,3,2
P004237,0.9,padrao_1,moderado,44,3,3,2,2,3,3,2,3,2,3,2,3,2,2,3,3,2,2,3,3
P002895,0.9,padrao_1,sedentário,51,3,2,3,2,4,3,3,2,4,2,3,2,4,3,2,4,3,2,4,3
P009490,0.9,padrao_1,moderado,48,3,3,3,2,2,3,3,2,2,3,4,2,3,2,3,2,3,2,3,3
P005553,0.9,padrao_1,sedentário,57,3,4,2,3,2,4,3,2,4,3,2,3,4,3,2,3,4,2,3,4
P001645,0.9,padrao_1,moderado,48,3,3,2,4,3,3,2,3,2,4,3,2,3,3,2,4,3,3,2,3
P001033,0.9,padrao_1,moderado,47,3,3,2,4,3,3,2,3,2,3,2,4,3,2,4,3,2,3,3,2
P007185,0.9,padrao_1,moderado,48,3,4,3,2,3,2,3,4,3,2,3,4,3,2,4,2,3,4,3,2
P004910,0.9,padrao_1,moderado,57,3,2,3,2,2,4,2,3,3,2,3,2,4,3,3,2,4,3,2,4
P008253,0.9,padrao_1,ativo,50,3,2,3,3,2,3,2,3,2,3,3,2,2,3,2,3,2,3,2,3
P006973,0.9,padrao_1,moderado,50,3,4,2,3,2,3,4,3,2,3,2,4,3,2,3,4,3,2,3,4
P003554,0.9,padrao_1,moderado,53,3,3,2,4,3,2,3,2,3,3,2,3,2,4,3,2,3,2,3,4
P010290,0.9,padrao_1,ativo,46,3,4,3,2,3,2,3,4,3,2,2,3,4,2,3,4,3,2,4,3
P003846,0.9,padrao_1,moderado,49,3,2,3,2,3,2,3,2,3,2,3,2,3,2,3,2,3,2,3,2
P003586,0.9,padrao_1,moderado,48,3,3,2,2,3,3,2,3,2,3,2,3,2,3,2,3,2,3,2,3
P000893,0.9,padrao_1,moderado,48,3,3,2,4,2,3,2,3,3,2,4,3,2,3,2,4,3,2,3,2
P009414,0.9,padrao_1,moderado,49,3,3,2,3,2,2,4,3,2,3,2,3,2,3,3,3,2,4,3,2
P007734,0.9,padrao_1,moderado,49,3,2,3,2,3,2,3,2,2,3,2,3,2,3,2,3,3,2,3,2
P005849,0.9,padrao_1,sedentário,45,3,3,2,4,3,2,3,4,2,3,3,4,2,3,4,3,2,3,4,3
P004310,0.9,padrao_1,moderado,49,3,3,2,3,4,2,3,2,3,4,2,3,3,2,4,3,4,3,2,3
P002889,0.9,padrao_1,ativo,45,3,3,2,4,3,2,4,3,2,4,2,3,3,2,4,3,2,3,4,2
P009429,0.9,padrao_1,moderado,49,3,3,2,4,3,2,3,2,3,4,2,3,2,3,2,4,3,2,3,3
P002600,0.9,padrao_1,sedentário,51,3,3,2,2,3,2,4,3,2,3,2,3,4,3,2,3,3,2,3,4
P002951,0.9,padrao_1,moderado,47,3,4,3,2,3,3,3,2,3,4,3,2,3,3,4,3,2,3,3,4
P008206,0.9,padrao_1,ativo,54,3,2,3,4,3,2,4,3,2,4,3,3,2,4,3,2,3,3,2,4
P005395,0.9,padrao_1,moderado,53,3,2,3,4,3,2,3,2,3,4,2,3,3,4,2,3,2,3,4,3
P004395,0.9,padrao_1,moderado,49,3,2,3,2,3,2,3,2,3,2,3,2,3,2,3,2,3,2,3,2
P005343,0.9,padrao_1,moderado,51,3,2,3,2,2,3,2,3,2,3,2,3,2,3,2,3,2,3,2,3
P009531,0.9,padrao_1,moderado,49,3,3,2,3,2,3,2,2,3,4,2,3,2,3,2,4,3,2,3,3
P009995,0.9,padrao_1,moderado,48,3,4,3,2,3,4,2,3,4,2,3,4,3,2,3,4,2,3,4,3
P003099,0.9,padrao_1,moderado,50,3,3,2,3,4,3,2,2,3,2,3,3,4,2,3,3,2,4,3,3
P010314,0.9,padrao_1,moderado,49,3,2,2,3,3,2,3,2,2,3,4,3,3,2,3,2,3,4,3,2
P005031,0.9,padrao_1,sedentário,49,2,3,3,2,2,3,3,2,2,3,1,2,3,2,3,3,2,2,3,2
P008808,0.9,padrao_1,moderado,55,3,3,2,3,2,4,3,2,3,2,3,3,2,4,2,3,2,3,3,4
P008072,0.9,padrao_1,moderado,52,3,3,2,2,2,3,3,2,3,2,3,2,3,3,2,3,2,3,2,3
P006987,0.9,padrao_1,moderado,53,3,3,2,3,2,3,3,2,4,2,3,2,3,3,2,4,2,3,3,4
P003772,0.9,padrao_1,sedentário,58,3,2,3,3,2,4,3,2,3,2,4,3,2,3,3,2,4,3,2,4
P004916,0.9,padrao_1,moderado,47,3,3,2,3,2,2,3,2,3,3,2,3,2,2,3,3,2,2,3,2
P008248,0.9,padrao_1,moderado,46,3,4,3,2,4,3,4,3,2,3,4,3,2,4,3,3,2,4,3,2
P002152,0.9,padrao_1,ativo,54,3,3,2,3,4,2,3,2,4,3,2,3,4,3,2,3,4,2,3,4
P006053,0.9,padrao_1,ativo,49,3,2,3,2,3,2,4,3,2,3,2,3,2,3,3,2,3,2,4,3
P006979,0.9,padrao_1,moderado,52,3,3,2,3,2,3,4,2,3,2,3,2,3,3,2,4,3,2,3,3
P002444,0.9,padrao_1,moderado,53,3,2,3,2,3,3,2,2,3,2,3,2,4,3,2,3,2,4,3,3
P001859,0.9,padrao_1,moderado,50,3,3,2,3,2,3,2,3,2,3,2,3,2,3,2,3,2,3,2,3
P006052,0.9,padrao_1,moderado,52,3,3,4,3,4,2,3,2,3,4,3,2,3,4,3,2,3,4,3,3
P009428,0.9,padrao_1,ativo,53,3,4,2,3,4,3,2,3,4,2,3,4,2,3,2,3,4,3,2,4
P002929,0.9,padrao_1,moderado,53,3,3,2,4,3,2,3,2,3,2,4,3,3,4,2,3,4,3,4,3
P004457,0.9,padrao_1,moderado,49,3,2,4,3,2,3,4,3,2,3,4,2,3,1,3,2,3,2,4,3
P008800,0.9,padrao_1,moderado,50,2,3,2,3,2,2,3,2,2,3,3,2,2,3,2,3,2,3,2,3
P000011,0.9,padrao_1,moderado,47,3,3,2,2,3,2,4,3,2,3,2,3,4,2,3,2,3,2,4,2
P008095,0.9,padrao_1,ativo,50,3,2,3,2,3,3,2,3,2,3,3,2,3,4,2,3,2,3,2,3
P008849,0.9,padrao_1,moderado,51,3,3,2,3,4,2,3,2,3,3,4,2,4,3,3,2,3,4,2,3
P007618,0.9,padrao_1,moderado,45,3,3,2,3,2,3,2,2,3,4,3,3,2,2,3,3,2,3,4,2
P001791,0.9,padrao_1,moderado,50,3,3,4,3,2,3,4,3,2,3,4,3,2,3,3,4,3,2,3,4
P000304,0.9,padrao_1,moderado,52,3,2,3,2,3,3,2,3,2,3,2,3,2,3,2,2,3,3,2,3
P008247,0.9,padrao_1,moderado,48,3,3,2,3,2,3,2,3,2,3,3,2,2,3,2,2,3,2,3,3
P004415,0.9,padrao_1,moderado,49,2,3,2,3,3,2,2,3,2,3,2,3,2,3,2,3,2,3,2,3
P010007,0.9,padrao_1,ativo,51,3,4,3,2,3,4,3,2,3,4,2,3,3,4,2,3,2,3,4,3
P006615,0.9,padrao_1,moderado,53,3,3,4,2,3,3,4,2,3,2,3,4,3,2,3,4,3,2,3,4
P010726,0.9,padrao_1,moderado,50,3,3,2,3,2,3,2,3,2,3,2,3,2,3,2,3,2,3,2,3
P004222,0.9,padrao_1,moderado,50,3,2,3,3,2,3,2,3,3,2,3,2,3,2,3,2,3,2,3,2
P010623,0.9,padrao_1,moderado,48,3,3,2,2,3,2,3,2,2,3,2,4,3,2,3,2,3,2,3,2
P005081,0.9,padrao_1,moderado,53,3,3,4,3,2,3,3,2,4,3,2,4,3,2,3,4,3,2,3,2
P006316,0.9,padrao_1,moderado,45,3,3,2,2,3,2,3,2,2,3,3,2,3,2,3,2,3,2,3,2
P009302,0.9,padrao_1,moderado,46,3,3,2,2,3,2,3,2,3,2,3,2,3,2,3,3,2,2,3,3
P004466,0.9,padrao_1,moderado,50,3,3,2,3,2,3,2,3,2,3,2,3,3,2,2,3,2,3,2,3
P004915,0.9,padrao_1,moderado,52,3,2,3,2,3,3,3,2,3,2,4,3,2,3,2,3,3,2,3,4
P006794,0.9,padrao_1,sedentário,45,3,4,3,2,3,4,3,2,3,4,3,2,3,2,4,3,3,2,4,3
P007840,0.9,padrao_1,moderado,54,3,3,4,3,2,3,2,3,4,3,2,4,3,3,2,3,2,3,4,3
P005795,0.9,padrao_1,moderado,51,3,3,2,3,3,2,3,2,4,3,2,3,3,3,2,3,2,3,3,2
P000046,0.9,padrao_1,moderado,54,3,2,3,2,3,3,2,2,3,3,2,2,3,3,2,2,3,3,2,3
P006352,0.9,padrao_1,moderado,50,3,2,3,2,3,2,3,3,2,3,2,3,3,2,2,3,2,3,2,3
P008024,0.9,padrao_1,ativo,47,3,4,3,4,3,2,2,3,3,3,2,4,3,2,3,4,3,2,4,3
P001708,0.9,padrao_1,moderado,47,3,3,2,3,2,3,2,3,2,2,3,3,2,3,2,3,2,2,3,2
P008065,0.9,padrao_1,moderado,52,3,2,3,2,4,3,3,2,4,3,2,3,4,2,3,3,2,4,3,2
P003968,0.9,padrao_1,moderado,49,3,3,2,3,2,2,3,2,3,2,3,2,3,2,3,2,3,2,3,2
P003870,0.9,padrao_1,moderado,48,3,3,2,3,2,3,2,3,2,3,2,3,2,3,2,3,2,3,3,2
P006397,0.9,padrao_1,sedentário,52,3,3,4,3,3,4,3,2,3,4,3,2,3,3,4,3,2,4,3,4
P005841,0.9,padrao_1,moderado,45,3,3,2,3,4,3,2,3,3,2,4,3,2,3,4,2,3,3,4,2
P003992,0.9,padrao_1,moderado,51,3,3,2,3,2,4,2,3,3,2,4,3,2,3,3,2,4,3,3,2
P001082,0.9,padrao_1,sedentário,49,3,3,2,3,2,3,2,3,2,3,2,3,4,2,3,3,4,2,3,2
P002940,0.9,padrao_1,ativo,48,3,3,2,3,2,3,2,3,2,3,2,3,2,3,2,3,3,2,3,2
P006842,0.9,padrao_1,moderado,49,3,3,2,4,3,3,2,3,2,3,2,4,3,3,2,4,2,3,3,2
P001212,0.9,padrao_1,moderado,53,3,3,2,3,2,3,3,2,2,3,2,4,2,3,4,2,3,3,2,3
P007551,0.9,padrao_1,moderado,47,3,2,3,2,3,3,2,3,2,3,3,2,4,2,3,2,2,3,4,3
P004183,0.9,padrao_1,moderado,49,3,3,2,2,2,3,2,3,2,3,2,3,3,2,2,3,2,3,2,3
P006069,0.9,padrao_1,moderado,50,3,3,2,4,3,2,3,4,2,3,2,3,4,2,3,2,4,3,3,2
P003237,0.9,padrao_1,sedentário,53,3,3,4,2,3,3,4,2,3,2,3,4,2,3,3,4,2,3,2,3
P005384,0.9,padrao_1,moderado,51,3,3,2,4,3,3,2,3,2,4,3,3,2,4,3,2,3,3,2,4
P007559,0.9,padrao_1,ativo,52,3,3,2,4,3,2,4,2,3,1,3,2,4,3,2,4,3,2,4,3
P009999,0.9,padrao_1,moderado,53,3,2,3,2,3,2,3,2,3,2,2,3,2,3,2,3,2,3,2,3
P004932,0.9,padrao_1,moderado,49,3,2,3,2,3,2,3,2,3,2,3,2,3,2,3,2,3,2,3,2
P008094,0.9,padrao_1,ativo,49,3,4,2,3,4,3,2,3,4,2,3,4,2,3,4,3,2,4,3,4
P005121,0.9,padrao_1,moderado,52,3,2,3,2,4,3,2,3,2,3,2,3,4,2,3,2,4,3,2,3
P001242,0.9,padrao_1,moderado,46,3,3,2,3,2,3,2,3,2,2,3,3,2,3,3,4,2,2,3,3
P005880,0.9,padrao_1,moderado,49,3,3,2,4,3,2,3,4,2,3,2,3,3,4,2,3,4,1,3,2
P002835,0.9,padrao_1,moderado,54,3,3,4,3,2,3,3,2,3,2,4,3,2,3,3,2,4,3,3,2
P005971,0.9,padrao_1,ativo,52,3,3,2,3,2,3,2,3,4,2,3,2,4,2,3,3,2,4,2,3
P006907,0.9,padrao_1,ativo,51,3,4,3,2,4,3,2,3,4,2,3,3,4,2,3,4,4,3,2,4
P003182,0.9,padrao_1,moderado,49,3,2,3,2,3,2,3,2,3,2,3,2,3,2,3,2,3,2,3,2
P005126,0.9,padrao_1,moderado,51,3,3,2,3,2,3,2,3,2,3,2,3,2,3,3,2,3,3,2,3
P007672,0.9,padrao_1,moderado,47,3,3,3,2,3,2,3,3,2,3,2,3,2,3,3,2,3,2,3,2
P003606,0.9,padrao_1,ativo,51,3,2,3,2,3,4,3,2,3,2,4,3,2,3,3,2,4,1,3,2
P010449,0.9,padrao_1,ativo,47,3,2,3,3,2,3,2,3,2,3,3,2,1,3,2,3,2,3,3,2
P002368,0.9,padrao_1,moderado,51,3,3,2,3,2,4,3,2,3,3,2,4,2,3,4,3,3,2,4,3
P006345,0.9,padrao_1,moderado,49,3,4,3,2,2,3,4,3,2,2,3,4,2,3,2,4,3,2,4,3
P009927,0.9,padrao_1,moderado,49,3,2,3,2,3,2,3,2,3,2,3,2,3,2,4,3,2,3,2,3
P006551,0.9,padrao_1,moderado,52,3,3,2,3,2,3,2,3,2,2,3,3,2,3,2,2,3,3,2,3
P005836,0.9,padrao_1,moderado,46,3,4,3,2,3,2,3,4,2,3,2,4,3,2,3,3,2,4,3,2
P004254,0.9,padrao_1,moderado,51,3,3,2,4,3,2,3,2,4,3,2,3,4,2,3,4,3,2,3,3
P010254,0.9,padrao_1,moderado,51,3,3,2,3,2,3,2,4,3,2,3,2,4,3,2,3,2,3,2,3
P008633,0.9,padrao_1,moderado,52,3,3,2,4,3,2,3,2,3,4,3,2,3,4,2,3,4,2,3,4
P004129,0.9,padrao_1,moderado,48,3,3,2,2,3,4,3,2,3,3,4,2,3,3,4,2,3,2,3,3
P001495,0.9,padrao_1,moderado,50,3,3,2,3,2,3,2,3,1,2,3,3,2,4,2,3,2,3,2,3
P007919,0.9,padrao_1,sedentário,53,3,3,2,4,3,4,2,3,4,3,2,4,3,2,4,3,2,4,3,4
P003960,0.9,padrao_1,moderado,50,3,3,2,2,3,2,3,2,3,2,3,3,2,1,3,2,3,3,2,4
P004421,0.9,padrao_1,moderado,46,3,3,2,2,3,3,2,3,2,3,4,3,2,3,2,3,2,3,2,3
P009640,0.9,padrao_1,muito ativo,48,3,3,2,3,2,3,2,4,2,3,3,2,4,3,2,3,2,4,3,2
P000198,0.9,padrao_1,moderado,52,3,2,3,2,4,3,2,3,4,3,2,3,2,4,2,3,3,2,3,4
P006334,0.9,padrao_1,sedentário,48,3,4,3,2,4,3,2,2,3,4,3,2,4,3,4,2,3,3,2,3
P004830,0.9,padrao_1,moderado,50,3,3,2,4,2,3,4,2,3,4,2,3,3,2,4,3,2,3,3,2
P009935,0.9,padrao_1,moderado,52,3,3,2,3,2,3,2,2,3,2,3,2,3,3,2,3,2,3,2,3
P003406,0.9,padrao_1,moderado,52,3,3,2,3,2,2,3,3,2,3,2,2,3,3,2,2,3,3,2,3
P000173,0.9,padrao_1,moderado,51,3,3,2,3,2,3,2,3,3,2,2,3,3,2,3,2,3,2,3,3
P008169,0.9,padrao_1,sedentário,50,3,4,3,2,3,4,3,2,3,2,4,3,2,3,4,2,3,4,3,2
P003796,0.9,padrao_1,moderado,49,3,4,3,3,2,3,4,2,3,4,2,3,3,2,3,4,3,2,4,3
P003717,0.9,padrao_1,moderado,43,3,4,2,3,3,2,3,4,2,3,2,4,3,2,3,4,2,3,4,2
P000278,0.9,padrao_1,moderado,53,3,3,2,3,4,2,3,2,3,3,2,3,4,2,3,2,3,4,2,3
P002796,0.9,padrao_1,moderado,49,3,3,2,3,4,2,3,2,3,3,2,4,3,2,4,3,2,3,2,3
P009407,0.9,padrao_1,moderado,49,3,3,2,3,2,3,3,2,2,3,4,3,2,3,3,2,3,2,3,3
P005727,0.9,padrao_1,ativo,48,3,4,3,2,3,4,2,3,4,3,2,3,4,2,3,4,3,2,4,3
P004285,0.9,padrao_1,moderado,51,3,3,2,4,3,2,3,2,4,3,3,2,4,3,2,4,3,2,3,3
P009049,0.9,padrao_1,sedentário,48,3,4,3,2,3,4,2,3,4,3,3,2,4,2,3,4,3,2,3,4
P005159,0.9,padrao_1,moderado,48,3,2,3,2,3,3,2,3,2,2,3,2,3,3,2,3,2,3,3,2
P000823,0.9,padrao_1,moderado,46,3,3,2,2,3,2,3,2,2,3,3,2,3,2,3,2,2,3,2,2
P010000,0.9,padrao_1,moderado,42,3,2,3,2,4,3,2,3,2,3,4,2,3,2,3,4,3,2,3,2
P001287,0.9,padrao_1,moderado,51,3,2,3,2,3,3,2,2,3,2,3,4,3,2,2,3,2,3,3,2
P001482,0.9,padrao_1,ativo,59,3,2,4,3,2,3,4,2,4,3,2,3,3,4,2,3,2,4,3,2
P003879,0.9,padrao_1,ativo,50,3,2,3,2,3,2,3,3,2,3,2,4,3,2,3,2,3,2,3,3
P001211,0.9,padrao_1,moderado,49,3,4,2,3,4,2,3,4,3,2,3,4,2,3,4,2,3,4,2,3
P008262,0.9,padrao_1,moderado,52,3,3,2,3,2,3,2,3,4,3,2,3,2,3,2,4,3,3,2,3
P005383,0.9,padrao_1,moderado,48,3,3,2,4,3,3,2,3,1,2,3,2,4,3,2,3,2,3,4,3
P003865,0.9,padrao_1,sedentário,49,3,3,2,3,2,3,4,3,2,4,2,3,3,2,3,2,3,2,4,3
P002805,0.9,padrao_1,moderado,49,3,3,2,3,2,3,2,3,2,3,4,3,2,3,2,3,3,3,2,3
P006357,0.9,padrao_1,moderado,54,3,3,2,4,2,3,3,2,4,3,2,3,2,3,4,2,3,4,3,2
P004790,0.9,padrao_1,moderado,54,3,2,3,3,2,3,4,2,1,3,2,3,4,2,3,2,3,1,2,3
P005365,0.9,padrao_1,moderado,56,3,3,4,3,3,2,4,3,3,4,2,3,4,3,3,2,4,3,3,4
P005333,0.9,padrao_1,moderado,53,3,3,2,4,3,2,3,2,2,3,3,2,3,4,2,3,3,4,2,3
P008442,0.9,padrao_1,moderado,50,2,3,3,2,3,2,3,2,3,2,4,3,2,3,2,3,2,4,3,2
P006922,0.9,padrao_1,moderado,47,3,3,2,3,2,3,2,3,2,3,3,2,4,2,3,2,3,2,3,2
P009479,0.9,padrao_1,moderado,49,3,3,4,2,3,3,2,3,2,4,3,3,4,2,3,2,4,3,4,3
P006900,0.9,padrao_1,moderado,51,3,3,2,4,3,3,2,4,3,2,3,4,2,3,3,2,4,3,3,2
P000949,0.9,padrao_1,moderado,49,3,3,2,3,2,3,2,2,3,2,3,2,3,2,3,2,3,2,3,2
P010227,0.9,padrao_1,moderado,50,3,3,3,4,2,3,3,4,3,4,2,3,2,3,3,4,2,3,3,4
P008543,0.9,padrao_1,moderado,51,3,2,3,2,2,3,2,3,2,3,2,3,2,3,2,3,2,3,2,3
P002278,0.9,padrao_1,moderado,45,3,3,2,3,2,3,2,3,2,3,2,2,3,2,3,3,2,2,3,2
P007378,0.9,padrao_1,ativo,54,3,2,3,4,2,3,3,2,3,2,3,2,4,3,2,4,3,2,3,2
P000666,0.9,padrao_1,moderado,49,3,3,2,3,2,3,2,3,2,3,2,3,3,2,3,2,3,2,3,3
P005308,0.9,padrao_1,moderado,51,3,3,2,4,2,3,2,3,3,4,2,3,3,2,3,2,4,3,3,2
P005772,0.9,padrao_1,moderado,50,3,3,2,3,2,3,2,2,4,3,2,3,2,3,4,2,3,2,3,2
P009839,0.9,padrao_1,moderado,46,3,3,2,2,3,2,3,3,2,3,2,3,3,2,3,4,2,3,2,3
P005030,0.9,padrao_1,moderado,49,3,2,3,2,3,2,3,2,3,2,3,2,3,2,3,2,3,2,3,2
P009473,0.9,padrao_1,moderado,46,3,3,2,2,3,3,2,3,2,3,1,2,3,2,2,3,2,2,3,3
P000542,0.9,padrao_1,moderado,51,3,2,2,3,2,3,2,3,2,2,3,3,2,3,2,3,2,3,2,3
P009236,0.9,padrao_1,moderado,49,3,3,2,2,3,2,3,2,3,2,2,3,3,2,3,2,3,2,4,3
P008798,0.9,padrao_1,moderado,46,3,3,2,4,3,4,2,3,3,4,2,3,3,2,4,3,3,2,4,2
P006715,0.9,padrao_1,moderado,53,3,3,4,2,3,3,4,2,3,2,3,4,3,3,2,4,2,3,4,3
P007803,0.9,padrao_1,ativo,48,3,3,2,3,2,3,2,3,2,3,2,3,3,2,2,3,3,2,3,2
P000883,0.9,padrao_1,sedentário,55,3,2,3,2,4,3,2,3,4,2,3,2,4,3,2,2,3,3,2,4
P008211,0.9,padrao_1,moderado,51,3,2,2,3,4,3,2,3,4,2,3,2,3,4,2,3,2,4,3,2
P003337,0.9,padrao_1,moderado,47,3,2,2,3,3,2,2,3,3,2,3,2,3,2,3,2,3,2,3,2
P007396,0.9,padrao_1,moderado,52,3,3,2,3,2,3,2,3,2,3,2,3,4,2,3,2,3,3,2,3
P006377,0.9,padrao_1,moderado,53,3,3,2,4,3,2,3,2,3,2,4,3,2,3,2,3,4,3,2,3
P001807,0.9,padrao_1,ativo,49,3,2,3,2,3,2,3,2,3,2,3,2,3,2,3,2,3,2,3,2
P006618,0.9,padrao_1,sedentário,49,3,2,3,3,2,3,2,3,1,2,3,2,3,2,3,2,3,1,2,3
P005748,0.9,padrao_1,moderado,47,3,2,3,2,3,2,3,2,2,3,4,3,2,3,3,2,3,2,3,2
P010263,0.9,padrao_1,sedentário,51,2,3,3,2,3,2,3,2,3,4,2,3,1,3,2,3,2,3,2,4
P002668,0.9,padrao_1,ativo,47,3,4,3,2,4,3,2,3,4,2,3,4,2,3,4,3,2,4,3,2
P003735,0.9,padrao_1,moderado,49,3,3,2,2,3,2,4,3,2,2,3,2,3,3,3,2,2,4,3,3
P009457,0.9,padrao_1,ativo,47,3,3,2,4,2,3,2,4,3,2,4,3,2,3,4,2,3,3,4,2
P003787,0.9,padrao_1,sedentário,48,3,2,3,2,3,2,4,3,3,2,4,3,2,3,2,4,2,3,3,2
P005472,0.9,padrao_1,ativo,52,3,3,2,4,3,2,3,2,4,3,2,3,4,2,3,4,3,2,3,4
P001735,0.9,padrao_1,moderado,48,3,3,2,3,2,2,2,3,2,3,2,3,2,3,2,3,3,2,3,3
P007638,0.9,padrao_1,moderado,49,3,2,2,3,3,2,3,2,3,2,3,2,3,2,3,2,3,2,3,2
P000932,0.9,padrao_1,moderado,51,3,3,2,2,3,3,4,3,2,2,3,3,4,2,3,2,3,2,2,3
P004188,0.9,padrao_1,ativo,49,2,3,3,2,4,3,2,3,2,3,4,3,2,3,3,2,4,3,2,3
P003483,0.9,padrao_1,moderado,49,3,3,2,2,4,3,3,2,2,3,2,3,4,3,2,3,3,2,4,3
P002253,0.9,padrao_1,moderado,49,3,3,2,3,2,3,2,3,4,2,3,3,2,3,2,3,2,3,4,2
P003716,0.9,padrao_1,moderado,47,3,3,2,3,2,3,2,3,1,2,2,3,2,3,2,4,3,2,3,2
P004355,0.9,padrao_1,moderado,48,3,3,2,3,2,3,2,3,2,3,2,3,2,3,2,3,2,3,3,2
P005704,0.9,padrao_1,moderado,51,3,3,2,4,3,3,2,4,3,2,3,4,3,3,2,4,3,2,3,4
P005905,0.9,padrao_1,moderado,53,3,2,3,2,3,2,3,2,4,3,2,3,2,3,2,3,2,3,2,3
P006087,0.9,padrao_1,moderado,40,3,4,2,3,4,2,3,4,2,3,4,3,2,4,3,4,2,3,4,2
P002770,0.9,padrao_1,sedentário,52,3,3,2,4,3,3,2,3,4,2,3,4,3,2,3,3,4,2,3,3
P005206,0.9,padrao_1,ativo,52,3,4,3,2,3,4,3,2,3,4,3,2,4,3,2,3,4,2,3,4
P001098,0.9,padrao_1,moderado,47,3,3,2,3,3,2,4,3,2,3,2,3,4,2,3,3,2,3,4,2
P009653,0.9,padrao_1,moderado,48,3,2,2,3,3,2,2,3,2,3,2,3,2,3,2,2,3,2,3,2
P009832,0.9,padrao_1,moderado,49,3,2,3,2,3,3,2,2,3,2,4,3,2,3,3,2,2,3,3,2
P000159,0.9,padrao_1,moderado,45,3,4,2,3,4,2,3,3,2,4,2,3,3,4,2,3,3,2,4,2
P006733,0.9,padrao_1,moderado,47,3,2,3,2,3,2,3,2,2,3,3,2,3,2,2,3,3,2,3,2
P003890,0.9,padrao_1,moderado,50,3,3,2,3,2,3,2,2,3,2,3,2,3,2,3,3,2,3,2,3
P008961,0.9,padrao_1,moderado,54,3,3,4,2,3,4,2,3,4,3,2,3,2,4,3,2,3,4,3,2
P005026,0.9,padrao_1,moderado,45,3,3,2,4,3,4,2,3,3,4,2,3,1,2,3,4,2,3,4,3
P003123,0.9,padrao_1,moderado,51,3,3,2,3,2,3,2,3,3,2,3,2,3,2,3,2,3,3,2,3
P004456,0.9,padrao_1,moderado,47,3,4,2,3,2,4,3,2,3,4,2,3,2,3,4,3,2,3,4,2
P007138,0.9,padrao_1,moderado,50,3,2,3,2,3,3,2,3,2,3,2,3,3,2,3,2,3,2,2,3
P009200,0.9,padrao_1,moderado,53,3,2,2,3,2,2,3,3,2,2,3,3,2,3,2,2,3,3,2,3
P005112,0.9,padrao_1,moderado,52,3,3,3,2,2,3,3,2,2,3,2,3,2,3,2,2,3,2,3,3
P002209,0.9,padrao_1,moderado,46,3,3,2,2,3,3,2,4,3,2,3,3,2,3,4,2,3,3,3,2
P008249,0.9,padrao_1,sedentário,54,2,3,3,2,3,2,4,3,2,3,2,4,3,2,3,2,3,4,2,3
P001609,0.9,padrao_1,moderado,55,3,3,4,3,2,2,3,4,3,2,3,2,4,3,2,3,4,3,2,3
P008732,0.9,padrao_1,moderado,50,3,3,2,3,2,3,2,3,4,3,2,3,2,3,2,3,3,2,3,2
P002637,0.9,padrao_1,moderado,50,3,3,3,2,4,3,3,2,3,3,2,4,3,2,3,4,2,3,3,4
P003395,0.9,padrao_1,moderado,55,3,4,3,2,3,3,4,2,3,2,3,4,2,3,3,2,3,4,2,3
P005403,0.9,padrao_1,ativo,52,3,3,2,3,2,3,2,2,3,2,3,3,2,3,2,3,2,3,2,3
P000333,0.9,padrao_1,moderado,51,3,2,3,3,2,2,3,2,3,2,3,2,2,3,2,3,2,2,3,3
P009896,0.9,padrao_1,moderado,50,3,2,2,3,3,2,2,3,2,3,2,3,4,2,3,2,3,3,2,2
P009659,0.9,padrao_1,moderado,48,2,3,2,3,2,3,2,3,2,3,2,3,2,3,2,3,2,2,3,2
P009671,0.9,padrao_1,ativo,42,3,3,4,2,3,2,3,4,2,3,4,2,3,2,3,4,3,2,4,3
P004283,0.9,padrao_1,moderado,55,3,3,4,2,3,4,3,2,4,3,3,2,4,3,2,3,4,3,4,3
P004652,0.9,padrao_1,moderado,48,3,4,3,2,4,3,2,3,3,4,2,3,2,4,3,2,3,4,3,2
P008675,0.9,padrao_1,moderado,49,3,2,2,3,3,2,3,2,2,3,2,3,3,2,3,2,3,2,3,2
P005295,0.9,padrao_1,sedentário,52,3,3,4,2,3,2,4,3,2,3,4,3,2,4,3,2,3,4,3,4
P004521,0.9,padrao_1,moderado,51,3,2,2,3,2,3,2,3,4,2,3,2,3,2,3,3,2,3,2,3
P004313,0.9,padrao_1,moderado,50,2,3,2,3,2,3,2,3,2,3,2,3,2,3,2,3,1,3,2,3
P003790,0.9,padrao_1,moderado,45,3,3,2,2,3,3,2,3,2,2,3,2,3,2,2,3,3,2,3,2
P006278,0.9,padrao_1,moderado,47,3,3,2,2,3,2,3,2,3,2,3,3,2,3,2,4,3,2,3,2
P009925,0.9,padrao_1,moderado,56,3,2,3,2,3,4,3,2,3,2,2,3,4,3,2,3,4,2,3,2
P003655,0.9,padrao_1,moderado,44,3,2,2,3,3,2,2,3,2,3,3,2,2,3,3,3,2,2,3,3
P005784,0.9,padrao_1,sedentário,52,3,3,2,4,3,2,3,4,3,3,2,3,4,3,3,2,4,3,3,2
P008337,0.9,padrao_1,moderado,51,3,3,2,3,2,3,2,2,1,3,2,3,3,4,2,3,1,3,2,3
P000818,0.9,padrao_1,moderado,52,3,3,2,3,2,3,2,2,3,2,3,2,3,2,3,2,3,3,2,3
P000958,0.9,padrao_1,moderado,53,3,2,3,2,3,2,3,2,4,3,2,3,2,3,2,3,2,3,2,3
P004277,0.9,padrao_1,moderado,49,3,3,2,3,2,2,3,2,3,2,3,2,3,2,3,2,3,2,3,2
P001334,0.9,padrao_1,sedentário,48,3,2,3,2,4,3,2,3,3,2,4,3,2,3,2,3,4,2,3,2
P003434,0.9,padrao_1,moderado,51,3,2,2,3,2,3,2,3,2,3,2,3,2,3,2,3,2,3,2,3
P004003,0.9,padrao_1,moderado,46,3,3,2,3,2,3,2,3,2,2,3,2,3,2,3,3,2,3,4,3
P001922,0.9,padrao_1,moderado,47,3,3,2,2,3,2,3,2,3,2,3,2,3,2,3,2,3,2,3,2
P002562,0.9,padrao_1,moderado,50,3,2,3,3,2,3,2,3,2,3,2,3,2,2,3,3,2,3,2,3
P006225,0.9,padrao_1,sedentário,55,3,2,3,4,2,3,2,4,3,2,3,4,2,3,2,3,4,2,3,4
P009784,0.9,padrao_1,moderado,49,3,3,2,3,2,2,3,2,3,2,3,2,3,2,3,2,3,2,3,2
P005178,0.9,padrao_1,sedentário,49,3,3,2,3,2,3,2,3,2,3,2,2,3,2,2,3,2,3,2,3
P007303,0.9,padrao_1,moderado,52,3,2,3,2,3,2,4,3,2,3,2,2,4,3,2,3,2,3,2,3
P000204,0.9,padrao_1,moderado,53,3,2,3,2,3,4,2,3,3,2,3,2,3,4,3,2,3,4,3,2
P003002,0.9,padrao_1,moderado,48,3,3,2,2,3,2,3,3,2,2,3,2,3,3,2,3,2,3,2,3
P001677,0.9,padrao_1,moderado,43,3,4,3,2,3,3,2,4,3,2,4,3,2,3,3,4,2,3,3,2
P009008,0.9,padrao_1,moderado,51,2,3,2,3,2,2,3,3,2,2,3,3,2,2,3,2,3,3,2,3
P006437,0.9,padrao_1,moderado,46,3,3,2,2,3,3,2,3,2,3,2,3,3,2,3,2,2,3,3,2
P001217,0.9,padrao_1,moderado,46,3,3,2,3,2,3,2,3,2,3,3,2,3,2,3,2,3,2,3,2
P000136,0.9,padrao_1,ativo,48,3,3,2,4,3,3,2,4,3,2,4,3,2,4,3,3,2,4,3,2
P004057,0.9,padrao_1,sedentário,51,3,2,2,3,3,2,3,2,3,2,3,2,3,2,2,3,2,3,2,3
P010344,0.9,padrao_1,moderado,46,3,3,2,3,2,2,3,4,2,3,2,3,2,3,2,3,2,3,4,2
P006151,0.9,padrao_1,moderado,49,3,2,3,2,3,2,3,2,3,2,3,2,3,2,3,2,3,2,3,2
P000603,0.9,padrao_1,moderado,50,3,3,2,3,2,3,2,3,2,3,2,3,2,3,2,3,2,3,2,3
P003577,0.9,padrao_1,moderado,48,2,3,2,3,2,3,2,3,2,2,3,2,3,2,3,2,3,2,3,2
P002753,0.9,padrao_1,moderado,53,3,3,2,4,3,2,3,2,3,3,2,4,2,3,3,2,4,3,3,2
P007196,0.9,padrao_1,ativo,45,3,3,2,3,3,2,3,4,2,3,3,2,3,2,3,2,3,2,3,3
P001976,0.9,padrao_1,moderado,51,3,2,3,2,3,3,2,2,3,2,3,2,3,3,2,2,3,2,3,2
P000456,0.9,padrao_1,moderado,49,2,3,3,2,2,3,2,3,2,3,2,3,3,2,3,2,3,2,3,2
P001067,0.9,padrao_1,moderado,48,3,3,3,2,2,3,2,3,2,2,3,2,3,2,3,2,3,2,3,3
P008125,0.9,padrao_1,moderado,48,3,3,2,2,3,3,2,3,2,2,3,3,2,3,2,3,2,3,2,3
P007275,0.9,padrao_1,ativo,53,2,3,3,2,2,4,3,2,3,3,2,2,4,3,3,2,2,3,4,2
P001366,0.9,padrao_1,moderado,46,3,3,2,2,3,3,2,3,2,2,3,3,2,2,3,3,2,3,2,3
P001492,0.9,padrao_1,moderado,56,3,2,3,4,2,3,3,2,3,2,3,2,4,3,2,3,2,4,3,2
P001160,0.9,padrao_1,moderado,46,3,4,3,3,2,3,4,3,2,3,4,3,2,3,4,3,2,3,4,3
P006954,0.9,padrao_1,sedentário,51,3,3,2,4,3,2,3,2,3,4,3,2,3,4,2,3,2,3,3,4
P007904,0.9,padrao_1,moderado,50,3,3,2,3,2,3,2,3,2,3,2,3,2,3,2,3,2,3,2,3
P008826,0.9,padrao_1,moderado,50,3,3,2,3,2,3,3,2,2,3,2,3,3,2,3,2,3,2,3,2
P005926,0.9,padrao_1,moderado,48,3,3,2,3,2,3,2,3,2,3,2,3,3,2,3,2,3,2,3,2
P005213,0.9,padrao_1,moderado,45,3,3,2,2,3,2,3,2,2,3,3,1,2,2,3,2,2,3,2,3
P009053,0.9,padrao_1,moderado,49,3,3,2,3,2,2,3,2,3,2,3,2,3,2,3,2,3,2,3,2
P005216,0.9,padrao_1,ativo,54,3,4,2,3,4,2,3,1,4,2,3,4,2,3,3,1,4,2,3,4
P006670,0.9,padrao_1,moderado,49,3,3,2,3,2,2,3,2,3,2,3,2,3,2,3,2,3,2,3,2
P002191,0.9,padrao_1,ativo,49,3,3,2,4,3,2,3,4,3,2,3,2,3,4,3,2,3,2,4,3
P007454,0.9,padrao_1,moderado,52,3,2,4,2,3,2,3,2,4,2,3,2,4,2,3,3,4,2,3,2
P009723,0.9,padrao_1,ativo,49,3,2,3,2,3,2,3,2,3,2,3,2,3,2,3,2,3,2,3,2
P004093,0.9,padrao_1,moderado,46,3,3,2,2,3,3,2,2,4,3,2,2,3,2,3,3,2,2,4,3
P008907,0.9,padrao_1,moderado,50,3,3,2,2,3,3,2,2,3,2,3,3,2,3,2,3,2,3,2,3
P003402,0.9,padrao_1,moderado,51,3,3,2,3,3,2,3,2,3,2,3,2,3,2,3,2,3,3,2,3
P000429,0.9,padrao_1,ativo,51,3,4,3,2,3,3,2,4,3,2,3,4,3,2,3,2,4,3,2,3
P001737,0.9,padrao_1,moderado,55,3,2,4,2,3,3,2,4,3,2,3,4,3,2,3,2,4,3,2,4
P003076,0.9,padrao_1,moderado,53,3,2,3,2,3,2,4,2,3,2,3,2,4,3,2,2,3,3,4,2
P007742,0.9,padrao_1,moderado,49,3,2,3,2,3,2,3,2,3,2,3,2,3,2,3,2,3,2,3,2
P009067,0.9,padrao_1,sedentário,52,3,2,3,2,4,3,3,2,4,3,2,3,2,4,3,2,3,2,4,3
P010159,0.9,padrao_1,ativo,45,3,3,2,4,3,2,3,4,2,3,2,4,3,2,4,3,2,3,4,2
P003372,0.9,padrao_1,ativo,55,3,4,3,2,3,4,3,2,3,4,2,3,4,3,2,3,4,3,2,3
P006853,0.9,padrao_1,moderado,46,3,3,2,3,2,3,2,3,2,3,2,3,2,1,2,3,2,3,3,2
P007893,0.9,padrao_1,sedentário,56,3,2,4,3,2,3,4,2,3,3,2,3,4,2,3,4,3,2,3,4
P009665,0.9,padrao_1,moderado,52,3,3,2,3,2,3,3,2,2,3,2,3,2,3,2,3,2,3,2,3
P001238,0.9,padrao_1,moderado,46,3,3,2,2,3,3,2,2,2,3,3,2,3,2,3,3,2,3,2,3
P002522,0.9,padrao_1,moderado,48,2,3,3,2,3,2,3,2,3,2,3,2,3,1,3,2,3,2,3,2
P005725,0.9,padrao_1,ativo,56,3,3,2,4,2,3,2,3,4,1,2,3,3,4,2,3,4,2,3,2
P010341,0.9,padrao_1,moderado,47,3,3,2,2,3,2,3,2,3,2,3,2,3,2,3,2,3,2,3,2
P004841,0.9,padrao_1,moderado,53,3,3,2,3,2,3,2,3,3,2,2,3,3,2,3,2,3,3,2,3
P002844,0.9,padrao_1,moderado,52,3,3,2,3,2,3,2,3,3,2,2,3,3,2,3,2,3,3,2,2
P009242,0.9,padrao_1,moderado,54,3,2,4,3,2,3,4,3,2,3,2,3,4,3,2,4,2,3,4,3
P009680,0.9,padrao_1,ativo,56,3,4,3,2,3,4,3,2,4,3,2,3,4,3,2,4,3,4,2,3
P003823,0.9,padrao_1,moderado,45,3,4,2,3,3,4,2,3,3,4,2,3,3,2,3,4,2,3,4,3
P005886,0.9,padrao_1,moderado,50,3,3,2,4,3,2,3,4,2,3,4,2,3,4,3,2,3,4,2,3
P009610,0.9,padrao_1,moderado,52,3,2,2,3,2,3,1,2,4,3,2,3,2,4,3,2,3,2,3,2
P008344,0.9,padrao_1,moderado,54,3,3,2,3,2,3,4,3,2,3,2,3,2,3,3,2,4,3,3,4
P009420,0.9,padrao_1,moderado,50,3,3,2,3,2,3,2,3,2,3,2,3,2,3,2,3,2,3,2,3
P002255,0.9,padrao_1,sedentário,52,3,3,2,2,3,3,2,2,3,2,3,3,2,3,2,2,3,3,2,3
P003047,0.9,padrao_1,moderado,47,3,3,2,3,2,3,2,4,3,2,3,2,3,2,4,3,2,3,2,3
P003199,0.9,padrao_1,moderado,50,3,3,2,3,2,3,2,3,2,3,2,3,2,4,3,2,3,2,3,3
P000084,0.9,padrao_1,moderado,47,3,3,2,4,3,2,3,2,3,4,2,3,3,2,3,4,2,3,3,2
P001781,0.9,padrao_1,moderado,50,3,3,2,3,2,3,2,3,2,3,2,3,2,3,2,3,2,3,2,3
P009845,0.9,padrao_1,ativo,54,3,2,4,3,2,3,4,3,2,3,4,2,3,3,4,2,3,4,2,3
P006645,0.9,padrao_1,moderado,49,3,3,2,3,2,3,2,4,2,3,3,2,4,3,2,3,2,3,2,3
P001095,0.9,padrao_1,moderado,51,3,3,3,2,3,2,3,2,3,3,2,3,2,3,2,3,2,3,2,3
P003116,0.9,padrao_1,moderado,45,3,3,2,3,2,3,2,3,2,4,3,2,3,2,2,3,3,2,3,2
P002312,0.9,padrao_1,ativo,49,3,3,2,3,4,3,2,3,4,3,2,3,2,3,4,3,2,4,2,3
P004366,0.9,padrao_1,moderado,51,3,2,2,3,2,3,2,3,2,3,2,3,2,3,2,3,2,3,2,3
P005935,0.9,padrao_1,moderado,48,3,3,2,3,4,3,2,3,2,3,2,3,4,2,3,3,4,2,3,3
P003609,0.9,padrao_1,moderado,52,3,2,3,2,3,2,3,2,3,2,3,3,2,3,2,3,2,3,2,3
P001459,0.9,padrao_1,sedentário,48,3,3,2,2,3,3,2,3,3,2,4,3,2,3,2,3,2,3,2,3
P004190,0.9,padrao_1,ativo,49,2,3,3,2,3,2,3,2,3,2,3,2,3,2,3,2,3,2,3,2
P001302,0.9,padrao_1,moderado,50,3,3,2,3,2,2,3,3,2,3,2,3,2,3,2,3,2,3,2,3
P007258,0.9,padrao_1,ativo,45,3,4,3,2,3,4,2,3,1,2,4,3,2,4,3,2,3,1,4,3
P008586,0.9,padrao_1,moderado,49,3,3,2,2,3,2,3,2,3,2,2,3,2,3,3,2,3,2,3,2
P003642,0.9,padrao_1,ativo,45,3,4,3,2,4,3,2,4,3,2,3,4,2,3,4,3,2,4,3,2
P000608,0.9,padrao_1,ativo,55,3,3,2,4,3,2,3,2,4,3,3,2,4,3,2,3,4,3,2,3
P002774,0.9,padrao_1,ativo,46,3,3,2,2,3,2,3,2,3,2,3,1,3,2,3,2,3,2,3,2
P004863,0.9,padrao_1,moderado,51,3,3,2,3,2,3,2,3,3,2,3,2,3,3,2,3,2,3,2,3
P006961,0.9,padrao_1,moderado,50,3,3,2,3,2,3,2,3,3,2,2,3,3,2,3,2,3,2,3,2
P008707,0.9,padrao_1,moderado,48,3,2,3,3,2,3,2,3,2,3,3,2,3,2,3,2,3,2,3,2
P000248,0.9,padrao_1,moderado,42,3,4,3,2,4,3,2,3,4,3,2,3,1,2,3,4,3,2,4,2
P000742,0.9,padrao_1,ativo,55,3,4,2,3,2,3,4,3,2,3,2,4,2,3,1,3,2,4,1,3
P002265,0.9,padrao_1,moderado,49,3,3,2,4,3,3,2,4,2,3,2,3,4,3,2,3,2,3,4,3
P005344,0.9,padrao_1,moderado,51,3,3,2,2,3,2,3,2,2,3,2,3,2,3,2,2,3,3,2,3
P002069,0.9,padrao_1,moderado,45,3,2,3,2,3,2,2,3,3,2,3,2,2,3,4,3,2,3,3,2
P000865,0.9,padrao_1,ativo,48,3,2,2,3,3,2,4,3,2,3,2,4,3,2,3,4,3,2,3,2
P005327,0.9,padrao_1,moderado,49,3,2,2,3,2,3,2,3,3,2,3,2,3,2,3,2,3,2,3,2
P009460,0.9,padrao_1,moderado,51,3,3,2,2,3,2,3,2,3,2,2,3,3,2,2,4,3,3,2,3
P004726,0.9,padrao_1,moderado,52,3,2,3,2,3,4,2,3,2,3,2,3,4,2,3,2,3,4,3,2
P010028,0.9,padrao_1,moderado,52,3,3,4,3,2,2,3,3,4,2,3,2,3,3,4,2,3,3,4,3
P004647,0.9,padrao_1,moderado,51,3,2,3,2,3,2,3,2,4,3,2,3,3,2,3,2,3,2,4,3
P004600,0.9,padrao_1,moderado,55,3,3,2,3,2,4,3,3,2,3,2,4,3,2,3,2,3,4,2,3
P001487,0.9,padrao_1,sedentário,50,3,2,3,2,3,2,3,3,2,3,2,3,4,2,3,2,3,2,3,3
P009825,0.9,padrao_1,moderado,49,3,4,3,2,4,3,3,2,3,4,2,3,4,2,3,3,2,4,3,3
P007204,0.9,padrao_1,moderado,46,3,3,2,3,4,3,2,3,2,3,4,3,2,3,2,3,2,3,2,3
P007563,0.9,padrao_1,moderado,52,3,4,3,2,3,4,3,2,3,4,2,3,4,2,3,3,4,2,3,4
P000717,0.9,padrao_1,moderado,58,3,3,4,3,2,3,4,3,2,3,2,3,4,3,2,3,4,3,2,3
P005161,0.9,padrao_1,sedentário,54,2,3,2,2,3,2,3,2,3,2,2,3,3,3,2,2,3,3,2,2
P006406,0.9,padrao_1,sedentário,51,3,3,2,4,3,2,4,3,2,4,3,2,3,4,2,3,4,2,3,4
P006684,0.9,padrao_1,ativo,55,3,4,3,2,3,4,3,2,3,4,2,3,3,4,3,2,4,3,2,3
P009973,0.9,padrao_1,moderado,51,3,2,3,2,3,2,3,2,3,2,4,3,2,3,2,3,2,3,2,3
P002541,0.9,padrao_1,moderado,45,3,3,2,3,4,2,3,2,3,2,4,3,3,2,3,4,3,2,3,2
P006259,0.9,padrao_1,sedentário,49,3,2,3,2,3,2,3,2,3,2,3,2,3,2,3,2,3,2,3,2
P002634,0.9,padrao_1,moderado,54,3,4,3,2,3,2,4,3,4,2,3,2,4,3,3,2,3,4,2,3
P003364,0.9,padrao_1,moderado,48,3,3,2,3,2,3,2,2,3,2,3,2,3,2,4,2,3,2,3,2
P006507,0.9,padrao_1,moderado,52,3,3,2,4,3,2,3,4,2,3,2,3,2,4,3,2,3,4,3,4
P007676,0.9,padrao_1,moderado,47,3,2,3,3,2,2,2,3,2,2,3,3,2,2,3,3,2,2,3,3
P004763,0.9,padrao_1,moderado,49,3,3,2,2,4,3,2,3,2,3,2,3,4,3,2,3,3,4,3,2
P007394,0.9,padrao_1,moderado,52,3,3,2,3,2,3,2,2,4,3,2,2,3,3,3,3,2,3,2,3
P006692,0.9,padrao_1,moderado,47,3,3,2,2,3,2,3,2,4,2,3,3,2,3,2,3,1,2,3,2
P008711,0.9,padrao_1,sedentário,53,3,3,2,3,2,4,3,3,2,2,4,3,2,3,3,2,4,3,2,3
P005143,0.9,padrao_1,moderado,51,3,2,3,4,3,2,3,2,3,4,2,3,2,3,4,3,2,3,2,3
P007891,0.9,padrao_1,moderado,48,2,3,2,3,3,2,2,3,2,2,3,2,2,3,2,3,2,3,2,3
P003948,0.9,padrao_1,ativo,47,3,4,3,2,3,2,3,4,2,3,2,3,4,2,3,3,4,2,3,3
P010065,0.9,padrao_1,moderado,57,3,3,4,2,3,4,3,2,3,4,2,3,4,3,2,3,4,3,2,3
P009386,0.9,padrao_1,moderado,46,3,3,2,3,2,3,2,3,2,3,3,2,3,2,3,2,3,2,3,2
P003404,0.9,padrao_1,moderado,49,3,3,2,3,2,3,3,2,2,3,3,2,3,2,2,3,2,3,3,3
P000322,0.9,padrao_1,moderado,49,3,3,2,3,2,3,2,4,3,2,3,3,2,4,2,3,2,3,3,2
P007228,0.9,padrao_1,ativo,42,3,2,3,2,4,3,2,3,1,2,3,4,1,2,3,4,2,3,4,2
P000286,0.9,padrao_1,moderado,48,3,3,2,3,2,3,2,3,3,2,3,2,3,2,3,2,3,2,3,2
P003618,0.9,padrao_1,moderado,49,3,3,2,2,3,2,3,2,3,2,2,3,3,2,2,3,3,2,3,2
P006010,0.9,padrao_1,moderado,51,3,3,4,3,4,3,2,3,4,3,4,2,3,3,2,2,3,4,3,2
P009205,0.9,padrao_1,moderado,51,3,3,4,2,3,2,4,2,3,2,4,3,2,3,4,2,3,2,3,4
P005182,0.9,padrao_1,moderado,49,3,3,2,3,2,3,2,3,2,3,2,3,2,3,3,2,3,2,3,3
P004556,0.9,padrao_1,moderado,51,3,2,3,2,3,2,3,2,3,2,4,2,3,3,2,3,2,3,2,3
P005476,0.9,padrao_1,moderado,51,3,2,2,3,2,3,2,3,2,3,2,3,2,3,2,3,2,3,2,3
P003066,0.9,padrao_1,moderado,47,3,2,3,2,3,3,2,3,2,3,3,2,3,3,2,3,3,2,3,2
P004650,0.9,padrao_1,moderado,50,3,3,2,3,2,3,2,3,2,3,2,3,3,2,3,2,2,3,2,3
P002846,0.9,padrao_1,moderado,54,3,2,3,4,3,2,3,2,4,3,2,3,4,2,3,4,3,2,3,4
P003875,0.9,padrao_1,sedentário,45,3,3,2,4,2,3,2,4,3,3,4,2,3,2,4,3,2,4,3,2
P008192,0.9,padrao_1,moderado,50,3,4,3,2,3,4,3,2,3,4,2,3,4,3,2,4,3,2,4,3
P000153,0.9,padrao_1,moderado,49,3,3,2,2,3,2,3,2,2,3,2,3,2,3,2,3,2,3,2,3
P001011,0.9,padrao_1,moderado,53,3,3,2,3,2,3,2,3,4,3,2,3,2,3,3,2,3,3,2,3
P003626,0.9,padrao_1,moderado,52,3,3,2,4,2,3,2,3,4,3,2,3,2,4,3,2,3,2,4,3
P008578,0.9,padrao_1,ativo,52,3,3,2,4,2,3,3,2,3,4,2,3,2,3,4,2,3,2,3,4
P000449,0.9,padrao_1,ativo,51,3,3,2,2,3,2,2,3,4,3,2,3,2,3,1,2,3,2,3,4
P009188,0.9,padrao_1,moderado,53,3,2,3,3,2,3,2,2,3,3,2,3,2,3,2,3,2,4,3,2
P010036,0.9,padrao_1,moderado,53,3,3,2,3,2,3,3,4,2,3,2,3,2,3,2,2,3,4,2,3
P009411,0.9,padrao_1,moderado,51,3,2,2,4,3,2,3,2,3,2,4,3,2,3,2,3,2,4,3,2
P006945,0.9,padrao_1,sedentário,50,3,3,2,3,2,3,3,2,2,3,2,3,3,2,3,2,3,2,3,2
P002622,0.9,padrao_1,sedentário,49,3,3,2,3,4,2,3,2,3,2,4,3,2,3,2,3,3,4,3,2
P004380,0.9,padrao_1,moderado,47,3,2,2,3,2,3,2,3,1,2,3,2,3,2,3,2,3,2,3,2
P007752,0.9,padrao_1,ativo,47,3,3,4,2,3,3,2,4,3,2,3,4,2,3,3,4,3,2,3,2
P001823,0.9,padrao_1,moderado,51,3,3,2,3,2,3,2,3,2,3,2,3,2,4,2,3,2,3,2,3
P007729,0.9,padrao_1,muito ativo,50,3,4,3,2,3,2,3,2,4,2,3,3,4,2,3,3,2,4,3,2
P002067,0.9,padrao_1,moderado,51,3,4,3,3,2,3,2,4,3,2,3,3,2,4,3,3,4,2,3,4
P009566,0.9,padrao_1,ativo,48,3,3,2,3,2,3,2,3,2,3,2,3,1,3,2,3,2,3,2,2
P001984,0.9,padrao_1,moderado,51,3,3,2,3,2,2,3,3,3,2,3,2,2,4,2,3,3,2,2,3
P006664,0.9,padrao_1,sedentário,52,3,3,2,4,3,3,2,3,4,2,3,4,3,2,3,3,2,4,3,3
P007760,0.9,padrao_1,sedentário,56,3,2,3,4,2,3,3,2,4,2,3,4,3,2,3,3,2,4,3,2
P007647,0.9,padrao_1,moderado,57,3,2,3,3,2,3,3,2,3,3,2,3,2,3,2,2,3,3,2,3
P004261,0.9,padrao_1,moderado,51,3,2,3,2,3,2,3,2,3,2,2,3,3,2,3,2,3,2,3,2
P010037,0.9,padrao_1,moderado,49,3,3,2,3,2,3,2,3,2,3,2,3,2,4,3,3,2,2,3,4
P006315,0.9,padrao_1,moderado,47,3,2,3,2,3,2,3,2,3,3,4,2,3,2,3,2,3,2,3,2
P004370,0.9,padrao_1,moderado,52,3,2,3,3,4,2,3,1,3,2,3,2,4,3,2,3,4,2,3,1
P008876,0.9,padrao_1,sedentário,54,3,2,4,3,2,3,2,4,3,1,2,3,4,2,3,4,3,2,3,4
P008912,0.9,padrao_1,moderado,57,3,2,3,4,2,3,2,4,3,2,3,4,2,3,3,2,4,3,2,4
P004787,0.9,padrao_1,moderado,47,3,3,2,4,3,2,3,3,2,3,4,2,3,3,2,4,3,2,3,4
P001787,0.9,padrao_1,moderado,51,3,4,3,2,3,2,3,4,3,2,3,4,3,2,3,2,4,3,2,3
P000674,0.9,padrao_1,moderado,47,3,3,2,4,3,3,2,3,2,4,3,2,3,3,2,4,3,2,3,4
P009880,0.9,padrao_1,moderado,52,3,3,2,4,3,2,3,2,4,3,2,3,4,3,2,4,3,2,4,3
P008588,0.9,padrao_1,moderado,49,3,3,2,4,2,3,3,2,3,4,2,3,3,2,3,4,2,3,3,2
P010788,0.9,padrao_1,moderado,45,3,3,2,2,3,2,2,3,3,2,3,2,3,2,3,2,3,2,3,2
P008660,0.9,padrao_1,sedentário,52,3,2,3,2,4,3,2,3,4,3,2,3,4,2,3,2,4,3,4,3
P009277,0.9,padrao_1,moderado,47,3,3,2,3,2,2,3,2,2,3,3,2,3,2,4,3,2,3,2,3
P004955,0.9,padrao_1,moderado,53,3,3,4,2,3,4,3,4,2,3,2,3,4,3,3,2,4,3,3,2
P001861,0.9,padrao_1,moderado,55,3,4,2,3,2,4,3,2,3,4,2,3,2,4,3,2,3,4,2,3
P008739,0.9,padrao_1,moderado,49,3,2,3,2,3,2,2,3,2,3,2,3,2,3,2,3,2,3,2,3
P002438,0.9,padrao_1,moderado,56,2,3,2,3,2,2,3,2,4,3,2,3,2,3,2,3,4,3,2,3
P000732,0.9,padrao_1,ativo,51,3,3,2,3,2,4,3,2,3,3,2,4,3,2,3,3,2,3,4,2
P007226,0.9,padrao_1,moderado,51,3,4,3,2,3,4,3,2,3,3,2,4,2,3,3,4,2,3,3,4
P001991,0.9,padrao_1,ativo,44,3,3,2,2,3,4,2,3,2,3,4,2,3,3,2,4,2,3,3,2
P001605,0.9,padrao_1,moderado,46,3,3,2,4,3,2,3,4,2,3,4,3,2,3,4,2,3,4,3,2
P000360,0.9,padrao_1,moderado,48,3,3,2,3,2,3,2,3,2,3,2,3,2,3,2,3,2,3,3,2
P009701,0.9,padrao_1,moderado,49,3,3,2,3,2,2,3,2,3,2,3,2,3,2,3,2,3,2,3,2
P007406,0.9,padrao_1,moderado,44,3,3,2,2,3,2,3,3,2,2,3,2,3,1,2,3,2,3,3,2
P000095,0.9,padrao_1,moderado,50,3,3,2,2,3,2,3,2,3,2,3,3,2,3,2,3,2,3,2,3
P002502,0.9,padrao_1,moderado,51,3,2,3,4,2,3,3,2,1,3,2,4,3,2,3,2,1,3,4,2
P002136,0.9,padrao_1,moderado,48,3,4,3,2,3,2,4,3,2,3,2,3,4,2,3,4,3,2,3,4
P010688,0.9,padrao_1,moderado,54,3,2,3,3,2,3,2,3,2,3,1,3,2,3,2,2,3,2,2,3
P003588,0.9,padrao_1,moderado,49,3,2,3,2,3,2,3,2,3,2,3,2,3,2,3,2,3,2,3,2
P005367,0.9,padrao_1,moderado,47,3,3,2,2,3,3,2,4,2,3,2,3,3,4,2,3,3,2,3,2
P009994,0.9,padrao_1,moderado,43,3,4,3,2,3,2,4,3,2,3,4,2,3,3,4,3,2,3,4,3
P003526,0.9,padrao_1,moderado,51,3,2,3,3,2,3,2,3,2,3,2,3,2,4,2,3,3,2,4,3
P008974,0.9,padrao_1,moderado,49,2,3,2,3,3,2,3,2,3,2,3,2,3,2,3,2,3,2,3,2
P009955,0.9,padrao_1,moderado,51,2,3,2,3,2,3,2,3,2,3,2,3,1,3,2,2,3,2,2,3
P006500,0.9,padrao_1,moderado,50,3,3,2,3,2,3,2,3,2,3,2,3,3,2,2,3,2,3,2,3
P006764,0.9,padrao_1,ativo,53,3,4,3,4,2,3,4,2,3,3,2,4,3,2,4,3,2,4,3,2
P006363,0.9,padrao_1,ativo,50,3,2,3,2,4,3,3,2,4,3,2,3,3,2,4,3,4,2,4,3
P005160,0.9,padrao_1,ativo,49,3,4,2,3,4,2,3,3,4,2,3,4,2,3,4,2,3,4,3,2
P008282,0.9,padrao_1,ativo,49,3,4,3,2,3,3,2,4,3,2,3,4,2,3,1,3,2,4,3,2
P002499,0.9,padrao_1,moderado,50,3,2,3,2,3,2,3,2,3,2,3,2,3,2,2,2,3,2,3,2
P007257,0.9,padrao_1,moderado,51,3,3,2,3,3,2,3,2,3,3,2,3,2,3,2,3,2,3,2,3
P010647,0.9,padrao_1,ativo,55,3,2,3,4,2,3,2,3,4,2,3,4,2,3,2,4,3,2,3,4
P003284,0.9,padrao_1,ativo,50,3,3,2,4,3,2,2,3,3,4,2,3,4,2,3,3,4,2,3,4
P003418,0.9,padrao_1,moderado,50,3,2,3,2,3,3,2,3,2,2,3,3,2,3,2,3,3,2,2,3
P008343,0.9,padrao_1,moderado,45,3,3,2,2,3,2,4,3,2,3,2,3,3,2,3,4,2,3,3,2
P010460,0.9,padrao_1,ativo,49,3,2,3,2,3,2,3,2,3,2,3,2,3,2,3,2,3,2,3,2
P003383,0.9,padrao_1,sedentário,52,3,3,4,2,3,2,4,3,3,2,4,2,3,3,4,2,3,4,2,3
P004055,0.9,padrao_1,moderado,46,3,3,2,3,2,3,2,3,2,3,3,2,3,2,3,2,3,2,3,2
P006650,0.9,padrao_1,moderado,42,3,3,2,3,4,3,2,3,2,3,4,3,3,2,4,3,2,3,3,2
P004114,0.9,padrao_1,moderado,48,3,3,2,3,2,3,2,3,2,3,2,3,3,2,2,3,2,3,3,2
P007677,0.9,padrao_1,moderado,47,3,3,2,4,3,2,3,2,3,4,2,3,2,3,3,4,2,3,3,2
P005227,0.9,padrao_1,moderado,51,2,3,2,3,2,3,2,3,2,3,2,3,2,3,2,3,2,3,2,3
P009947,0.9,padrao_1,moderado,51,3,2,3,2,3,2,3,2,3,2,3,2,4,3,3,2,3,2,3,2
P000998,0.9,padrao_1,ativo,48,3,3,2,3,2,3,2,3,2,3,2,2,3,3,2,3,2,2,3,3
P010370,0.9,padrao_1,moderado,50,3,3,2,3,2,3,2,2,3,3,2,2,3,2,3,2,3,2,3,3
P009216,0.9,padrao_1,ativo,53,3,2,3,2,4,3,3,2,3,2,4,3,2,3,3,2,4,3,2,3
P003136,0.9,padrao_1,moderado,49,3,2,3,2,4,2,4,3,1,2,3,2,4,3,2,3,2,4,3,2
P001785,0.9,padrao_1,moderado,47,3,3,2,2,3,2,3,2,3,2,3,2,3,2,3,2,3,2,3,2
P009747,0.9,padrao_1,moderado,57,3,3,2,3,2,3,4,2,3,2,3,4,2,3,3,2,4,3,2,3
P004536,0.9,padrao_1,moderado,53,3,3,3,2,3,2,4,2,3,3,2,3,2,4,3,2,3,2,3,4
P003696,0.9,padrao_1,moderado,50,3,3,2,3,2,3,2,2,3,3,4,3,2,3,2,3,2,3,2,3
P000567,0.9,padrao_1,moderado,54,3,3,2,3,2,4,3,2,3,2,4,3,2,3,2,3,4,2,3,4
P010684,0.9,padrao_1,moderado,50,3,3,2,3,2,3,2,3,2,3,2,3,3,2,2,3,3,2,2,3
P003857,0.9,padrao_1,moderado,48,3,3,2,3,2,2,3,3,2,2,3,3,2,3,2,3,3,2,3,2
P003352,0.9,padrao_1,ativo,51,3,2,2,3,3,2,3,2,3,2,2,3,3,2,3,2,3,2,3,2
P008239,0.9,padrao_1,sedentário,56,3,2,4,3,2,3,4,3,2,3,2,3,4,2,3,3,4,2,3,4
P009485,0.9,padrao_1,moderado,48,3,3,2,3,3,2,3,2,2,3,2,3,3,2,3,2,3,2,3,2
P008096,0.9,padrao_1,moderado,53,3,3,2,4,3,2,4,2,3,3,2,4,2,3,3,4,2,3,2,4
P010731,0.9,padrao_1,moderado,48,3,3,2,3,2,3,2,3,2,3,2,3,3,2,3,2,3,2,3,2
P007617,0.9,padrao_1,moderado,50,2,3,2,3,2,3,2,3,3,2,2,3,2,3,2,3,2,2,3,2
P009597,0.9,padrao_1,moderado,51,3,3,2,3,2,3,2,2,3,3,2,3,2,3,3,2,1,3,2,3
P003345,0.9,padrao_1,moderado,52,3,4,3,2,4,3,3,2,4,3,2,3,4,2,3,3,4,2,3,4
P008205,0.9,padrao_1,muito ativo,56,3,3,4,2,3,4,3,3,2,3,2,3,4,3,2,3,3,4,2,3
P010052,0.9,padrao_1,moderado,52,3,3,2,3,2,3,2,2,3,2,3,3,2,3,2,3,2,3,2,3
P002376,0.9,padrao_1,moderado,47,3,3,2,3,2,3,2,3,2,2,3,2,2,3,3,2,2,3,3,2
P004809,0.9,padrao_1,moderado,50,2,3,2,2,3,2,3,2,3,2,3,2,3,2,3,2,2,3,2,3
P009467,0.9,padrao_1,sedentário,47,3,4,3,2,3,4,2,3,3,4,2,3,3,2,4,3,4,2,3,3
P009702,0.9,padrao_1,moderado,50,3,3,2,4,3,2,3,2,3,4,2,3,2,3,4,2,3,2,3,4
P001044,0.9,padrao_1,moderado,49,3,3,2,3,2,2,4,3,2,3,4,2,3,3,2,2,3,2,3,3
P001281,0.9,padrao_1,moderado,52,3,2,3,2,3,2,3,2,3,2,3,3,2,3,2,3,2,3,2,3
P006630,0.9,padrao_1,moderado,54,3,3,4,2,3,2,3,2,4,3,2,3,4,3,2,3,2,4,3,2
P000104,0.9,padrao_1,sedentário,50,3,4,3,2,3,2,4,3,2,3,4,2,3,4,2,3,4,3,2,3
P004878,0.9,padrao_1,moderado,53,3,4,2,3,2,3,4,3,2,3,2,3,4,3,2,3,4,2,3,3
P001931,0.9,padrao_1,moderado,51,3,3,2,3,2,4,3,2,3,2,3,3,2,2,4,3,2,3,2,3
P008562,0.9,padrao_1,moderado,50,3,3,2,3,2,3,2,3,2,3,2,3,2,3,2,3,2,3,2,3
P002829,0.9,padrao_1,moderado,55,3,3,4,2,3,3,4,2,3,2,4,3,3,3,2,4,3,3,2,4
P000925,0.9,padrao_1,moderado,50,3,3,2,3,2,3,2,3,3,2,2,3,2,2,3,3,2,3,2,3
P006424,0.9,padrao_1,moderado,48,3,3,2,3,2,3,2,3,2,3,2,3,3,2,3,2,3,2,3,2
P007562,0.9,padrao_1,moderado,46,3,2,3,3,2,2,3,3,2,4,3,2,3,2,3,3,2,2,3,3
P006622,0.9,padrao_1,moderado,47,3,3,2,2,3,3,2,2,3,2,3,3,2,2,3,2,3,2,3,2
P008338,0.9,padrao_1,moderado,50,3,4,2,3,3,4,2,3,3,2,4,3,2,3,4,2,3,4,2,3
P003431,0.9,padrao_1,moderado,50,3,3,2,3,2,3,2,2,3,3,2,3,3,2,2,3,2,3,3,2
P010733,0.9,padrao_1,moderado,58,3,2,4,3,3,2,3,2,4,3,2,3,2,4,3,2,3,4,2,3
P006898,0.9,padrao_1,ativo,48,3,4,3,3,4,2,3,4,3,2,3,4,2,3,4,3,4,2,3,4
P003898,0.9,padrao_1,moderado,56,3,3,4,3,2,3,4,3,2,3,2,3,4,2,3,3,4,3,2,3
P006732,0.9,padrao_1,moderado,48,3,4,3,2,4,3,4,2,3,2,4,3,3,2,4,3,2,4,3,3
P005057,0.9,padrao_1,moderado,50,3,3,2,4,3,2,3,3,2,3,2,4,3,2,3,3,3,2,3,4
P002481,0.9,padrao_1,moderado,50,3,3,2,3,2,3,3,2,3,2,3,2,3,2,2,3,3,2,3,2
P008898,0.9,padrao_1,moderado,48,3,3,2,3,2,3,2,3,3,2,2,3,3,2,3,3,2,2,3,2
P008554,0.9,padrao_1,moderado,52,3,3,2,3,2,3,2,3,2,3,2,3,2,3,2,2,3,3,2,3
P006602,0.9,padrao_1,moderado,51,3,2,3,2,3,2,3,2,3,2,3,2,3,2,2,3,2,3,2,3
P003519,0.9,padrao_1,moderado,54,3,4,3,2,2,3,4,2,3,4,3,2,3,4,2,3,3,4,2,3
P008831,0.9,padrao_1,moderado,50,3,3,2,3,4,3,2,3,2,3,3,4,2,3,3,2,4,3,2,3
P000399,0.9,padrao_1,moderado,50,3,3,2,3,2,3,2,3,4,2,3,3,2,3,2,3,2,3,4,3
P004960,0.9,padrao_1,moderado,51,3,3,2,3,2,3,2,2,3,2,3,2,2,4,3,3,2,3,2,3
P002761,0.9,padrao_1,moderado,46,3,3,2,3,2,3,2,3,2,3,3,2,3,2,3,2,3,2,3,2
P010665,0.9,padrao_1,sedentário,53,3,3,2,4,3,2,3,3,4,3,2,3,2,3,4,2,3,4,2,3
P005471,0.9,padrao_1,moderado,51,3,3,2,3,2,3,3,2,3,2,3,2,3,2,3,3,2,3,2,3
P003467,0.9,padrao_1,moderado,48,2,3,2,2,3,2,3,2,3,2,3,2,3,2,3,2,3,2,3,2
P001410,0.9,padrao_1,moderado,48,3,3,2,2,3,2,3,2,1,3,2,3,2,2,3,2,2,3,1,3
P008005,0.9,padrao_1,moderado,53,3,2,3,2,2,4,3,2,3,2,3,4,2,2,3,3,4,2,3,2
P007783,0.9,padrao_1,moderado,52,3,3,4,2,3,3,4,2,3,4,2,3,2,3,4,2,3,4,3,2
P002074,0.9,padrao_1,moderado,51,3,2,3,2,3,2,3,2,2,3,2,3,2,3,2,3,2,3,2,3
P000419,0.9,padrao_1,moderado,51,3,3,2,3,2,3,2,2,3,3,2,3,2,4,3,3,2,4,3,2
P008136,0.9,padrao_1,ativo,51,3,3,2,3,3,2,3,2,2,3,3,2,3,4,2,3,3,3,2,3
P002659,0.9,padrao_1,ativo,54,3,4,3,3,2,4,3,2,3,2,4,3,2,4,3,2,3,4,3,2
P005411,0.9,padrao_1,moderado,50,3,3,2,3,2,3,4,3,2,3,2,3,3,2,4,3,2,3,2,3
P007447,0.9,padrao_1,moderado,51,3,2,4,2,3,3,2,4,2,3,3,2,4,2,3,2,4,3,2,3
P001209,0.9,padrao_1,moderado,49,3,3,2,4,3,2,3,3,2,3,2,2,4,3,3,2,2,3,3,2
P007754,0.9,padrao_1,moderado,50,3,3,4,2,3,2,4,2,3,2,3,4,3,2,4,3,2,3,4,3
P006897,0.9,padrao_1,moderado,41,3,2,3,2,4,3,2,3,2,3,4,2,3,2,4,3,2,3,4,2
P001446,0.9,padrao_1,moderado,48,3,3,2,4,3,2,3,4,2,3,3,2,4,3,2,3,4,2,3,2
P006627,0.9,padrao_1,moderado,50,3,3,2,3,2,3,2,3,2,3,2,3,2,3,2,3,2,3,2,3
P005444,0.9,padrao_1,moderado,48,3,3,2,3,2,3,2,3,2,3,2,3,2,3,3,2,3,2,3,2
P009271,0.9,padrao_1,moderado,52,3,2,3,2,3,2,3,2,3,2,3,2,3,3,2,3,2,3,2,3
P006992,0.9,padrao_1,moderado,48,3,2,3,2,3,2,3,2,3,2,3,2,3,1,3,2,3,2,3,2
P002276,0.9,padrao_1,ativo,52,3,3,2,2,4,2,3,2,3,3,2,2,3,4,3,2,4,3,2,3
P003780,0.9,padrao_1,sedentário,52,3,3,2,3,2,4,3,2,4,3,2,3,2,3,2,4,3,2,3,2
P006754,0.9,padrao_1,moderado,53,3,2,3,2,4,3,3,2,3,2,3,2,3,4,2,3,2,3,2,3
P006243,0.9,padrao_1,ativo,46,3,3,2,4,2,3,2,3,2,4,3,3,2,3,2,4,3,3,4,2
P006062,0.9,padrao_1,moderado,49,3,3,2,3,2,3,2,4,3,2,3,3,2,3,4,2,3,4,3,2
P004308,0.9,padrao_1,sedentário,48,3,4,2,3,3,2,4,3,2,3,4,3,2,3,4,2,3,4,2,3
P005556,0.9,padrao_1,moderado,48,3,2,3,2,4,2,3,2,3,2,4,1,3,2,3,3,2,4,2,3
P006323,0.9,padrao_1,moderado,50,3,3,2,4,3,2,3,4,2,3,4,2,3,4,3,2,3,4,2,3
P001636,0.9,padrao_1,moderado,49,3,2,3,2,3,2,3,2,3,2,3,2,3,2,3,2,3,2,3,2
P003324,0.9,padrao_1,moderado,55,3,3,2,4,2,3,2,3,3,2,3,4,2,3,3,2,4,3,2,3
P009937,0.9,padrao_1,moderado,48,3,3,2,3,4,3,2,2,3,4,3,2,3,4,3,3,4,2,3,3
P005033,0.9,padrao_1,moderado,50,3,3,2,3,2,3,2,3,3,2,4,3,2,3,2,3,4,3,3,2
P006495,0.9,padrao_1,moderado,51,3,3,2,3,2,2,3,3,2,2,3,2,2,3,1,2,3,3,2,2
P006181,0.9,padrao_1,ativo,47,3,4,3,2,4,3,2,4,3,4,2,3,2,3,4,2,3,4,3,4
P009944,0.9,padrao_1,moderado,49,3,3,2,3,2,3,2,4,2,3,2,3,2,3,2,3,2,4,3,3
P010616,0.9,padrao_1,ativo,55,3,3,2,3,2,3,3,2,3,2,2,3,2,3,3,2,3,3,2,3
P003173,0.9,padrao_1,moderado,48,3,3,2,3,2,3,2,3,2,3,2,3,2,3,2,3,3,2,3,2
P010649,0.9,padrao_1,sedentário,48,3,4,3,3,4,3,3,4,2,3,2,4,3,3,4,2,3,3,4,3
P006775,0.9,padrao_1,moderado,49,3,3,3,2,3,2,3,4,3,2,2,3,3,2,3,2,3,2,3,3
P003245,0.9,padrao_1,ativo,54,3,3,4,2,3,4,2,3,4,3,2,3,4,3,2,4,3,2,3,4
P001511,0.9,padrao_1,moderado,48,3,3,2,3,2,4,2,3,2,3,3,2,4,2,3,3,4,2,3,2
P001608,0.9,padrao_1,moderado,54,3,3,2,4,3,2,3,2,4,3,3,2,2,4,3,2,4,3,2,3
P008891,0.9,padrao_1,moderado,50,3,2,3,2,3,2,3,3,2,3,2,3,2,3,2,3,2,3,2,3
P001872,0.9,padrao_1,moderado,49,3,3,2,3,2,3,2,4,3,2,3,2,4,3,2,4,3,2,3,3
P004527,0.9,padrao_1,moderado,52,3,3,2,3,2,3,2,2,3,4,2,3,3,2,3,2,3,3,2,3
P000678,0.9,padrao_1,moderado,48,3,2,2,3,2,3,2,3,2,2,3,2,3,2,3,2,3,2,3,2
P006884,0.9,padrao_1,moderado,51,3,3,2,4,3,3,2,4,3,2,3,3,2,4,3,2,4,3,3,2
P008587,0.9,padrao_1,moderado,51,2,3,2,3,2,3,2,3,2,2,3,2,3,3,2,3,2,3,2,3
P003665,0.9,padrao_1,moderado,45,3,3,2,4,3,2,3,4,2,3,4,3,2,3,3,4,2,3,3,4
P004225,0.9,padrao_1,moderado,50,3,4,3,2,3,3,4,3,2,3,2,4,3,2,3,3,2,4,3,3
P005651,0.9,padrao_1,sedentário,48,3,4,3,2,3,3,2,3,2,3,4,3,2,3,2,3,4,3,2,3
P008650,0.9,padrao_1,moderado,50,3,2,3,2,3,2,3,3,2,3,2,2,3,3,2,3,3,2,2,3
P005734,0.9,padrao_1,ativo,53,3,3,4,3,2,3,2,4,3,4,2,3,4,3,2,3,4,3,3,2
P001721,0.9,padrao_1,ativo,52,3,2,3,4,2,3,4,2,3,4,2,3,3,2,4,3,2,3,4,3
P006132,0.9,padrao_1,ativo,48,3,2,3,2,3,2,2,3,2,3,2,3,3,2,3,2,3,2,3,3
P010469,0.9,padrao_1,moderado,48,3,3,2,3,2,3,2,3,2,3,2,3,3,2,2,3,2,3,3,2
P003804,0.9,padrao_1,moderado,51,2,3,2,3,2,3,2,3,2,3,2,3,2,3,2,3,2,3,2,3
P010592,0.9,padrao_1,moderado,50,3,3,2,3,2,3,2,3,2,3,2,3,2,3,2,3,2,3,2,3
P003251,0.9,padrao_1,sedentário,48,3,4,3,2,3,4,3,2,1,3,2,4,3,2,4,3,2,4,3,2
P009726,0.9,padrao_1,moderado,48,3,3,2,2,3,2,3,2,3,2,3,2,3,1,3,2,2,3,2,3
P010004,0.9,padrao_1,sedentário,53,3,3,2,4,3,3,2,3,2,4,2,3,3,4,2,3,3,4,2,3
P003599,0.9,padrao_1,sedentário,50,3,3,2,3,2,3,2,2,3,3,2,4,3,2,3,3,2,3,4,3
P006266,0.9,padrao_1,moderado,48,3,2,3,2,4,3,2,3,2,3,4,2,3,3,4,2,3,4,2,3
P004859,0.9,padrao_1,moderado,51,3,4,2,3,4,3,4,2,3,3,2,3,4,2,3,4,3,3,2,3
P004970,0.9,padrao_1,moderado,48,3,2,3,3,2,3,2,3,3,2,3,2,3,2,3,3,2,2,3,2
P008089,0.9,padrao_1,moderado,49,3,2,2,3,2,2,3,1,3,2,3,2,3,2,2,3,1,2,3,2
P005700,0.9,padrao_1,moderado,52,3,2,3,2,3,2,3,2,3,2,3,2,3,2,3,2,3,3,2,3
P000408,0.9,padrao_1,moderado,49,3,2,3,2,3,2,3,2,3,2,3,1,3,2,3,2,3,1,2,3
P006807,0.9,padrao_1,moderado,49,3,3,2,3,2,2,3,2,3,2,3,2,3,2,3,2,3,2,3,2
P000225,0.9,padrao_1,moderado,51,3,2,3,3,2,3,2,3,3,2,3,2,3,2,3,3,2,3,2,3
P007408,0.9,padrao_1,moderado,49,3,2,3,2,3,2,3,2,3,2,3,2,3,2,3,2,3,2,3,2
P008173,0.9,padrao_1,moderado,51,3,2,3,3,2,3,2,2,3,2,4,3,2,2,3,3,2,3,2,3
P008533,0.9,padrao_1,moderado,50,3,2,3,3,2,3,2,3,2,3,1,2,3,2,3,2,3,2,3,2
P002766,0.9,padrao_1,sedentário,55,3,3,4,3,2,3,4,3,3,3,2,3,4,2,3,3,4,2,3,3
P009714,0.9,padrao_1,moderado,51,3,2,3,3,2,3,2,4,2,3,3,2,3,2,3,2,3,4,2,3
P007611,0.9,padrao_1,moderado,48,3,3,2,2,3,2,3,2,4,3,2,3,2,3,2,4,3,2,3,2
P007868,0.9,padrao_1,ativo,59,3,3,4,3,2,3,4,2,3,3,2,3,4,3,2,3,4,2,3,4
P004352,0.9,padrao_1,moderado,48,3,3,2,4,2,3,2,3,2,4,2,3,2,4,2,3,2,3,4,2
P003573,0.9,padrao_1,moderado,46,3,3,2,3,2,3,2,3,2,3,2,3,3,2,4,3,2,3,4,3
P001484,0.9,padrao_1,moderado,53,3,3,2,3,2,3,4,2,3,2,3,2,4,3,2,3,3,2,3,2
P001742,0.9,padrao_1,moderado,48,3,3,2,3,2,3,2,3,2,3,2,2,3,2,3,3,2,3,2,3
P006575,0.9,padrao_1,moderado,46,2,3,3,2,4,2,3,2,2,3,3,2,3,2,4,2,3,2,3,3
P010479,0.9,padrao_1,moderado,47,3,3,2,3,2,3,2,3,2,3,2,3,2,3,2,3,2,2,3,2
P002922,0.9,padrao_1,ativo,53,3,2,3,2,3,3,2,3,2,3,2,4,3,2,2,3,4,3,2,3
P010141,0.9,padrao_1,sedentário,48,3,2,3,2,3,2,3,2,3,2,3,2,3,2,4,2,3,2,3,2
P003295,0.9,padrao_1,moderado,47,3,2,3,2,3,2,4,3,2,3,2,3,4,2,3,4,2,3,4,2
P007458,0.9,padrao_1,moderado,49,3,3,2,3,2,3,2,4,3,2,3,2,3,2,3,2,4,3,3,2
P004576,0.9,padrao_1,moderado,48,3,3,2,3,2,3,2,3,2,2,3,2,3,2,3,3,2,3,2,3
P009687,0.9,padrao_1,moderado,51,3,3,2,3,2,3,2,4,3,2,3,2,4,3,2,3,2,3,2,3
P003401,0.9,padrao_1,ativo,46,3,3,2,3,2,3,2,4,3,2,4,3,2,3,2,4,3,2,3,2
P002728,0.9,padrao_1,moderado,52,3,4,4,3,2,3,3,2,3,2,4,3,3,2,2,4,3,3,3,3
P005288,0.9,padrao_1,moderado,52,3,2,3,2,3,3,2,2,3,2,4,2,3,3,2,3,2,4,2,3
P003192,0.9,padrao_1,ativo,45,3,4,3,2,3,2,3,4,3,3,2,4,3,2,3,4,2,3,3,2
P004058,0.9,padrao_1,moderado,47,3,2,3,2,4,3,2,3,3,2,4,3,2,3,2,3,3,2,4,3
P008648,0.9,padrao_1,moderado,54,3,3,2,4,3,2,4,3,2,3,2,4,3,2,3,2,3,4,2,3
P006798,0.9,padrao_1,moderado,48,3,3,2,3,2,3,2,2,3,4,3,2,3,2,3,3,2,3,2,3
P010205,0.9,padrao_1,ativo,47,2,3,2,3,2,3,2,3,2,3,2,3,1,3,2,3,2,2,3,2
P004413,0.9,padrao_1,moderado,46,3,3,2,4,3,2,3,4,2,3,4,3,3,2,4,2,3,2,3,4
P008964,0.9,padrao_1,ativo,48,3,3,2,4,2,3,2,3,1,4,2,3,2,4,2,3,3,2,4,3
P001125,0.9,padrao_1,moderado,48,3,3,2,3,2,3,2,3,1,3,2,3,2,4,2,3,3,2,3,2
P007769,0.9,padrao_1,moderado,54,3,2,3,2,2,3,3,2,3,2,3,2,3,3,2,3,2,3,2,3
P010237,0.9,padrao_1,ativo,48,3,4,3,2,3,2,3,4,2,3,2,3,4,2,3,3,4,2,3,4
P007595,0.9,padrao_1,sedentário,46,3,4,3,2,3,4,3,2,3,2,4,3,2,3,4,3,2,3,4,2
P007359,0.9,padrao_1,moderado,47,3,3,2,2,3,3,2,3,2,3,2,3,2,4,2,3,3,2,3,2
P009230,0.9,padrao_1,ativo,53,3,2,3,2,3,2,2,3,4,3,2,3,2,3,3,2,4,3,2,3
P001255,0.9,padrao_1,moderado,49,3,3,2,3,2,2,3,2,3,2,3,2,3,2,3,2,3,2,3,2
P009624,0.9,padrao_1,moderado,49,3,3,2,2,2,3,3,2,3,2,4,2,3,2,3,3,2,3,2,3
P005791,0.9,padrao_1,moderado,50,3,3,2,3,2,3,3,2,2,3,2,3,3,2,3,2,3,2,3,2
P005669,0.9,padrao_1,moderado,49,3,2,2,3,3,2,3,2,3,2,3,2,3,2,3,2,3,2,3,2
P006637,0.9,padrao_1,sedentário,50,3,2,2,3,2,3,2,4,2,3,3,2,4,3,2,3,2,3,2,3
P007215,0.9,padrao_1,ativo,52,3,4,2,3,2,3,4,3,2,3,4,3,2,4,3,2,4,3,2,3
P000954,0.9,padrao_1,moderado,52,3,3,2,3,2,3,3,1,2,3,2,2,3,2,3,1,2,3,2,2
P006542,0.9,padrao_1,moderado,49,3,2,3,2,3,2,3,2,3,2,3,2,3,2,3,2,3,2,3,2
P004075,0.9,padrao_1,moderado,50,3,4,3,2,3,4,2,3,3,2,4,3,2,3,4,2,3,4,2,3
P001520,0.9,padrao_1,moderado,49,3,3,2,2,3,2,3,3,2,3,2,3,2,3,1,3,2,3,2,3
P008795,0.9,padrao_1,moderado,49,3,3,2,3,2,3,2,3,3,2,3,2,3,2,3,3,2,3,2,3
P002994,0.9,padrao_1,moderado,51,3,2,3,2,3,3,2,3,3,2,3,2,3,2,3,2,3,3,2,3
P002920,0.9,padrao_1,moderado,50,3,3,2,4,3,2,3,4,3,2,4,3,2,3,4,2,3,4,2,3
P002507,0.9,padrao_1,sedentário,49,3,3,2,3,4,3,2,3,2,3,2,4,3,3,2,3,4,2,3,2
P006199,0.9,padrao_1,moderado,53,3,2,3,2,3,2,3,2,3,2,3,2,3,2,3,2,4,3,2,3
P000236,0.9,padrao_1,moderado,54,3,2,3,2,4,3,2,3,3,2,3,2,4,3,2,2,4,3,2,3
P007361,0.9,padrao_1,ativo,50,2,3,2,3,2,3,2,3,2,3,2,3,2,3,2,2,3,2,3,2
P003349,0.9,padrao_1,moderado,49,2,3,2,3,2,3,2,3,2,3,2,3,2,2,3,3,2,3,2,3
P007695,0.9,padrao_1,moderado,49,3,3,2,2,3,2,3,2,3,2,3,4,3,2,3,2,3,2,3,2
P008745,0.9,padrao_1,moderado,47,3,3,2,4,3,2,3,2,2,3,4,2,3,4,2,3,2,3,4,2
P000768,0.9,padrao_1,ativo,44,3,2,4,3,4,2,3,1,2,3,4,2,3,1,4,2,3,1,4,2
P001684,0.9,padrao_1,moderado,49,3,3,2,3,2,3,2,4,3,2,3,2,3,2,3,4,3,4,2,3
P007778,0.9,padrao_1,ativo,50,3,3,2,3,2,3,2,4,3,2,3,2,4,3,2,3,2,4,3,2
P007609,0.9,padrao_1,moderado,49,2,3,2,3,2,3,2,4,2,3,2,3,2,3,2,4,2,3,2,3
P008016,0.9,padrao_1,ativo,53,3,3,3,4,3,3,2,4,3,3,3,4,3,3,2,4,3,3,2,4
P001572,0.9,padrao_1,moderado,52,2,2,3,2,3,2,3,2,3,2,3,2,3,2,3,2,3,2,2,3
P007976,0.9,padrao_1,moderado,47,3,3,2,2,3,2,3,2,3,2,3,2,3,2,3,2,3,2,3,2
P007094,0.9,padrao_1,sedentário,48,3,3,2,4,2,3,2,4,4,3,2,3,3,2,4,3,2,3,4,3
P003330,0.9,padrao_1,moderado,49,3,2,3,4,3,2,3,4,3,2,4,3,3,2,3,4,2,3,3,4
P003799,0.9,padrao_1,moderado,50,3,3,2,3,2,2,3,3,2,2,3,3,2,2,3,2,3,3,2,3
P009960,0.9,padrao_1,moderado,44,3,3,2,3,2,3,2,3,2,3,3,2,3,2,3,3,2,2,3,2
P004400,0.9,padrao_1,moderado,49,3,3,2,4,3,2,3,2,3,4,2,3,3,2,4,3,2,3,3,4
P001616,0.9,padrao_1,moderado,57,3,2,4,3,2,3,4,2,3,2,3,4,2,3,4,3,2,3,2,4
P004095,0.9,padrao_1,moderado,50,3,3,2,3,2,3,2,3,2,3,2,3,2,3,2,3,2,3,2,3
P002571,0.9,padrao_1,ativo,51,3,3,4,2,3,3,2,4,3,3,2,4,3,3,2,4,3,2,3,4
P003613,0.9,padrao_1,moderado,51,2,3,2,3,2,3,2,3,2,3,2,3,2,3,2,3,2,3,2,3
P007616,0.9,padrao_1,moderado,50,3,3,2,3,2,3,2,3,2,3,2,3,2,3,2,3,2,3,2,3
P003130,0.9,padrao_1,sedentário,47,3,4,3,2,3,4,2,3,4,3,2,3,4,2,3,4,2,3,4,2
P001430,0.9,padrao_1,moderado,48,3,3,4,2,3,3,2,4,3,2,3,2,4,3,2,4,3,2,4,3
P005671,0.9,padrao_1,moderado,55,3,3,2,4,3,2,3,3,4,2,3,4,3,2,3,2,4,3,3,4
P007655,0.9,padrao_1,moderado,45,3,2,3,2,3,2,4,3,2,3,3,2,3,2,4,3,2,3,3,2
P007284,0.9,padrao_1,moderado,47,3,3,2,2,2,3,2,3,2,3,2,3,2,2,3,3,2,3,2,3
P010787,0.9,padrao_1,moderado,52,3,3,2,3,2,3,3,2,2,3,2,3,2,3,2,3,2,3,2,3
P004709,0.9,padrao_1,moderado,54,3,3,2,3,2,3,3,2,3,2,2,3,2,3,2,3,2,3,2,3
P004917,0.9,padrao_1,moderado,56,3,2,4,3,2,3,4,2,3,2,3,4,3,2,4,3,2,3,2,3
P006044,0.9,padrao_1,ativo,50,3,4,3,2,3,4,3,2,4,3,4,3,2,3,4,2,3,4,3,2
P004416,0.9,padrao_1,moderado,49,3,3,2,3,2,4,3,3,2,3,2,4,3,2,3,3,2,3,4,2
P002420,0.9,padrao_1,sedentário,55,3,2,3,4,3,2,3,3,2,4,2,3,4,3,2,3,4,3,2,3
P000835,0.9,padrao_1,moderado,51,3,2,3,3,2,3,2,3,2,3,2,3,2,3,3,2,3,2,3,3
P007462,0.9,padrao_1,ativo,52,3,3,2,3,2,4,3,2,3,3,2,4,3,1,4,3,2,3,2,3
P000572,0.9,padrao_1,moderado,51,3,2,2,3,2,3,3,2,2,3,2,3,1,2,3,2,3,2,2,3
P002144,0.9,padrao_1,moderado,51,3,2,3,2,3,2,3,2,3,2,4,3,2,3,2,3,2,3,2,3
P005793,0.9,padrao_1,ativo,51,3,3,2,3,2,3,2,3,1,3,2,4,2,3,1,3,2,3,2,3
P003469,0.9,padrao_1,moderado,50,3,3,2,3,2,3,2,2,3,3,2,2,2,3,3,2,3,2,3,3
P002359,0.9,padrao_1,sedentário,49,3,3,2,3,2,2,4,3,2,3,2,3,2,3,4,3,2,3,2,3
P003939,0.9,padrao_1,moderado,50,3,2,3,2,3,3,2,3,2,2,3,3,2,4,3,3,2,3,2,3
P002808,0.9,padrao_1,moderado,53,3,3,3,2,4,2,4,3,3,2,3,2,3,4,2,3,4,3,2,3
P008540,0.9,padrao_1,moderado,51,3,3,2,3,2,3,3,2,3,2,3,2,2,4,2,3,3,2,3,2
P003827,0.9,padrao_1,moderado,50,3,3,2,4,2,3,3,2,3,2,4,3,2,3,4,2,3,2,4,3
P000641,0.9,padrao_1,moderado,50,3,3,2,3,4,2,3,2,4,2,3,2,4,3,2,3,2,3,4,3
P004063,0.9,padrao_1,moderado,50,3,2,3,2,3,3,3,2,2,3,2,3,3,2,3,2,3,2,3,2
P008152,0.9,padrao_1,ativo,48,3,3,2,3,2,3,4,3,2,3,4,3,2,3,4,3,2,3,2,3
P007639,0.9,padrao_1,moderado,52,3,3,2,3,2,3,2,3,3,2,2,3,3,2,2,3,4,2,3,3
P008517,0.9,padrao_1,moderado,50,3,3,2,3,2,3,2,3,2,3,2,3,2,3,2,3,2,3,2,3
P006444,0.9,padrao_1,moderado,48,3,3,2,3,2,3,2,3,2,2,3,2,3,3,2,3,3,2,3,2
P003752,0.9,padrao_1,moderado,48,3,3,4,3,2,3,4,3,2,3,4,3,2,3,4,3,2,3,4,3
P004149,0.9,padrao_1,moderado,53,3,3,2,4,3,2,3,3,2,3,2,4,3,2,3,2,3,4,2,3
P000978,0.9,padrao_1,moderado,50,3,3,2,3,2,3,2,3,2,3,2,3,2,3,2,3,2,3,2,3
P002486,0.9,padrao_1,moderado,49,2,3,3,2,3,2,3,2,3,2,3,2,3,2,3,2,3,2,3,2
P005572,0.9,padrao_1,moderado,49,3,3,2,4,3,2,3,2,4,3,3,2,3,2,4,3,3,2,3,4
P000437,0.9,padrao_1,moderado,50,2,3,2,3,2,2,3,3,2,2,3,3,2,3,2,3,2,3,2,2
P008357,0.9,padrao_1,moderado,52,3,3,2,4,3,2,4,3,2,3,3,2,4,3,2,3,4,2,3,4
P002787,0.9,padrao_1,moderado,51,3,3,2,3,2,3,2,3,2,3,2,3,3,2,3,2,3,3,2,3
P005872,0.9,padrao_1,sedentário,48,3,4,3,2,4,3,2,3,3,2,4,3,2,4,3,3,2,4,3,4
P010171,0.9,padrao_1,moderado,50,3,3,2,3,2,3,3,2,2,3,2,3,2,3,2,3,2,3,3,2
P010628,0.9,padrao_1,sedentário,56,3,2,3,3,2,3,2,2,3,3,2,3,3,2,3,2,4,3,2,3
P006461,0.9,padrao_1,moderado,50,3,3,2,3,2,3,2,3,2,3,2,3,2,3,2,3,2,3,2,3
P000422,0.9,padrao_1,ativo,52,3,3,2,3,2,4,3,2,3,2,3,2,4,3,2,4,3,2,3,2
P007503,0.9,padrao_1,moderado,49,3,2,3,3,2,3,2,3,2,3,3,3,2,3,2,3,3,2,3,2
P008386,0.9,padrao_1,sedentário,50,3,2,3,2,3,2,3,3,2,3,2,3,2,3,2,3,2,3,2,3
P005421,0.9,padrao_1,ativo,50,3,2,3,2,3,2,3,2,4,3,2,3,2,3,2,4,3,2,3,2
P005478,0.9,padrao_1,moderado,52,3,2,2,3,3,2,4,3,2,3,2,3,3,2,4,2,3,4,2,3
P007615,0.9,padrao_1,moderado,51,3,3,2,3,2,2,3,2,2,3,2,3,2,3,2,3,2,3,2,3
P001241,0.9,padrao_1,moderado,50,3,3,2,3,2,2,3,2,3,2,3,2,3,2,3,3,2,3,2,3
P001099,0.9,padrao_1,moderado,49,3,3,2,3,2,2,2,3,2,3,2,3,2,3,2,3,2,3,2,3
P008897,0.9,padrao_1,ativo,50,2,3,3,2,3,3,2,3,2,3,2,3,3,2,4,2,3,3,2,3
P009538,0.9,padrao_1,moderado,50,3,4,3,2,2,3,2,3,4,3,2,4,3,2,3,4,3,2,3,4
P004593,0.9,padrao_1,moderado,48,3,3,2,2,3,2,3,2,3,2,3,2,3,2,3,2,3,2,3,3
P004287,0.9,padrao_1,moderado,44,3,4,3,2,4,3,2,4,3,3,2,4,3,2,4,3,3,2,4,3
P003515,0.9,padrao_1,sedentário,55,3,4,3,2,3,4,3,2,3,2,3,4,3,2,3,2,4,3,2,3
P005358,0.9,padrao_1,moderado,49,3,2,3,3,2,3,2,3,2,4,3,2,3,2,3,2,3,2,3,4
P002500,0.9,padrao_1,moderado,50,3,3,2,3,2,3,2,3,2,3,2,3,2,3,2,3,2,3,2,3
P002497,0.9,padrao_1,moderado,51,3,4,3,2,3,4,3,2,3,4,3,2,3,4,3,2,3,4,3,2
P010528,0.9,padrao_1,moderado,49,3,2,3,2,3,2,3,2,3,2,3,2,3,2,3,2,3,2,3,2
P007940,0.9,padrao_1,moderado,52,3,3,2,3,2,2,3,2,3,2,3,2,3,3,2,2,3,2,3,3
P010683,0.9,padrao_1,moderado,48,3,2,3,2,3,3,2,3,2,3,2,3,3,2,3,2,3,2,3,2
P002415,0.9,padrao_1,moderado,50,3,3,2,3,2,3,2,3,2,3,2,3,3,2,3,2,3,2,2,3
P000054,0.9,padrao_1,moderado,49,3,2,3,3,2,3,2,4,3,2,3,2,3,2,3,4,2,3,2,3
P008612,0.9,padrao_1,sedentário,52,3,3,2,3,4,3,2,3,3,3,2,2,3,3,2,2,3,3,2,4
P008092,0.9,padrao_1,sedentário,47,3,3,2,3,4,3,2,3,2,4,3,2,3,4,2,3,2,3,2,3
P008447,0.9,padrao_1,moderado,53,3,3,4,2,3,3,2,3,4,2,3,2,3,4,3,2,3,2,3,4
P000342,0.9,padrao_1,sedentário,52,3,2,3,3,3,2,3,2,3,3,2,2,3,4,3,2,3,2,3,2
P000227,0.9,padrao_1,ativo,50,3,3,4,2,3,3,2,4,3,2,3,3,4,2,3,3,2,4,3,3
P008335,0.9,padrao_1,moderado,55,3,3,2,4,3,2,3,2,4,3,3,2,4,3,2,3,4,3,2,3
P005473,0.9,padrao_1,ativo,49,3,2,3,2,3,2,4,3,2,3,4,2,3,3,2,3,2,4,3,3
P006885,0.9,padrao_1,moderado,52,3,2,3,3,2,3,2,3,2,3,2,3,2,3,2,3,2,3,2,3
P009540,0.9,padrao_1,ativo,47,3,4,2,3,4,2,3,4,1,2,3,4,2,3,4,2,3,4,1,2
P007792,0.9,padrao_1,sedentário,52,3,3,2,4,3,2,4,3,2,4,3,2,3,4,2,3,4,3,2,3
P001149,0.9,padrao_1,moderado,54,3,3,2,3,2,3,4,2,3,2,3,2,4,2,3,2,4,3,3,2
P008329,0.9,padrao_1,sedentário,54,3,2,4,3,2,3,1,4,2,3,2,3,4,2,3,1,4,2,3,4
P010766,0.9,padrao_1,ativo,49,3,2,4,3,2,2,4,3,2,3,4,3,3,2,4,3,2,4,3,2
P003165,0.9,padrao_1,moderado,49,3,3,2,3,4,3,2,3,2,3,3,2,4,3,2,3,4,2,3,4
P002192,0.9,padrao_1,moderado,51,3,2,2,3,2,3,2,3,2,3,2,3,2,3,2,3,2,3,2,3
P000281,0.9,padrao_1,ativo,48,3,3,2,2,3,4,2,3,2,3,2,4,3,2,3,2,3,2,3,2
P010690,0.9,padrao_1,moderado,51,3,3,2,3,2,3,3,2,2,3,2,2,3,3,2,2,3,2,3,2
P006173,0.9,padrao_1,moderado,51,3,3,2,3,2,3,3,2,4,2,3,2,3,3,2,4,3,2,3,2
P001499,0.9,padrao_1,moderado,53,3,3,2,3,2,3,2,3,4,2,3,4,2,3,2,3,2,3,2,3
P008880,0.9,padrao_1,sedentário,51,3,3,2,3,3,2,3,2,3,3,2,3,2,3,3,2,4,3,3,2
P000789,0.9,padrao_1,moderado,55,3,2,3,2,3,2,3,2,4,3,2,3,2,4,3,2,3,3,2,3
P006584,0.9,padrao_1,moderado,47,3,3,2,2,3,2,3,2,3,2,3,3,2,2,3,2,3,2,3,2
P002159,0.9,padrao_1,moderado,49,3,3,2,3,2,3,2,3,2,3,2,3,3,2,3,2,3,2,3,3
P003722,0.9,padrao_1,moderado,53,3,4,3,4,3,3,2,3,4,3,2,3,4,2,3,3,4,2,3,4
P002488,0.9,padrao_1,moderado,50,3,3,2,3,2,2,3,2,3,2,3,2,3,2,3,3,2,3,2,3
P003063,0.9,padrao_1,moderado,50,3,3,2,3,2,3,2,3,2,3,2,3,2,3,2,3,2,3,2,3
P006796,0.9,padrao_1,moderado,53,3,3,2,4,3,2,3,2,3,2,4,3,4,2,3,3,4,3,2,3
P000556,0.9,padrao_1,moderado,53,3,3,2,3,2,2,3,2,2,3,2,3,2,3,2,2,3,3,2,3
P005080,0.9,padrao_1,moderado,55,3,2,4,3,2,4,3,2,3,3,2,4,3,2,4,3,2,4,3,2
P005679,0.9,padrao_1,moderado,49,3,3,2,3,2,2,3,2,3,2,4,3,2,3,2,3,2,3,3,2
P007845,0.9,padrao_1,moderado,49,3,3,2,3,2,3,2,4,2,3,2,3,2,3,2,3,2,3,2,3
P001168,0.9,padrao_1,moderado,50,3,3,2,3,2,3,2,3,2,3,2,4,3,3,2,3,2,3,3,2
P009721,0.9,padrao_1,moderado,50,3,3,2,3,2,3,2,3,2,3,2,3,3,2,2,3,2,3,2,3
P007460,0.9,padrao_1,moderado,52,3,2,3,2,2,3,2,3,3,2,2,3,2,3,2,2,3,2,3,2
P003982,0.9,padrao_1,moderado,48,3,2,3,2,4,3,2,3,2,3,4,3,2,3,2,3,4,2,3,4
P004028,0.9,padrao_1,moderado,44,3,3,2,4,3,2,3,4,2,3,4,2,3,3,2,4,3,2,4,3
P003034,0.9,padrao_1,moderado,50,3,3,2,2,3,2,3,2,3,3,2,3,2,3,2,2,3,2,3,3
P010180,0.9,padrao_1,sedentário,43,3,4,2,3,3,2,3,4,2,3,2,4,3,2,3,4,2,3,4,2
P006845,0.9,padrao_1,moderado,49,3,3,2,3,2,3,2,3,2,3,2,3,2,3,2,2,3,2,3,2
P005221,0.9,padrao_1,moderado,47,3,3,2,3,2,3,2,3,2,3,2,3,2,3,2,3,2,2,3,2
P000703,0.9,padrao_1,moderado,53,3,3,2,2,4,3,3,2,4,3,2,3,4,2,3,2,3,4,3,3
P007499,0.9,padrao_1,moderado,48,3,3,2,3,3,2,3,2,3,2,3,2,2,3,2,3,2,3,3,2
P001161,0.9,padrao_1,ativo,52,3,3,2,2,3,2,3,2,3,3,2,2,3,3,2,2,3,3,2,3
P007846,0.9,padrao_1,ativo,50,3,2,3,2,4,3,2,4,3,2,3,1,4,2,3,2,4,3,2,3
P003077,0.9,padrao_1,moderado,49,3,3,2,3,2,3,3,2,3,4,3,2,3,2,3,3,2,3,3,4
P006639,0.9,padrao_1,moderado,52,3,3,4,3,2,3,4,3,2,3,2,3,4,3,4,3,2,3,4,3
P010198,0.9,padrao_1,moderado,56,3,2,3,4,3,3,2,3,3,4,2,3,3,4,2,3,3,4,2,3
P003831,0.9,padrao_1,moderado,48,3,3,2,4,3,2,4,3,2,3,4,3,2,3,2,4,3,2,3,4
P001247,0.9,padrao_1,moderado,50,3,3,2,2,3,4,2,3,2,3,2,3,4,3,2,2,3,2,3,2
P009682,0.9,padrao_1,moderado,54,3,4,2,3,3,4,2,3,4,3,2,3,4,3,2,3,4,2,3,4
P000317,0.9,padrao_1,moderado,42,3,4,2,3,4,3,2,3,1,2,4,3,2,3,2,4,3,2,4,3
P007675,0.9,padrao_1,moderado,51,3,3,2,3,2,2,3,2,3,2,3,2,2,3,2,3,2,3,2,3
P002625,0.9,padrao_1,moderado,52,3,2,3,3,2,2,3,4,3,2,2,3,4,2,3,2,3,2,3,2
P008945,0.9,padrao_1,moderado,46,3,4,3,2,3,2,3,4,3,2,4,3,2,3,4,2,3,4,3,2
P009383,0.9,padrao_1,moderado,52,3,3,2,3,2,3,2,3,3,2,2,3,2,3,3,2,3,3,2,2
P004883,0.9,padrao_1,moderado,50,3,3,2,3,2,3,2,3,2,3,2,3,3,2,2,3,2,3,2,3
P004381,0.9,padrao_1,moderado,50,3,3,2,2,3,3,4,2,2,3,3,2,3,4,3,2,3,3,3,2
P008548,0.9,padrao_1,moderado,51,3,2,3,2,3,2,3,2,3,2,3,2,2,3,2,3,2,3,2,3
P004059,0.9,padrao_1,moderado,48,3,3,2,3,2,3,2,3,2,3,2,3,1,2,2,3,2,3,2,3
P007581,0.9,padrao_1,moderado,51,3,2,2,3,2,3,3,2,2,3,3,2,2,3,2,3,3,2,2,3
P005183,0.9,padrao_1,moderado,52,3,3,2,3,2,2,3,2,3,3,2,2,3,3,2,3,2,3,2,3
P010140,0.9,padrao_1,moderado,50,3,2,2,3,3,2,3,2,3,2,4,3,3,2,3,2,3,2,3,3
P002820,0.9,padrao_1,sedentário,53,3,2,3,3,2,2,3,2,3,4,2,3,3,2,3,2,3,2,3,4
P000346,0.9,padrao_1,moderado,49,3,3,4,2,3,3,2,3,4,2,3,3,4,2,3,3,2,3,4,2
P000777,0.9,padrao_1,moderado,52,3,3,2,3,2,3,2,2,3,3,2,3,2,3,2,3,2,3,2,3
P001989,0.9,padrao_1,sedentário,51,3,2,3,2,3,2,3,2,2,3,2,3,2,3,2,3,2,3,2,3
P010340,0.9,padrao_1,sedentário,45,3,3,2,3,2,3,2,3,2,4,3,2,3,2,3,2,3,2,3,2
P007090,0.9,padrao_1,moderado,47,3,3,2,3,2,3,2,3,2,3,3,2,3,2,3,3,2,3,2,3
P008960,0.9,padrao_1,ativo,55,3,2,3,4,3,2,3,2,4,3,2,3,3,4,3,2,3,2,4,3
P004391,0.9,padrao_1,moderado,53,3,2,3,3,2,3,2,3,2,3,2,4,2,3,2,3,4,2,3,3
P005687,0.9,padrao_1,sedentário,43,3,3,2,3,4,2,3,3,2,4,3,2,1,3,2,3,2,4,3,2
P001514,0.9,padrao_1,moderado,50,3,3,2,3,2,3,2,3,2,2,3,3,2,3,2,3,2,3,2,3
P006494,0.9,padrao_1,moderado,49,3,3,2,3,2,3,2,2,3,2,3,2,3,2,3,2,3,2,3,2
P006940,0.9,padrao_1,moderado,50,3,3,2,3,2,2,3,2,3,2,3,2,3,2,3,3,2,3,2,3
P006227,0.9,padrao_1,moderado,49,3,2,3,2,3,2,3,2,3,2,3,2,3,2,3,2,3,2,3,2
P003600,0.9,padrao_1,moderado,53,3,4,3,3,2,4,3,2,3,4,3,4,3,2,3,4,3,3,2,4
P004346,0.9,padrao_1,moderado,56,3,3,2,4,3,2,3,2,4,3,2,3,2,4,3,2,4,3,2,3
P000257,0.9,padrao_1,moderado,47,3,3,2,3,3,2,3,3,2,2,3,2,3,3,2,3,2,3,3,2
P002087,0.9,padrao_1,moderado,51,3,3,2,2,3,4,3,2,2,3,3,2,3,2,2,3,4,3,2,3
P009509,0.9,padrao_1,moderado,50,3,3,2,3,2,3,3,2,2,3,2,3,3,2,3,2,3,2,3,2
P009334,0.9,padrao_1,ativo,50,3,2,3,3,2,3,2,3,2,3,2,3,3,2,3,2,3,2,3,2
P002521,0.9,padrao_1,moderado,48,3,3,2,4,3,2,3,4,2,3,3,4,2,3,2,4,3,2,3,4
P010646,0.9,padrao_1,moderado,51,2,3,2,3,2,3,2,3,2,3,2,3,2,3,2,3,2,3,2,3
P004968,0.9,padrao_1,ativo,48,3,3,2,3,2,3,2,3,2,3,2,2,3,2,3,3,2,3,2,3
P001752,0.9,padrao_1,moderado,52,3,3,4,2,3,3,4,3,2,3,2,4,3,2,3,4,3,3,2,3
P003698,0.9,padrao_1,ativo,48,3,3,2,4,3,2,3,4,2,3,3,4,2,3,2,3,4,2,3,2
P010617,0.9,padrao_1,ativo,49,3,3,2,3,2,3,2,3,2,2,3,4,2,3,2,3,2,3,3,2
P001728,0.9,padrao_1,moderado,50,3,2,3,2,2,3,3,2,3,2,3,3,2,2,3,3,2,2,3,3
P009272,0.9,padrao_1,moderado,49,3,2,3,2,3,2,3,2,3,2,3,2,3,2,3,2,3,2,3,2
P007062,0.9,padrao_1,moderado,50,3,2,3,2,3,2,4,3,2,3,4,2,3,2,3,2,4,3,2,3
P004304,0.9,padrao_1,ativo,45,3,2,3,2,4,3,2,3,3,3,4,2,3,3,2,4,2,3,3,2
P010511,0.9,padrao_1,ativo,52,3,2,3,3,2,3,2,4,3,2,3,2,4,3,2,3,2,4,3,2
P003756,0.9,padrao_1,moderado,50,3,3,2,3,2,3,2,3,2,3,2,2,3,4,3,3,2,3,2,3
P000506,0.9,padrao_1,moderado,56,3,3,4,2,3,3,4,2,3,3,2,3,3,4,2,3,4,2,3,3
P009705,0.9,padrao_1,ativo,53,3,3,2,4,3,2,3,2,4,1,3,4,2,3,1,3,2,3,4,2
P006329,0.9,padrao_1,moderado,51,3,3,2,2,4,3,2,3,4,3,2,2,3,3,1,2,3,4,3,2
P006311,0.9,padrao_1,sedentário,48,3,3,4,2,3,2,4,3,3,4,2,3,3,2,4,3,2,4,3,2
P004783,0.9,padrao_1,moderado,52,3,4,3,2,3,4,3,2,3,4,2,3,4,3,2,4,3,2,3,4
P008003,0.9,padrao_1,ativo,53,3,3,4,2,3,2,3,4,3,2,3,4,2,3,3,2,4,3,2,3
P003084,0.9,padrao_1,moderado,48,3,3,2,3,3,2,3,4,2,2,3,3,2,3,2,3,4,2,3,3
P005519,0.9,padrao_1,moderado,50,3,3,2,3,3,2,3,2,3,3,2,3,2,3,3,2,3,2,3,3
P003783,0.9,padrao_1,sedentário,46,3,3,2,4,3,2,3,4,2,3,4,2,3,3,2,4,3,2,3,4
P004330,0.9,padrao_1,ativo,53,3,2,3,2,3,4,3,2,3,3,2,4,3,2,3,4,2,3,2,3
P000280,0.9,padrao_1,moderado,48,3,3,2,3,2,3,2,3,2,3,2,3,2,3,2,3,2,3,3,2
P004036,0.9,padrao_1,moderado,50,3,3,2,3,2,3,2,3,2,3,2,3,2,3,2,3,2,3,2,3
P010681,0.9,padrao_1,moderado,50,3,3,2,3,3,2,3,2,3,2,3,2,4,3,3,2,3,2,4,3
P000180,0.9,padrao_1,moderado,49,3,2,3,2,3,2,3,3,2,3,2,3,2,3,2,2,3,2,3,2
P002794,0.9,padrao_1,sedentário,48,3,4,3,2,3,2,3,2,3,3,4,3,2,3,3,2,4,3,4,3
P005382,0.9,padrao_1,moderado,52,3,3,2,3,3,2,3,2,3,2,3,2,3,4,2,3,2,3,2,3
P006226,0.9,padrao_1,moderado,53,3,2,2,3,3,3,2,2,3,2,2,3,3,2,3,2,2,3,2,3
P004704,0.9,padrao_1,moderado,51,3,3,2,3,2,3,3,2,3,2,3,2,3,2,3,2,3,2,3,3
P005576,0.9,padrao_1,sedentário,54,3,3,2,3,2,4,3,2,3,2,3,4,2,3,4,3,2,3,2,4
P010524,0.9,padrao_1,moderado,51,3,3,4,2,3,2,4,3,2,3,4,2,3,3,2,3,4,3,2,3
P004731,0.9,padrao_1,sedentário,52,3,2,3,2,4,3,2,3,3,2,4,2,3,4,3,2,3,4,2,3
P007685,0.9,padrao_1,moderado,51,2,3,2,3,2,3,2,3,2,3,2,3,2,3,2,3,2,3,2,3
P010225,0.9,padrao_1,ativo,49,3,2,3,2,3,4,2,3,3,2,3,2,3,2,3,2,3,3,4,2
P001923,0.9,padrao_1,moderado,50,3,3,2,2,3,2,4,3,2,3,2,3,2,3,4,2,3,4,3,4
P000753,0.9,padrao_1,moderado,54,3,3,4,2,3,3,2,3,4,3,2,3,4,3,2,3,4,3,3,2
P010579,0.9,padrao_1,moderado,51,3,2,2,3,2,3,2,3,2,3,2,3,2,2,3,2,3,3,2,3
P001555,0.9,padrao_1,moderado,52,3,2,3,3,2,3,2,3,2,3,3,2,2,3,2,2,3,3,2,3
P008323,0.9,padrao_1,moderado,45,3,2,3,2,3,2,2,3,2,3,3,2,3,2,3,2,3,2,3,2
P004019,0.9,padrao_1,ativo,49,2,3,3,2,3,2,3,2,3,2,3,2,3,2,3,2,3,2,3,2
P000765,0.9,padrao_1,sedentário,50,3,3,2,2,4,3,2,3,4,1,2,3,2,4,3,2,3,2,4,3
P005825,0.9,padrao_1,ativo,47,3,4,2,3,4,2,3,3,4,2,3,4,2,3,4,3,2,4,3,2
P003569,0.9,padrao_1,moderado,45,3,3,2,2,3,3,2,4,2,3,2,3,3,2,4,3,2,3,2,3
P003463,0.9,padrao_1,ativo,48,3,3,4,2,3,2,4,3,2,3,4,2,3,3,4,2,3,4,3,2
P008552,0.9,padrao_1,moderado,50,2,3,2,3,2,2,3,2,3,2,3,2,3,2,3,2,3,2,3,2
P001290,0.9,padrao_1,moderado,50,2,3,2,2,3,1,3,2,3,2,2,3,2,3,2,2,3,2,3,2
P001706,0.9,padrao_1,sedentário,50,3,2,2,3,3,2,3,2,3,3,2,3,2,3,2,3,2,3,3,2
P000264,0.9,padrao_1,moderado,49,3,3,2,3,2,3,2,3,2,3,2,3,2,3,2,3,3,2,3,3
P009654,0.9,padrao_1,moderado,48,3,2,3,2,3,2,3,2,3,2,3,1,3,2,3,2,3,2,3,2
P000478,0.9,padrao_1,moderado,54,3,2,3,2,3,2,3,2,3,1,2,3,2,3,2,3,2,3,2,3
P009184,0.9,padrao_1,moderado,52,3,2,3,3,2,2,3,3,2,3,2,2,3,3,2,2,3,2,3,3
P005945,0.9,padrao_1,moderado,53,3,2,3,2,3,2,3,2,3,2,3,2,3,4,2,3,2,3,2,3
P004670,0.9,padrao_1,moderado,50,3,3,3,4,2,3,3,4,2,3,3,4,2,3,3,4,2,3,3,4
P002356,0.9,padrao_1,moderado,53,3,3,4,2,3,2,4,3,3,2,4,3,4,3,3,2,4,3,3,2
P001144,0.9,padrao_1,moderado,49,3,4,3,2,3,2,3,1,3,2,4,3,3,2,4,2,3,4,4,3
P004526,0.9,padrao_1,moderado,51,3,2,3,2,3,2,3,2,2,3,2,3,2,3,2,3,2,3,2,3
P005401,0.9,padrao_1,sedentário,47,3,3,2,3,2,2,3,4,2,3,2,3,4,2,3,3,2,2,3,3
P006873,0.9,padrao_1,sedentário,49,3,4,3,2,3,4,3,2,3,2,4,3,3,2,3,4,2,3,2,3
P004700,0.9,padrao_1,sedentário,53,3,3,4,2,3,3,2,3,4,3,2,3,2,3,4,2,3,4,2,3
P001926,0.9,padrao_1,ativo,48,3,2,3,3,2,3,2,3,2,3,2,3,3,2,3,3,2,3,4,2
P001445,0.9,padrao_1,moderado,51,3,3,2,3,2,3,2,2,3,2,2,3,3,2,3,2,3,2,3,2
P004398,0.9,padrao_1,moderado,47,3,3,2,2,3,2,3,2,3,2,4,3,2,3,2,3,2,3,3,2
P006029,0.9,padrao_1,moderado,50,3,3,2,3,2,3,2,2,3,4,3,2,3,3,4,2,3,3,2,3
P003328,0.9,padrao_1,moderado,48,2,3,2,3,3,2,4,3,2,3,4,2,3,2,3,2,4,3,3,2
P007362,0.9,padrao_1,moderado,56,3,3,2,4,3,4,3,2,3,3,4,2,3,4,2,3,4,3,2,4
P006660,0.9,padrao_1,moderado,54,3,4,3,3,2,4,3,2,3,2,4,3,2,4,3,2,3,4,3,2
P010409,0.9,padrao_1,moderado,50,3,3,2,2,4,3,3,2,4,3,2,3,4,2,3,2,3,3,4,2
P000897,0.9,padrao_1,moderado,48,3,3,2,3,3,2,4,3,2,3,2,3,3,2,4,2,3,2,3,3
P006719,0.9,padrao_1,moderado,51,3,3,2,3,2,3,2,2,2,3,2,3,2,3,2,3,2,3,2,3
P002524,0.9,padrao_1,moderado,51,3,2,3,2,3,2,3,2,3,2,3,2,3,2,3,2,3,2,2,3
P004506,0.9,padrao_1,moderado,47,3,3,2,3,2,3,2,4,3,2,3,2,3,2,3,2,3,2,3,2
P001604,0.9,padrao_1,moderado,46,3,3,2,2,3,2,3,2,3,4,3,4,2,2,3,3,2,3,2,2
P010708,0.9,padrao_1,sedentário,49,3,3,2,3,2,3,2,3,4,2,3,2,3,3,2,4,3,2,3,2
P001510,0.9,padrao_1,moderado,49,3,3,2,4,3,2,3,2,3,2,3,4,3,2,3,4,2,3,4,3
P009946,0.9,padrao_1,moderado,49,3,3,2,2,3,2,3,2,3,2,4,3,2,4,3,2,3,2,3,3
P002885,0.9,padrao_1,moderado,54,3,3,2,3,3,2,4,2,3,3,2,3,3,4,2,3,2,3,2,3
P010412,0.9,padrao_1,sedentário,52,3,3,4,3,2,3,2,4,2,3,2,3,4,3,2,3,4,2,3,2
P000082,0.9,padrao_1,moderado,50,3,3,2,3,2,3,2,3,2,3,2,3,2,3,2,3,2,3,2,3
P001660,0.9,padrao_1,ativo,51,2,3,2,3,2,3,2,3,2,3,2,3,2,3,2,3,2,3,2,3
P002316,0.9,padrao_1,moderado,53,3,3,2,3,4,2,3,2,3,2,3,4,2,3,2,3,3,4,2,3
P001868,0.9,padrao_1,moderado,50,3,3,2,3,2,3,3,2,3,2,3,2,3,2,3,2,3,2,3,2
P010428,0.9,padrao_1,moderado,50,3,3,2,3,2,3,2,3,4,3,2,3,2,3,3,2,3,2,3,2
P002779,0.9,padrao_1,moderado,50,3,3,2,3,2,3,2,3,2,3,2,3,2,3,2,3,2,3,2,3
P002141,0.9,padrao_1,moderado,53,3,3,2,3,2,2,3,2,3,2,3,4,3,2,3,2,2,3,2,3
P005449,0.9,padrao_1,moderado,48,3,3,2,3,2,3,2,3,2,3,3,2,3,2,3,2,2,3,2,3
P009650,0.9,padrao_1,moderado,52,2,3,3,2,3,2,3,2,3,2,3,3,2,3,2,3,2,3,2,3
P000677,0.9,padrao_1,sedentário,51,3,2,3,2,3,2,3,4,2,3,2,3,3,2,3,2,3,4,2,3
P007356,0.9,padrao_1,moderado,49,3,3,2,4,3,3,2,4,3,2,3,3,4,2,3,4,3,2,3,4
P004516,0.9,padrao_1,moderado,46,3,4,3,2,3,2,4,3,2,3,2,4,3,2,3,3,2,3,4,2
P000414,0.9,padrao_1,moderado,59,3,2,3,4,3,2,4,2,3,2,4,3,4,3,2,3,4,3,2,4
P006738,0.9,padrao_1,moderado,45,3,4,3,2,3,4,3,2,2,3,4,3,2,3,4,3,2,3,4,3
P001398,0.9,padrao_1,sedentário,52,3,2,3,2,3,2,3,2,3,3,2,3,2,3,2,3,2,3,2,3
P001570,0.9,padrao_1,moderado,52,3,3,2,4,3,3,2,3,2,3,2,3,4,3,4,2,3,3,2,3
P005312,0.9,padrao_1,moderado,56,3,3,2,4,3,2,3,2,4,3,2,4,3,3,2,3,4,2,3,4
P008948,0.9,padrao_1,moderado,50,3,3,2,3,2,3,2,3,2,3,2,3,2,3,2,3,2,3,2,3
P003262,0.9,padrao_1,moderado,51,3,2,2,3,2,3,2,3,2,3,2,3,2,3,2,3,2,3,2,3
P008563,0.9,padrao_1,sedentário,52,3,3,2,4,2,3,4,3,2,3,2,3,4,2,3,4,3,2,3,4
P003961,0.9,padrao_1,moderado,48,3,3,2,3,2,3,2,3,2,3,2,3,2,3,2,3,3,2,3,2
P001085,0.9,padrao_1,sedentário,52,3,2,4,2,3,3,3,2,4,3,4,2,3,3,2,4,3,2,3,4
P006685,0.9,padrao_1,moderado,50,3,3,2,4,3,2,3,2,3,2,4,3,2,3,4,3,2,3,2,4
P002295,0.9,padrao_1,moderado,50,3,3,2,3,2,3,2,3,2,3,2,3,2,3,2,3,2,3,2,3
P006032,0.9,padrao_1,moderado,50,3,3,2,3,2,3,2,3,2,2,3,2,3,3,2,3,3,2,2,3
P002442,0.9,padrao_1,moderado,43,3,3,2,3,2,3,2,3,2,4,3,2,3,2,4,3,3,2,3,2
P009015,0.9,padrao_1,moderado,53,3,2,4,3,2,4,3,1,4,3,2,3,1,2,4,3,2,1,3,4
P005432,0.9,padrao_1,moderado,49,3,4,2,3,2,3,4,3,2,2,3,4,3,2,4,3,2,4,3,2
P010793,0.9,padrao_1,moderado,48,3,3,2,2,3,3,2,3,2,3,2,3,2,3,2,3,2,3,2,3
P005570,0.9,padrao_1,moderado,51,3,2,3,2,3,2,3,2,3,2,4,2,3,3,2,3,2,3,2,3
P002164,0.9,padrao_1,moderado,53,3,2,3,2,3,4,2,3,2,3,2,3,4,2,3,3,4,3,2,3
P001389,0.9,padrao_1,moderado,48,3,3,2,2,3,2,3,2,3,1,3,2,2,2,3,3,2,3,2,3
P010590,0.9,padrao_1,moderado,50,3,3,2,3,2,3,2,3,3,2,2,3,3,2,2,3,3,2,3,2
P008217,0.9,padrao_1,moderado,50,3,2,3,2,3,2,3,3,2,3,2,3,2,3,2,3,2,3,2,3
P003882,0.9,padrao_1,sedentário,53,3,3,2,4,3,2,3,4,3,2,3,2,3,4,3,2,3,4,2,3
P009181,0.9,padrao_1,moderado,51,3,3,2,2,3,2,3,2,4,2,3,3,2,3,2,2,3,1,2,3
P000984,0.9,padrao_1,moderado,51,3,3,2,3,2,2,3,2,3,4,2,3,3,2,3,2,3,4,3,2
